{
"type": "FeatureCollection",
"name": "amazon_system",
"crs": { "type": "name", "properties": { "name": "urn:ogc:def:crs:OGC:1.3:CRS84" } },
"features": [
{ "type": "Feature", "properties": { "name": "amazon_system", "source": "HydroBASINS lev03 Amazon UNION RESOLVE Ecoregions 2017 Amazonia" }, "geometry": { "type": "MultiPolygon", "coordinates": [ [ [ [ -50.440154546999963, -10.353639246999933 ], [ -50.428573605999929, -10.32374535699995 ], [ -50.420478531999947, -10.285810036999919 ], [ -50.421085548999883, -10.267882151999913 ], [ -50.396984559999964, -10.283603081999843 ], [ -50.398391545999971, -10.288076838999871 ], [ -50.402984493999952, -10.32943784299988 ], [ -50.418052473999921, -10.367384227999935 ], [ -50.414558560999922, -10.369680197999855 ], [ -50.406417553999859, -10.373111916999846 ], [ -50.396083504999865, -10.375882806999869 ], [ -50.399688561999881, -10.381913082999915 ], [ -50.465183579999916, -10.378068471999882 ], [ -50.506824539999968, -10.352828381999871 ], [ -50.596477543999924, -10.322051541999883 ], [ -50.622554482999874, -10.308996224999873 ], [ -50.664302562999922, -10.317822704999912 ], [ -50.65761548099988, -10.312529029999894 ], [ -50.645996486999877, -10.302168661999929 ], [ -50.634361566999985, -10.299864811999839 ], [ -50.598319550999918, -10.307878414999948 ], [ -50.571578597999917, -10.321630435999964 ], [ -50.552970604999928, -10.326208965999967 ], [ -50.543670547999966, -10.329650910999931 ], [ -50.540183508999917, -10.329646887999957 ], [ -50.528549594999959, -10.328481802999931 ], [ -50.521575515999871, -10.330771738999942 ], [ -50.510917590999895, -10.325682247999907 ], [ -50.493476526999928, -10.32566229899993 ], [ -50.462058470999978, -10.341721186999962 ], [ -50.444595613999979, -10.35664298599994 ], [ -50.440154546999963, -10.353639246999933 ] ] ], [ [ [ -78.3256429036458, -0.639635043674018 ], [ -78.324357096354134, -0.635364956325928 ], [ -78.321476236979137, -0.631301710340685 ], [ -78.320190429687472, -0.624678209092855 ], [ -78.324393717447876, -0.61875 ], [ -78.321476236979137, -0.614635043674018 ], [ -78.320190429687472, -0.610364956325927 ], [ -78.31730957031246, -0.606301710340685 ], [ -78.316666666666634, -0.575 ], [ -78.308333333333294, -0.575 ], [ -78.297575547960037, -0.57535332573782 ], [ -78.294091118706561, -0.578813340928792 ], [ -78.291666666666629, -0.579166666666639 ], [ -78.291313340928781, -0.576742214626709 ], [ -78.279519992404474, -0.564924452039903 ], [ -78.278813340928778, -0.555908881293375 ], [ -78.275353325737811, -0.552424452039903 ], [ -78.274646674262115, -0.547575547960041 ], [ -78.271186659071148, -0.544091118706569 ], [ -78.270480007595452, -0.535075547960042 ], [ -78.267019992404471, -0.531591118706569 ], [ -78.266313340928789, -0.510075547960041 ], [ -78.250353325737805, -0.494091118706569 ], [ -78.249645996093719, -0.472549099392333 ], [ -78.235757785373224, -0.458686659071152 ], [ -78.233333333333292, -0.458333333333305 ], [ -78.23368665907114, -0.443408881293374 ], [ -78.237146674262121, -0.439924452039902 ], [ -78.237853325737817, -0.435075547960041 ], [ -78.24754774305552, -0.425354851616725 ], [ -78.254166666666634, -0.425 ], [ -78.254166666666634, -0.408333333333304 ], [ -78.253315904405341, -0.405017598470023 ], [ -78.24778951009111, -0.403599378797714 ], [ -78.242322455512124, -0.39904022216794 ], [ -78.241099378797713, -0.385289510091117 ], [ -78.237103949652749, -0.380134412977402 ], [ -78.230017428927908, -0.378315734863252 ], [ -78.228599378797711, -0.372789510091116 ], [ -78.225567287868884, -0.368877156575492 ], [ -78.224149237738686, -0.363350931803356 ], [ -78.218622843424441, -0.361932712131047 ], [ -78.213204277886248, -0.357413906521238 ], [ -78.211932712131045, -0.347789510091117 ], [ -78.204733954535556, -0.339710489908825 ], [ -78.203599378797705, -0.33112284342445 ], [ -78.200567287868893, -0.327210489908825 ], [ -78.199149237738681, -0.321684265136689 ], [ -78.19224887424042, -0.319913397894936 ], [ -78.191666666666634, -0.279166666666637 ], [ -78.191666666666634, -0.275 ], [ -78.190815904405341, -0.271684265136689 ], [ -78.1875, -0.270833333333303 ], [ -78.1875, -0.266666666666637 ], [ -78.187853325737805, -0.260075547960039 ], [ -78.191652086045977, -0.25625 ], [ -78.187853325737805, -0.252424452039901 ], [ -78.18714667426211, -0.227453782823321 ], [ -78.191313340928787, -0.223257785373233 ], [ -78.191666666666634, -0.208333333333303 ], [ -78.188350762261251, -0.207482401529917 ], [ -78.1875, -0.204166666666636 ], [ -78.18714667426211, -0.201742214626706 ], [ -78.179519992404479, -0.194091118706567 ], [ -78.179166666666632, -0.191666666666636 ], [ -78.16840888129336, -0.191313340928789 ], [ -78.154521348741284, -0.17745140923391 ], [ -78.154166666666626, -0.170833333333303 ], [ -78.143408881293368, -0.170480007595455 ], [ -78.139213053385376, -0.166313340928788 ], [ -78.135075547960028, -0.167019992404483 ], [ -78.123257785373227, -0.178813340928789 ], [ -78.108333333333292, -0.179166666666636 ], [ -78.107766045464373, -0.18137715657549 ], [ -78.1039893256293, -0.186250305175751 ], [ -78.099253336588504, -0.188067287868893 ], [ -78.093877156575488, -0.183900621202226 ], [ -78.090920003255178, -0.182766045464379 ], [ -78.085416666666632, -0.187031216091549 ], [ -78.081377156575485, -0.183900621202226 ], [ -78.071720716688333, -0.182624816894501 ], [ -78.069982571072018, -0.175850931803355 ], [ -78.064456176757773, -0.174432712131046 ], [ -78.05903761121958, -0.169913906521237 ], [ -78.057766045464376, -0.160289510091115 ], [ -78.05473395453555, -0.15637715657549 ], [ -78.053599378797699, -0.153420003255178 ], [ -78.057766045464376, -0.148043823242157 ], [ -78.058333333333294, -0.145833333333302 ], [ -78.05195617675777, -0.145266045464379 ], [ -78.048043823242153, -0.142233954535559 ], [ -78.043622843424444, -0.141099378797712 ], [ -78.038246663411414, -0.136932712131046 ], [ -78.022789510091101, -0.138067287868893 ], [ -78.017803955078094, -0.14193132188582 ], [ -78.015747070312457, -0.13391621907549 ], [ -78.006377156575482, -0.125567287868892 ], [ -78.000708346896658, -0.124112616644934 ], [ -77.999295722113672, -0.113419426812035 ], [ -77.993877156575479, -0.108900621202225 ], [ -77.991666666666646, -0.108333333333318 ], [ -77.992196146647117, -0.101918538411443 ], [ -77.999470520019514, -0.09391479492186 ], [ -78.000529479980443, -0.086559380425332 ], [ -77.996229214138438, -0.08125 ], [ -77.999470520019514, -0.077248128255193 ], [ -78.000529479980443, -0.072751871744776 ], [ -78.004648674858913, -0.067665947808144 ], [ -78.003280300564214, -0.063272433810749 ], [ -77.997751702202663, -0.061970350477415 ], [ -77.992264980739989, -0.057249281141478 ], [ -77.991137186686174, -0.043585205078109 ], [ -77.98802947998044, -0.039748128255193 ], [ -77.986970520019511, -0.028226047091998 ], [ -77.991137186686174, -0.023081461588526 ], [ -77.991666666666646, 0.016666666666683 ], [ -77.991313340928798, 0.019091118706613 ], [ -77.987853325737831, 0.022575547960086 ], [ -77.9875, 0.025 ], [ -77.995833333333294, 0.025 ], [ -77.996186659071157, 0.027424452039947 ], [ -77.999646674262124, 0.030908881293419 ], [ -78.0, 0.03333333333335 ], [ -78.002424452039904, 0.033686659071197 ], [ -78.007978481716563, 0.039213053385433 ], [ -78.008333333333297, 0.04583333333335 ], [ -78.007975769042943, 0.048287285698801 ], [ -77.989924452039915, 0.066313340928836 ], [ -77.9875, 0.066666666666683 ], [ -77.9875, 0.07083333333335 ], [ -77.987146674262135, 0.085757785373281 ], [ -77.979519992404491, 0.09340888129342 ], [ -77.978813340928795, 0.097546386718767 ], [ -77.982980007595458, 0.101742214626753 ], [ -77.983686659071154, 0.1058797200521 ], [ -77.979519992404491, 0.110075547960086 ], [ -77.978813340928795, 0.114924452039948 ], [ -77.975353325737828, 0.11840888129342 ], [ -77.974646674262132, 0.135757785373281 ], [ -77.971186659071165, 0.139242214626754 ], [ -77.970480007595469, 0.148257785373281 ], [ -77.967019992404488, 0.151742214626753 ], [ -77.96666666666664, 0.158333333333351 ], [ -77.950913323296419, 0.158940972222239 ], [ -77.95, 0.1625 ], [ -77.949646674262127, 0.164924452039948 ], [ -77.946186659071159, 0.16840888129342 ], [ -77.945833333333312, 0.170833333333351 ], [ -77.945190599229576, 0.172968207465295 ], [ -77.941377427842866, 0.178346082899323 ], [ -77.925685628255181, 0.17994689941408 ], [ -77.925, 0.2 ], [ -77.918622843424458, 0.200567287868942 ], [ -77.914710489908828, 0.203599378797761 ], [ -77.875915696885826, 0.204765150282136 ], [ -77.874432712131053, 0.210543823242205 ], [ -77.871400621202241, 0.21445617675783 ], [ -77.870833333333309, 0.225 ], [ -77.870480007595461, 0.227424452039949 ], [ -77.850353325737828, 0.247575547960087 ], [ -77.849644470214827, 0.256619601779532 ], [ -77.839924452039909, 0.266313340928838 ], [ -77.835075547960045, 0.267019992404532 ], [ -77.831591118706569, 0.270480007595504 ], [ -77.829166666666637, 0.270833333333352 ], [ -77.830017598470022, 0.274149237738734 ], [ -77.835543823242162, 0.275567287868942 ], [ -77.839456176757793, 0.278599378797761 ], [ -77.845172119140599, 0.28006625705297 ], [ -77.846400621202235, 0.293877156575539 ], [ -77.849432712131048, 0.297789510091164 ], [ -77.85, 0.3 ], [ -77.849642266167507, 0.302454291449672 ], [ -77.835757785373247, 0.316313340928838 ], [ -77.830908881293382, 0.317019992404532 ], [ -77.827424452039907, 0.320480007595505 ], [ -77.825, 0.320833333333352 ], [ -77.825, 0.329166666666685 ], [ -77.824646674262127, 0.331591118706616 ], [ -77.821186659071159, 0.335075547960088 ], [ -77.820480007595464, 0.339924452039949 ], [ -77.817019992404497, 0.343408881293422 ], [ -77.816313340928801, 0.348257785373283 ], [ -77.808686659071157, 0.355908881293422 ], [ -77.807980007595461, 0.360757785373283 ], [ -77.795847066243468, 0.372915988498283 ], [ -77.799985419379311, 0.377083333333352 ], [ -77.796186659071154, 0.380908881293422 ], [ -77.795833333333306, 0.383333333333352 ], [ -77.796186659071154, 0.385757785373283 ], [ -77.799646674262135, 0.389242214626755 ], [ -77.800353325737831, 0.394091118706617 ], [ -77.812146674262124, 0.405908881293422 ], [ -77.812853325737819, 0.410046386718769 ], [ -77.808686659071157, 0.414242214626756 ], [ -77.808333333333309, 0.429166666666686 ], [ -77.805908881293377, 0.429519992404534 ], [ -77.796191067165779, 0.439211697048631 ], [ -77.795480007595458, 0.444091118706617 ], [ -77.783686659071151, 0.455908881293423 ], [ -77.783333333333303, 0.458333333333353 ], [ -77.782980007595455, 0.460757785373284 ], [ -77.758686659071159, 0.485075547960089 ], [ -77.757980007595464, 0.489924452039951 ], [ -77.754181247287306, 0.49375 ], [ -77.758319769965254, 0.497917683919291 ], [ -77.737853325737817, 0.518408881293423 ], [ -77.737146674262135, 0.523257785373284 ], [ -77.729519992404491, 0.530908881293423 ], [ -77.729166666666643, 0.533333333333354 ], [ -77.722575547960048, 0.533686659071201 ], [ -77.706591118706569, 0.549646674262173 ], [ -77.701742214626705, 0.550353325737868 ], [ -77.698257785373244, 0.55381334092884 ], [ -77.693408881293379, 0.554519992404535 ], [ -77.685757785373241, 0.562146674262173 ], [ -77.680908881293377, 0.562853325737868 ], [ -77.675355699327227, 0.5683787027995 ], [ -77.674646674262135, 0.577424452039951 ], [ -77.667019992404491, 0.58507554796009 ], [ -77.666313340928795, 0.594091118706618 ], [ -77.662853325737828, 0.597575547960091 ], [ -77.6625, 0.6 ], [ -77.666666666666643, 0.6 ], [ -77.667579989963087, 0.596440972222243 ], [ -77.683333333333309, 0.595833333333354 ], [ -77.683686659071157, 0.602424452039951 ], [ -77.691313340928801, 0.61007554796009 ], [ -77.691666666666649, 0.616666666666688 ], [ -77.692019992404482, 0.619091118706618 ], [ -77.695480007595464, 0.622575547960091 ], [ -77.695833333333312, 0.625 ], [ -77.695266045464379, 0.631377156575542 ], [ -77.692233954535567, 0.635289510091167 ], [ -77.691005452473931, 0.649100409613736 ], [ -77.685289510091124, 0.650567287868945 ], [ -77.67721048990883, 0.657766045464431 ], [ -77.672789510091121, 0.658900621202279 ], [ -77.668877156575491, 0.661932712131098 ], [ -77.664456176757781, 0.663067287868945 ], [ -77.656377156575502, 0.670266045464431 ], [ -77.646752760145375, 0.67153761121964 ], [ -77.641349962022545, 0.678016153971376 ], [ -77.649149068196593, 0.680017428927973 ], [ -77.650887383355013, 0.68679165310332 ], [ -77.661612616644945, 0.688208346896723 ], [ -77.663067287868898, 0.693877156575542 ], [ -77.666099378797725, 0.697789510091168 ], [ -77.667233954535561, 0.702210489908876 ], [ -77.671400621202238, 0.707586669921897 ], [ -77.670205518934438, 0.728258599175369 ], [ -77.666666666666643, 0.729166666666689 ], [ -77.655908881293385, 0.728813340928841 ], [ -77.652083333333309, 0.725014580620682 ], [ -77.647546217176625, 0.729519992404536 ], [ -77.639242214626705, 0.728813340928841 ], [ -77.635757785373244, 0.725353325737869 ], [ -77.629166666666634, 0.725 ], [ -77.625, 0.725 ], [ -77.624086676703527, 0.7285590277778 ], [ -77.608333333333306, 0.729166666666689 ], [ -77.601956176757781, 0.729733954535612 ], [ -77.598043823242165, 0.732766045464432 ], [ -77.574253336588512, 0.733900621202279 ], [ -77.568877156575496, 0.729733954535612 ], [ -77.565920003255187, 0.728599378797765 ], [ -77.560543823242156, 0.732766045464432 ], [ -77.556122843424447, 0.733900621202279 ], [ -77.55221048990883, 0.736932712131098 ], [ -77.547789510091121, 0.738067287868946 ], [ -77.531377156575502, 0.753599378797765 ], [ -77.522789510091116, 0.754733954535613 ], [ -77.518877156575499, 0.757766045464432 ], [ -77.510289510091127, 0.758900621202279 ], [ -77.506377156575496, 0.761932712131099 ], [ -77.496720716688344, 0.763208346896723 ], [ -77.49526604546439, 0.768877156575543 ], [ -77.492233954535564, 0.772789510091168 ], [ -77.490815734863261, 0.778315904405404 ], [ -77.48418426513669, 0.780017428927974 ], [ -77.482766045464388, 0.78554382324221 ], [ -77.479733954535561, 0.789456176757835 ], [ -77.479166666666643, 0.791666666666689 ], [ -77.468408881293371, 0.792019992404537 ], [ -77.464212883843288, 0.796186659071203 ], [ -77.443408881293379, 0.795480007595509 ], [ -77.435757785373241, 0.78785332573787 ], [ -77.425, 0.7875 ], [ -77.422789510091121, 0.788067287868946 ], [ -77.414710489908828, 0.795266045464432 ], [ -77.410289510091118, 0.79640062120228 ], [ -77.402210489908825, 0.803599378797766 ], [ -77.396684265136685, 0.805017428927974 ], [ -77.3958333333333, 0.808333333333356 ], [ -77.393408881293382, 0.808686659071203 ], [ -77.387855021158828, 0.814212714301238 ], [ -77.387146674262127, 0.826713053385439 ], [ -77.39165208604598, 0.83125 ], [ -77.387853325737822, 0.835075547960092 ], [ -77.3875, 0.845833333333356 ], [ -77.388350931803359, 0.849149237738738 ], [ -77.394982401529916, 0.850850762261308 ], [ -77.3958333333333, 0.85416666666669 ], [ -77.396684265136685, 0.857482571072071 ], [ -77.403427971733919, 0.859212917751759 ], [ -77.404733954535558, 0.867413330078148 ], [ -77.400567287868896, 0.872789510091169 ], [ -77.399432712131045, 0.877210489908877 ], [ -77.396400621202233, 0.881122843424502 ], [ -77.3958333333333, 0.883333333333356 ], [ -77.376742214626702, 0.883686659071204 ], [ -77.371189032660567, 0.889212036132836 ], [ -77.370480007595461, 0.898257785373287 ], [ -77.367019992404494, 0.90174221462676 ], [ -77.366666666666646, 0.90416666666669 ], [ -77.366313340928798, 0.906591118706621 ], [ -77.362853325737817, 0.910075547960093 ], [ -77.362146674262121, 0.914924452039954 ], [ -77.354519992404491, 0.922575547960093 ], [ -77.354166666666643, 0.9375 ], [ -77.335075547960045, 0.937853325737871 ], [ -77.331591118706569, 0.941313340928843 ], [ -77.329166666666637, 0.94166666666669 ], [ -77.328813340928789, 0.948257785373288 ], [ -77.321186659071159, 0.955908881293427 ], [ -77.320480007595464, 0.960046386718774 ], [ -77.324646674262127, 0.96424221462676 ], [ -77.325, 0.97916666666669 ], [ -77.31862284342445, 0.979733954535614 ], [ -77.314710489908833, 0.982766045464434 ], [ -77.305054050021667, 0.984041680230059 ], [ -77.303267076280349, 0.991005452473983 ], [ -77.289456176757781, 0.992233954535614 ], [ -77.284079996744765, 0.996400621202281 ], [ -77.276956176757778, 0.995266045464434 ], [ -77.267603895399276, 0.9869327121311 ], [ -77.26445617675779, 0.988067287868948 ], [ -77.260543823242159, 0.991099378797767 ], [ -77.251956176757787, 0.992233954535614 ], [ -77.248043823242156, 0.995266045464434 ], [ -77.245833333333309, 0.995833333333358 ], [ -77.245215691460473, 1.002160305447073 ], [ -77.241335550943987, 1.007471720377628 ], [ -77.229960801866298, 1.00912746853301 ], [ -77.228549024793807, 1.01882697211374 ], [ -77.225617641872802, 1.022839694552976 ], [ -77.224382358127144, 1.027160305447073 ], [ -77.220719401041634, 1.032174682617212 ], [ -77.213176981608044, 1.034330919053844 ], [ -77.211882358127141, 1.05632697211374 ], [ -77.208950975206136, 1.060339694552976 ], [ -77.207715691460479, 1.06882697211374 ], [ -77.204052734374969, 1.073841349283879 ], [ -77.196759711371499, 1.075926378038219 ], [ -77.195833333333312, 1.079166666666691 ], [ -77.195266045464379, 1.089710489908879 ], [ -77.192233954535567, 1.093622843424504 ], [ -77.191099378797716, 1.098785061306449 ], [ -77.199392530653185, 1.100913492838567 ], [ -77.2, 1.116666666666692 ], [ -77.2, 1.129166666666692 ], [ -77.199646674262127, 1.152424452039956 ], [ -77.196186659071145, 1.155908881293428 ], [ -77.195480007595464, 1.160757785373289 ], [ -77.192019992404482, 1.164242214626761 ], [ -77.191666666666634, 1.166666666666692 ], [ -77.189456176757787, 1.167233954535616 ], [ -77.184301079644072, 1.171229214138481 ], [ -77.182482401529924, 1.178315734863307 ], [ -77.176956176757784, 1.179733954535616 ], [ -77.171801079644069, 1.18372921413848 ], [ -77.170266045464388, 1.18971048990888 ], [ -77.165687561035128, 1.195200602213567 ], [ -77.147789510091116, 1.196400621202283 ], [ -77.142634412977401, 1.200395880805147 ], [ -77.141666666666637, 1.204166666666692 ], [ -77.13945617675779, 1.204733954535616 ], [ -77.131377156575496, 1.211932712131102 ], [ -77.125850762261251, 1.213350931803411 ], [ -77.125, 1.216666666666693 ], [ -77.120833333333309, 1.216666666666693 ], [ -77.120266045464376, 1.214456176757838 ], [ -77.117233954535564, 1.210543823242213 ], [ -77.116028849283822, 1.192572360568602 ], [ -77.110289510091121, 1.191099378797769 ], [ -77.106377156575491, 1.188067287868949 ], [ -77.097789510091118, 1.186932712131102 ], [ -77.089710489908825, 1.179733954535616 ], [ -77.0875, 1.179166666666692 ], [ -77.086594306098064, 1.182695685492647 ], [ -77.06862284342445, 1.183900621202282 ], [ -77.064710489908819, 1.186932712131102 ], [ -77.06028951009111, 1.188067287868949 ], [ -77.05221048990883, 1.195266045464435 ], [ -77.034239027235216, 1.196470981174071 ], [ -77.032766045464385, 1.20221048990888 ], [ -77.029733954535558, 1.206122843424505 ], [ -77.02916666666664, 1.208333333333359 ], [ -77.028808932834167, 1.210787794325113 ], [ -77.014924452039907, 1.224646674262179 ], [ -76.997575547960039, 1.225353325737873 ], [ -76.993379720052047, 1.22951999240454 ], [ -76.989242214626699, 1.228813340928845 ], [ -76.985416666666637, 1.225014580620686 ], [ -76.981591118706561, 1.228813340928845 ], [ -76.979166666666643, 1.229166666666693 ], [ -76.978599378797711, 1.235543823242213 ], [ -76.975567287868898, 1.239456176757839 ], [ -76.974432712131048, 1.248043823242214 ], [ -76.971400621202221, 1.251956176757839 ], [ -76.970266045464385, 1.254913330078151 ], [ -76.974432712131048, 1.260289510091172 ], [ -76.975567287868898, 1.264710489908881 ], [ -76.978599378797711, 1.268622843424505 ], [ -76.979733954535561, 1.275746663411485 ], [ -76.975567287868898, 1.281122843424506 ], [ -76.974119059244757, 1.28676588270402 ], [ -76.965729437934002, 1.28806728786895 ], [ -76.956377156575485, 1.279733954535617 ], [ -76.93871493869355, 1.278599378797769 ], [ -76.936932712131039, 1.285543823242214 ], [ -76.929733954535564, 1.293622843424506 ], [ -76.928599378797713, 1.298043823242214 ], [ -76.924603949652749, 1.303198920355929 ], [ -76.918622843424444, 1.304733954535617 ], [ -76.913467746310729, 1.308729214138482 ], [ -76.911932712131048, 1.314710489908881 ], [ -76.908900621202221, 1.318622843424506 ], [ -76.908333333333303, 1.32083333333336 ], [ -76.908686659071151, 1.323257785373291 ], [ -76.924986436631912, 1.339582316080756 ], [ -76.921186659071154, 1.34340888129343 ], [ -76.920480007595458, 1.351712883843343 ], [ -76.924646674262121, 1.35590888129343 ], [ -76.925353325737817, 1.373257785373291 ], [ -76.928813340928784, 1.376742214626763 ], [ -76.929166666666632, 1.4 ], [ -76.925850762261248, 1.400850931803413 ], [ -76.92443271213105, 1.406377156575548 ], [ -76.921400621202224, 1.410289510091173 ], [ -76.920266045464373, 1.418877156575548 ], [ -76.917233954535561, 1.422789510091174 ], [ -76.916666666666629, 1.429166666666694 ], [ -76.919982571072012, 1.43001759847008 ], [ -76.921684095594586, 1.436649068196642 ], [ -76.925, 1.4375 ], [ -76.925353325737817, 1.473257785373292 ], [ -76.928813340928784, 1.476742214626764 ], [ -76.929166666666632, 1.483333333333361 ], [ -76.929166666666632, 1.4875 ], [ -76.929166666666632, 1.5 ], [ -76.914456176757781, 1.500567287868952 ], [ -76.910543823242151, 1.503599378797771 ], [ -76.906122843424441, 1.504733954535618 ], [ -76.898043823242162, 1.511932712131105 ], [ -76.892517428927917, 1.513350931803414 ], [ -76.890747748480877, 1.520247226291261 ], [ -76.858333333333306, 1.520833333333361 ], [ -76.857766045464373, 1.523043823242216 ], [ -76.854733954535561, 1.526956176757841 ], [ -76.853599378797711, 1.548785061306452 ], [ -76.858333333333306, 1.55 ], [ -76.857980007595458, 1.564924452039959 ], [ -76.854519992404477, 1.568408881293431 ], [ -76.853813340928795, 1.573257785373293 ], [ -76.842019992404488, 1.585075547960098 ], [ -76.841313340928792, 1.58992445203996 ], [ -76.837853325737811, 1.593408881293432 ], [ -76.837146674262115, 1.606591118706626 ], [ -76.833347913953958, 1.610416666666696 ], [ -76.837146674262115, 1.614242214626765 ], [ -76.837853325737811, 1.619091118706626 ], [ -76.845480007595455, 1.626742214626765 ], [ -76.845833333333303, 1.629166666666696 ], [ -76.848257785373235, 1.629519992404543 ], [ -76.853808593749974, 1.635043165418866 ], [ -76.854166666666629, 1.6375 ], [ -76.853813340928795, 1.648257785373293 ], [ -76.850353325737814, 1.651742214626765 ], [ -76.849646674262118, 1.656591118706626 ], [ -76.846186659071151, 1.660075547960099 ], [ -76.845480007595455, 1.669091118706627 ], [ -76.837853325737811, 1.676742214626766 ], [ -76.8375, 1.679166666666696 ], [ -76.8333333333333, 1.679166666666696 ], [ -76.829166666666637, 1.679166666666696 ], [ -76.828505452473934, 1.686600409613745 ], [ -76.825, 1.6875 ], [ -76.824100409613678, 1.691005452473988 ], [ -76.81028951009111, 1.69223395453562 ], [ -76.804870944552917, 1.696752760145429 ], [ -76.803599378797713, 1.706377156575551 ], [ -76.792233954535561, 1.718622843424509 ], [ -76.791099378797711, 1.723043823242218 ], [ -76.788067287868898, 1.726956176757843 ], [ -76.7875, 1.733333333333363 ], [ -76.780066257052923, 1.733994547526072 ], [ -76.778599378797708, 1.739710489908884 ], [ -76.767233954535556, 1.751956176757843 ], [ -76.765962388780352, 1.761580573187964 ], [ -76.760543823242159, 1.766099378797773 ], [ -76.74778951009111, 1.76723395453562 ], [ -76.739710489908816, 1.774432712131107 ], [ -76.733333333333306, 1.775 ], [ -76.732980007595458, 1.785757785373294 ], [ -76.729519992404477, 1.789242214626767 ], [ -76.728813340928781, 1.793379550510013 ], [ -76.732980007595458, 1.7975755479601 ], [ -76.733686659071154, 1.806591118706628 ], [ -76.737146674262121, 1.8100755479601 ], [ -76.737853325737817, 1.814924452039961 ], [ -76.741313340928784, 1.818408881293434 ], [ -76.741666666666632, 1.820833333333364 ], [ -76.738350762261248, 1.821684265136749 ], [ -76.73693271213105, 1.827210489908885 ], [ -76.733900621202224, 1.83112284342451 ], [ -76.732766045464373, 1.835543823242218 ], [ -76.729733954535561, 1.839456176757843 ], [ -76.728599378797711, 1.848043823242218 ], [ -76.725567287868898, 1.851956176757843 ], [ -76.724432712131048, 1.856377156575552 ], [ -76.721400621202221, 1.860289510091177 ], [ -76.720266045464371, 1.885543823242219 ], [ -76.717233954535558, 1.889456176757844 ], [ -76.71666666666664, 1.891666666666698 ], [ -76.716313340928792, 1.902424452039962 ], [ -76.712853325737811, 1.905908881293434 ], [ -76.712146674262115, 1.914924452039962 ], [ -76.708686659071148, 1.918408881293434 ], [ -76.707980007595452, 1.926712883843348 ], [ -76.712146674262115, 1.930908881293434 ], [ -76.712853325737811, 1.935046217176681 ], [ -76.708686659071148, 1.939242214626768 ], [ -76.7083333333333, 1.958333333333365 ], [ -76.706122843424453, 1.958900621202289 ], [ -76.702210489908822, 1.961932712131108 ], [ -76.697789510091113, 1.963067287868955 ], [ -76.689710489908819, 1.970266045464442 ], [ -76.68528951009111, 1.971400621202289 ], [ -76.681241183810727, 1.97453816731774 ], [ -76.671770562065944, 1.966099378797775 ], [ -76.664456176757781, 1.967233954535622 ], [ -76.655103895399279, 1.975567287868956 ], [ -76.625912814670102, 1.974390665690136 ], [ -76.625, 1.970833333333365 ], [ -76.624432712131039, 1.968622843424511 ], [ -76.621400621202227, 1.964710489908886 ], [ -76.620266045464376, 1.960289510091178 ], [ -76.613067287868887, 1.952210489908886 ], [ -76.611649237738675, 1.946684265136751 ], [ -76.608333333333306, 1.945833333333365 ], [ -76.608862982855868, 1.939418368869389 ], [ -76.613029649522531, 1.934274122450118 ], [ -76.611587863498229, 1.929933166503938 ], [ -76.606085205078088, 1.928637186686229 ], [ -76.602248128255169, 1.9255294799805 ], [ -76.596779378255178, 1.924241468641525 ], [ -76.592196316189202, 1.918914964464007 ], [ -76.591137017144064, 1.914418368869389 ], [ -76.588029649522539, 1.910581631130674 ], [ -76.5875, 1.908333333333365 ], [ -76.586932712131045, 1.906122843424511 ], [ -76.579628499348928, 1.897925482855934 ], [ -76.582766045464382, 1.893877156575552 ], [ -76.584041680230001, 1.884220716688399 ], [ -76.591059027777746, 1.882420010036923 ], [ -76.59166666666664, 1.866666666666698 ], [ -76.579166666666637, 1.866666666666698 ], [ -76.578505452473919, 1.859232923719649 ], [ -76.571416219075488, 1.857413567437097 ], [ -76.56306728786889, 1.848043823242218 ], [ -76.561649237738678, 1.842517598470083 ], [ -76.556122843424447, 1.841099378797774 ], [ -76.552210489908816, 1.838067287868955 ], [ -76.543622843424444, 1.836932712131107 ], [ -76.539710489908828, 1.833900621202288 ], [ -76.533729383680523, 1.8323655870226 ], [ -76.529733954535558, 1.827210489908885 ], [ -76.52916666666664, 1.825 ], [ -76.522575547960031, 1.825353325737878 ], [ -76.514924452039892, 1.832980007595517 ], [ -76.504166666666634, 1.833333333333364 ], [ -76.501742214626702, 1.832980007595517 ], [ -76.498257785373227, 1.829519992404545 ], [ -76.485075547960037, 1.82881334092885 ], [ -76.477424452039898, 1.821186659071211 ], [ -76.468408881293371, 1.820480007595517 ], [ -76.464924452039895, 1.817019992404544 ], [ -76.4625, 1.816666666666698 ], [ -76.461882527669232, 1.814506530761749 ], [ -76.453549194335906, 1.804903327094215 ], [ -76.454784138997354, 1.802006530761749 ], [ -76.458407931857607, 1.79704589843753 ], [ -76.452006361219588, 1.795215691460534 ], [ -76.447993638780346, 1.792284308539527 ], [ -76.443673027886248, 1.791049024793868 ], [ -76.439660305447021, 1.78811764187286 ], [ -76.429960801866287, 1.786705864800378 ], [ -76.428549194335901, 1.777006530761749 ], [ -76.416049194335898, 1.763306342230933 ], [ -76.41728413899736, 1.760339864095082 ], [ -76.420215861002575, 1.756326802571645 ], [ -76.420833333333292, 1.745833333333363 ], [ -76.425264485677047, 1.744696214464006 ], [ -76.421400621202224, 1.739710489908884 ], [ -76.420833333333292, 1.733333333333363 ], [ -76.410289510091104, 1.733900621202287 ], [ -76.406377156575488, 1.736932712131106 ], [ -76.396720716688336, 1.738208516438832 ], [ -76.394945949978265, 1.745124816894561 ], [ -76.385289510091113, 1.746400621202287 ], [ -76.381377156575482, 1.749432712131107 ], [ -76.375, 1.75 ], [ -76.375, 1.745833333333363 ], [ -76.370568847656216, 1.744696214464006 ], [ -76.37556728786889, 1.738246663411489 ], [ -76.374432712131039, 1.726956176757843 ], [ -76.370266045464376, 1.721579996744822 ], [ -76.371400621202227, 1.697789510091176 ], [ -76.374432712131039, 1.69387715657555 ], [ -76.375, 1.670833333333363 ], [ -76.375, 1.666666666666696 ], [ -76.372575547960039, 1.667019992404543 ], [ -76.368379720052047, 1.67118665907121 ], [ -76.355908881293374, 1.670480007595516 ], [ -76.347917344835039, 1.662513902452286 ], [ -76.343379720052042, 1.667019992404543 ], [ -76.335075547960031, 1.666313340928849 ], [ -76.33125, 1.662514580620689 ], [ -76.327424452039892, 1.666313340928849 ], [ -76.325, 1.666666666666696 ], [ -76.324646674262112, 1.673257785373294 ], [ -76.321186659071145, 1.676742214626766 ], [ -76.320833333333297, 1.683333333333363 ], [ -76.314242214626702, 1.68368665907121 ], [ -76.310757785373227, 1.687146674262182 ], [ -76.305908881293362, 1.687853325737877 ], [ -76.301713053385384, 1.692019992404544 ], [ -76.297575547960037, 1.691313340928849 ], [ -76.281591118706558, 1.675353325737877 ], [ -76.272575547960031, 1.674646674262182 ], [ -76.26875, 1.670847913954022 ], [ -76.264924452039892, 1.674646674262182 ], [ -76.251742214626702, 1.675353325737877 ], [ -76.247915649414026, 1.679153103298641 ], [ -76.231591118706561, 1.662853325737877 ], [ -76.229166666666629, 1.6625 ], [ -76.228315904405349, 1.659184265136748 ], [ -76.221684095594583, 1.657482401529977 ], [ -76.220266045464371, 1.651956176757842 ], [ -76.217233954535558, 1.648043823242217 ], [ -76.216099378797708, 1.643622843424509 ], [ -76.212968614366289, 1.639583333333363 ], [ -76.217233954535558, 1.634079996744821 ], [ -76.216099378797708, 1.626956176757842 ], [ -76.213067287868881, 1.623043823242217 ], [ -76.2125, 1.616666666666696 ], [ -76.211932712131045, 1.610289510091175 ], [ -76.208900621202218, 1.60637715657555 ], [ -76.207482571072006, 1.600850931803414 ], [ -76.200850762261254, 1.599149068196644 ], [ -76.199432712131042, 1.593622843424508 ], [ -76.196400621202216, 1.589710489908883 ], [ -76.195833333333297, 1.575 ], [ -76.1875, 1.575 ], [ -76.185075547960039, 1.575353325737876 ], [ -76.173257785373224, 1.587146674262182 ], [ -76.166666666666629, 1.5875 ], [ -76.160075547960034, 1.587146674262182 ], [ -76.156591118706558, 1.583686659071209 ], [ -76.15, 1.583333333333362 ], [ -76.149032253689199, 1.579562547471817 ], [ -76.143877156575485, 1.575567287868952 ], [ -76.139456176757776, 1.574432712131105 ], [ -76.135543823242145, 1.571400621202286 ], [ -76.129562717013854, 1.569865587022598 ], [ -76.12556728786889, 1.564710489908883 ], [ -76.124149237738678, 1.559184265136747 ], [ -76.120833333333294, 1.558333333333362 ], [ -76.114242214626714, 1.558686659071209 ], [ -76.110757785373238, 1.562146674262181 ], [ -76.105908881293388, 1.562853325737876 ], [ -76.102424452039912, 1.566313340928848 ], [ -76.1, 1.566666666666695 ], [ -76.099149068196596, 1.569982401529977 ], [ -76.092517598470025, 1.571684265136748 ], [ -76.090815734863256, 1.57831573486331 ], [ -76.08528951009113, 1.579733954535619 ], [ -76.081377156575499, 1.582766045464438 ], [ -76.07695617675779, 1.583900621202286 ], [ -76.073043823242159, 1.586932712131105 ], [ -76.067517598470033, 1.588350931803414 ], [ -76.066666666666649, 1.591666666666696 ], [ -76.064456176757787, 1.591099378797772 ], [ -76.059079996744771, 1.586932712131105 ], [ -76.035289510091118, 1.588067287868952 ], [ -76.018877156575499, 1.603599378797772 ], [ -76.013350931803359, 1.605017598470081 ], [ -76.011532253689211, 1.612104119194908 ], [ -76.006377156575496, 1.616099378797772 ], [ -75.997789510091124, 1.61723395453562 ], [ -75.98971048990883, 1.624432712131106 ], [ -75.983333333333306, 1.625 ], [ -75.982803853352848, 1.639748297797338 ], [ -75.978637186686171, 1.644892544216609 ], [ -75.979696146647115, 1.648081631130672 ], [ -75.983862813313777, 1.653225877549942 ], [ -75.982421366373671, 1.657566833496123 ], [ -75.979166666666643, 1.658333333333363 ], [ -75.976956176757795, 1.658900621202287 ], [ -75.973043823242165, 1.661932712131106 ], [ -75.956122843424453, 1.663067287868953 ], [ -75.950967746310738, 1.667062547471818 ], [ -75.949432712131056, 1.673043823242217 ], [ -75.942233954535567, 1.681122843424509 ], [ -75.941099378797716, 1.685543823242217 ], [ -75.932750447591118, 1.694913567437096 ], [ -75.926956176757784, 1.696400621202287 ], [ -75.921801079644069, 1.700395880805151 ], [ -75.920266045464388, 1.706377156575551 ], [ -75.91191711425779, 1.715746900770429 ], [ -75.905017598470025, 1.717517598470082 ], [ -75.90416666666664, 1.720833333333363 ], [ -75.901742214626708, 1.720480007595516 ], [ -75.898257785373247, 1.717019992404544 ], [ -75.876742214626717, 1.716313340928849 ], [ -75.873257785373241, 1.712853325737877 ], [ -75.870833333333309, 1.7125 ], [ -75.870098198784703, 1.720030721028676 ], [ -75.860339864095025, 1.721450975206193 ], [ -75.856326802571587, 1.7243823581272 ], [ -75.842469278971336, 1.725735134548641 ], [ -75.841049024793818, 1.735493469238311 ], [ -75.838117641872813, 1.739506530761749 ], [ -75.8375, 1.745833333333363 ], [ -75.831122843424453, 1.746400621202287 ], [ -75.827210489908836, 1.749432712131107 ], [ -75.822789510091127, 1.750567287868954 ], [ -75.817413330078097, 1.754733954535621 ], [ -75.814456176757787, 1.753599378797773 ], [ -75.809079996744771, 1.749432712131107 ], [ -75.800899759928356, 1.750735473632843 ], [ -75.792233954535561, 1.760289510091176 ], [ -75.790815734863259, 1.765815734863311 ], [ -75.7875, 1.766666666666697 ], [ -75.785075547960048, 1.76631334092885 ], [ -75.780879550509965, 1.762146674262183 ], [ -75.776742214626708, 1.762853325737877 ], [ -75.773257785373247, 1.76631334092885 ], [ -75.764242214626705, 1.767019992404544 ], [ -75.760757785373244, 1.770480007595516 ], [ -75.758333333333312, 1.770833333333364 ], [ -75.757980007595464, 1.773257785373294 ], [ -75.754519992404497, 1.776742214626767 ], [ -75.754166666666649, 1.779166666666697 ], [ -75.738413323296413, 1.779774136013485 ], [ -75.73693271213105, 1.785543823242218 ], [ -75.733900621202238, 1.789456176757843 ], [ -75.732766045464388, 1.818877156575552 ], [ -75.729733954535561, 1.822789510091177 ], [ -75.728599378797725, 1.827210489908885 ], [ -75.725567287868898, 1.83112284342451 ], [ -75.725, 1.833333333333364 ], [ -75.714242214626708, 1.833686659071212 ], [ -75.7045210096571, 1.843381585015222 ], [ -75.703813340928789, 1.860757785373295 ], [ -75.700353325737822, 1.864242214626767 ], [ -75.699646674262127, 1.869091118706628 ], [ -75.687853325737819, 1.880908881293434 ], [ -75.6875, 1.883333333333364 ], [ -75.672575547960051, 1.883686659071212 ], [ -75.664924452039912, 1.891313340928851 ], [ -75.658333333333303, 1.891666666666698 ], [ -75.657766045464385, 1.893877156575552 ], [ -75.654733954535573, 1.897789510091177 ], [ -75.653599378797722, 1.902210489908886 ], [ -75.646400621202233, 1.910289510091177 ], [ -75.645266045464382, 1.918877156575552 ], [ -75.642135450575068, 1.922916666666698 ], [ -75.645266045464382, 1.926956176757844 ], [ -75.646400621202233, 1.93824666341149 ], [ -75.64223395453557, 1.943622843424511 ], [ -75.641099378797719, 1.948043823242219 ], [ -75.638067287868893, 1.951956176757844 ], [ -75.636791483561169, 1.961612616644997 ], [ -75.63112284342445, 1.963067287868955 ], [ -75.625967746310735, 1.96706254747182 ], [ -75.624432712131053, 1.973043823242219 ], [ -75.621400621202227, 1.976956176757844 ], [ -75.620833333333309, 1.979166666666698 ], [ -75.620833333333309, 1.983333333333349 ], [ -75.617290242512993, 1.98424258761939 ], [ -75.616666666666646, 1.99583333333335 ], [ -75.614242214626714, 1.996186659071213 ], [ -75.610757785373238, 1.999646674262185 ], [ -75.601742214626711, 2.000353325737879 ], [ -75.598257785373235, 2.003813340928851 ], [ -75.593408881293371, 2.004519992404546 ], [ -75.587858072916646, 2.010043165418869 ], [ -75.5875, 2.0125 ], [ -75.587146674262129, 2.019091118706613 ], [ -75.583686659071162, 2.022575547960086 ], [ -75.582980007595467, 2.027424452039947 ], [ -75.579519992404485, 2.030908881293419 ], [ -75.578813340928789, 2.03575778537328 ], [ -75.575353325737822, 2.039242214626753 ], [ -75.575, 2.04583333333335 ], [ -75.572789510091127, 2.046400621202273 ], [ -75.567634412977412, 2.050396050347239 ], [ -75.566099378797716, 2.056377156575537 ], [ -75.554733954535564, 2.068622843424496 ], [ -75.553599378797713, 2.077210489908871 ], [ -75.549604119194854, 2.082365587022586 ], [ -75.542517598470027, 2.084184095594635 ], [ -75.541099378797711, 2.089710489908871 ], [ -75.538067287868898, 2.093622843424496 ], [ -75.536932712131048, 2.106377156575538 ], [ -75.533900621202235, 2.110289510091163 ], [ -75.533333333333303, 2.116666666666684 ], [ -75.530908881293371, 2.117019992404531 ], [ -75.527424452039909, 2.120480007595503 ], [ -75.501742214626717, 2.121186659071198 ], [ -75.494091118706578, 2.128813340928837 ], [ -75.4875, 2.129166666666684 ], [ -75.48418426513669, 2.130017428927969 ], [ -75.483333333333306, 2.133333333333351 ], [ -75.476742214626711, 2.133686659071198 ], [ -75.473257785373235, 2.13714667426217 ], [ -75.468408881293371, 2.137853325737864 ], [ -75.464924452039909, 2.141313340928837 ], [ -75.455908881293382, 2.142019992404531 ], [ -75.452083333333306, 2.145818752712691 ], [ -75.447916666666643, 2.141681247287344 ], [ -75.444091118706567, 2.145480007595503 ], [ -75.441666666666634, 2.145833333333351 ], [ -75.441313340928787, 2.148257785373297 ], [ -75.437853325737819, 2.151742214626769 ], [ -75.437146674262124, 2.164924452039964 ], [ -75.429519992404494, 2.172575547960103 ], [ -75.428813340928798, 2.177424452039964 ], [ -75.425353325737817, 2.180908881293436 ], [ -75.425, 2.191666666666684 ], [ -75.420833333333306, 2.1916666666667 ], [ -75.421400621202224, 2.193877156575538 ], [ -75.425395880805098, 2.199032253689254 ], [ -75.432482401529924, 2.200850762261302 ], [ -75.433333333333309, 2.204166666666684 ], [ -75.436791483561166, 2.205054050021719 ], [ -75.438208516438777, 2.21577928331165 ], [ -75.441666666666634, 2.216666666666685 ], [ -75.441099378797716, 2.218877156575539 ], [ -75.438067287868904, 2.222789510091164 ], [ -75.436649068196587, 2.2283159044054 ], [ -75.43001759847003, 2.230017428927969 ], [ -75.428315734863261, 2.236649237738733 ], [ -75.422789510091121, 2.238067287868942 ], [ -75.418877156575491, 2.241099378797761 ], [ -75.413161214192684, 2.24256625705297 ], [ -75.411932712131048, 2.256377156575539 ], [ -75.408900621202235, 2.260289510091164 ], [ -75.407766045464385, 2.264710489908873 ], [ -75.404733954535558, 2.268622843424497 ], [ -75.403599378797722, 2.277210489908873 ], [ -75.400567287868896, 2.281122843424498 ], [ -75.399432712131045, 2.285543823242206 ], [ -75.39223395453557, 2.293622843424498 ], [ -75.391099378797719, 2.298785061306442 ], [ -75.3958333333333, 2.3 ], [ -75.3958333333333, 2.304166666666685 ], [ -75.395480007595467, 2.306591118706616 ], [ -75.387853325737822, 2.314242214626755 ], [ -75.3875, 2.316666666666686 ], [ -75.385075547960042, 2.317019992404532 ], [ -75.381591118706567, 2.320480007595505 ], [ -75.379166666666634, 2.320833333333352 ], [ -75.376742214626702, 2.321186659071199 ], [ -75.373257785373241, 2.324646674262171 ], [ -75.366666666666646, 2.325 ], [ -75.364242214626714, 2.324646674262171 ], [ -75.360046217176617, 2.320480007595505 ], [ -75.355908881293374, 2.321186659071199 ], [ -75.352424452039898, 2.324646674262171 ], [ -75.35, 2.325 ], [ -75.346684265136687, 2.325850762261303 ], [ -75.345266045464385, 2.331377156575539 ], [ -75.342233954535558, 2.335289510091165 ], [ -75.341099378797722, 2.34387715657554 ], [ -75.338067287868896, 2.347789510091165 ], [ -75.336932712131045, 2.352210489908873 ], [ -75.333900621202233, 2.356122843424498 ], [ -75.332624816894509, 2.365779283311651 ], [ -75.329166666666637, 2.366666666666686 ], [ -75.326742214626705, 2.366313340928838 ], [ -75.323257785373244, 2.362853325737866 ], [ -75.318408881293379, 2.362146674262172 ], [ -75.314924452039904, 2.358686659071199 ], [ -75.308333333333309, 2.358333333333352 ], [ -75.307482401529924, 2.361649237738734 ], [ -75.304166666666646, 2.3625 ], [ -75.303599378797713, 2.364710489908873 ], [ -75.300567287868901, 2.368622843424498 ], [ -75.299291483561177, 2.378279283311651 ], [ -75.292517598470027, 2.380017428927971 ], [ -75.291099378797711, 2.385543823242207 ], [ -75.288067287868898, 2.389456176757832 ], [ -75.286932712131048, 2.39387715657554 ], [ -75.283900621202235, 2.397789510091165 ], [ -75.282766045464385, 2.410543823242207 ], [ -75.279733954535558, 2.414456176757832 ], [ -75.278315734863256, 2.419982571072068 ], [ -75.275, 2.420833333333353 ], [ -75.264242214626705, 2.4211866590712 ], [ -75.256591118706567, 2.428813340928839 ], [ -75.251742214626702, 2.429519992404534 ], [ -75.245831976996499, 2.435400729709221 ], [ -75.249646674262124, 2.439242214626756 ], [ -75.250353325737819, 2.451713053385436 ], [ -75.246186659071157, 2.455908881293423 ], [ -75.245480007595461, 2.460757785373284 ], [ -75.233686659071154, 2.472575547960089 ], [ -75.232980007595458, 2.47742445203995 ], [ -75.229519992404491, 2.480908881293423 ], [ -75.228813340928795, 2.485757785373284 ], [ -75.225353325737814, 2.489242214626756 ], [ -75.225, 2.508333333333354 ], [ -75.205908881293368, 2.508686659071201 ], [ -75.202083333333306, 2.51248541937936 ], [ -75.198257785373229, 2.508686659071201 ], [ -75.189242214626702, 2.507980007595506 ], [ -75.18541666666664, 2.504181247287347 ], [ -75.181591118706564, 2.507980007595506 ], [ -75.175, 2.508333333333354 ], [ -75.175, 2.529166666666687 ], [ -75.179431321885829, 2.530303955078145 ], [ -75.175567287868901, 2.535289510091166 ], [ -75.17443271213105, 2.539710489908875 ], [ -75.163067287868898, 2.551956176757833 ], [ -75.161932712131048, 2.556377156575541 ], [ -75.154733954535558, 2.564456176757833 ], [ -75.153599378797708, 2.577210489908875 ], [ -75.14525044759111, 2.586580403645854 ], [ -75.13945617675779, 2.588067287868944 ], [ -75.133952501085034, 2.592657131618945 ], [ -75.133333333333297, 2.604166666666688 ], [ -75.136649237738681, 2.605017428927972 ], [ -75.138067287868893, 2.610543823242208 ], [ -75.149432712131045, 2.622789510091167 ], [ -75.150567287868896, 2.635543823242209 ], [ -75.153698052300314, 2.639583333333355 ], [ -75.150567287868896, 2.643622843424501 ], [ -75.149432712131045, 2.652210489908875 ], [ -75.146400621202233, 2.656122843424501 ], [ -75.145266045464382, 2.664710489908876 ], [ -75.138067287868893, 2.672789510091167 ], [ -75.136932712131042, 2.685543823242209 ], [ -75.13390062120223, 2.689456176757834 ], [ -75.132766045464379, 2.694618394639779 ], [ -75.139710489908822, 2.696400621202279 ], [ -75.147789510091116, 2.703599378797765 ], [ -75.15, 2.704166666666688 ], [ -75.149646674262129, 2.714924452039952 ], [ -75.137853325737822, 2.726742214626758 ], [ -75.1375, 2.729166666666689 ], [ -75.130908881293379, 2.729519992404536 ], [ -75.127083333333303, 2.733318752712696 ], [ -75.122546386718724, 2.728813340928841 ], [ -75.110075547960037, 2.729519992404536 ], [ -75.106591118706575, 2.732980007595508 ], [ -75.101742214626711, 2.733686659071203 ], [ -75.097916666666634, 2.737485419379362 ], [ -75.093379720052056, 2.732980007595508 ], [ -75.080881754557268, 2.733688015408008 ], [ -75.067019992404482, 2.747575547960091 ], [ -75.066308932834175, 2.752453952365474 ], [ -75.048257785373238, 2.770480007595508 ], [ -75.045833333333306, 2.770833333333356 ], [ -75.045480007595458, 2.773257785373286 ], [ -75.042019992404491, 2.776742214626759 ], [ -75.041313340928795, 2.78159111870662 ], [ -75.025353325737811, 2.797575547960092 ], [ -75.024646674262129, 2.80659111870662 ], [ -75.021186659071148, 2.810075547960092 ], [ -75.020480007595452, 2.814924452039953 ], [ -75.017019992404485, 2.818408881293426 ], [ -75.016313340928789, 2.823257785373287 ], [ -75.000353325737819, 2.839242214626759 ], [ -74.999646674262124, 2.84409111870662 ], [ -74.996186659071157, 2.847575547960092 ], [ -74.995833333333309, 2.85 ], [ -74.992517428927925, 2.850850762261308 ], [ -74.991666666666632, 2.85416666666669 ], [ -74.991308593749963, 2.856623670789954 ], [ -74.985757785373238, 2.862146674262176 ], [ -74.976742214626711, 2.86285332573787 ], [ -74.969091118706572, 2.870480007595509 ], [ -74.964211697048583, 2.871191067165822 ], [ -74.954519992404485, 2.880908881293426 ], [ -74.953813340928789, 2.885757785373287 ], [ -74.942019992404482, 2.897575547960093 ], [ -74.941308593749966, 2.902457004123287 ], [ -74.935757785373227, 2.907980007595509 ], [ -74.929166666666632, 2.908333333333357 ], [ -74.926742214626699, 2.907980007595509 ], [ -74.923257785373238, 2.904519992404537 ], [ -74.920833333333306, 2.90416666666669 ], [ -74.920475599500833, 2.901711697048635 ], [ -74.910757785373235, 2.892019992404537 ], [ -74.908333333333303, 2.89166666666669 ], [ -74.90089959038626, 2.892327880859398 ], [ -74.899080403645797, 2.899417114257836 ], [ -74.889710489908822, 2.907766045464433 ], [ -74.885289510091113, 2.90890062120228 ], [ -74.87593722873261, 2.917233954535614 ], [ -74.856122843424444, 2.916099378797766 ], [ -74.852083333333297, 2.912968614366343 ], [ -74.846970621744759, 2.916931152343774 ], [ -74.845833333333303, 2.9125 ], [ -74.843673027886254, 2.911882527669294 ], [ -74.837969292534694, 2.907715861002627 ], [ -74.833060031466985, 2.910021972656273 ], [ -74.829784138997368, 2.914506361219642 ], [ -74.828372531466982, 2.924205864800371 ], [ -74.818673027886248, 2.925617472330753 ], [ -74.814660305447021, 2.928549194335961 ], [ -74.810339694552923, 2.92978413899742 ], [ -74.802160305447018, 2.936882527669295 ], [ -74.8, 2.9375 ], [ -74.799149237738689, 2.934184095594642 ], [ -74.795833333333306, 2.933333333333357 ], [ -74.794982571072012, 2.930017428927975 ], [ -74.786932712131048, 2.927951727973114 ], [ -74.788067287868898, 2.922789510091169 ], [ -74.792233954535561, 2.917413330078149 ], [ -74.791099378797711, 2.914456176757836 ], [ -74.783900621202221, 2.906377156575544 ], [ -74.782766045464385, 2.897789510091169 ], [ -74.779733954535558, 2.893877156575544 ], [ -74.778599378797708, 2.885289510091169 ], [ -74.775567287868896, 2.881377156575544 ], [ -74.774432712131045, 2.876956176757836 ], [ -74.771400621202218, 2.873043823242211 ], [ -74.7708333333333, 2.870833333333357 ], [ -74.760075547960042, 2.871186659071204 ], [ -74.756591118706567, 2.874646674262176 ], [ -74.743408881293377, 2.875353325737871 ], [ -74.739213053385384, 2.879519992404537 ], [ -74.735075547960037, 2.878813340928843 ], [ -74.731249321831569, 2.87501390245228 ], [ -74.723257785373235, 2.882980007595509 ], [ -74.720833333333303, 2.883333333333356 ], [ -74.719945949978268, 2.886791653103322 ], [ -74.710289510091116, 2.888067287868947 ], [ -74.706377156575485, 2.891099378797766 ], [ -74.683333333333294, 2.89166666666669 ], [ -74.680908881293377, 2.891313340928843 ], [ -74.677424452039901, 2.887853325737871 ], [ -74.675, 2.8875 ], [ -74.675, 2.87916666666669 ], [ -74.67443271213105, 2.876956176757836 ], [ -74.667233954535561, 2.868877156575544 ], [ -74.666099378797711, 2.856122843424502 ], [ -74.661932712131048, 2.850746663411481 ], [ -74.663067287868884, 2.839456176757835 ], [ -74.667233954535561, 2.834079996744815 ], [ -74.666056993272534, 2.805079481336828 ], [ -74.659041680230004, 2.803279283311654 ], [ -74.657766045464371, 2.793622843424502 ], [ -74.650567287868896, 2.78554382324221 ], [ -74.649432712131045, 2.776956176757835 ], [ -74.646400621202218, 2.77304382324221 ], [ -74.645266045464382, 2.768622843424501 ], [ -74.642233954535556, 2.764710489908877 ], [ -74.641666666666637, 2.754166666666689 ], [ -74.633333333333297, 2.754166666666689 ], [ -74.633333333333297, 2.75 ], [ -74.632702975802914, 2.727019246419293 ], [ -74.629750569661425, 2.722916666666689 ], [ -74.632702975802914, 2.718814086914084 ], [ -74.633963690863681, 2.714519246419293 ], [ -74.638130357530343, 2.708729722764779 ], [ -74.636723158094583, 2.696587456597244 ], [ -74.621841430664034, 2.695102267795161 ], [ -74.619623819986941, 2.687544759114605 ], [ -74.614647420247366, 2.683963690863737 ], [ -74.610352579752572, 2.682702975802973 ], [ -74.602147420247363, 2.675630357530403 ], [ -74.591941663953961, 2.674109903971376 ], [ -74.588130357530346, 2.668814086914084 ], [ -74.5875, 2.666666666666688 ], [ -74.587853325737811, 2.664242214626757 ], [ -74.595480007595455, 2.656591118706618 ], [ -74.596186659071151, 2.647575547960091 ], [ -74.599646674262118, 2.644091118706619 ], [ -74.6, 2.6375 ], [ -74.604166666666629, 2.6375 ], [ -74.606377156575491, 2.636932712131097 ], [ -74.611532253689205, 2.632937282986132 ], [ -74.613387383355004, 2.625708346896722 ], [ -74.623043823242156, 2.624432712131098 ], [ -74.63112284342445, 2.617233954535612 ], [ -74.635543823242159, 2.616099378797764 ], [ -74.649345567491281, 2.603188408745681 ], [ -74.650567287868896, 2.589456176757833 ], [ -74.658916219075493, 2.580086263020854 ], [ -74.664710489908828, 2.578599378797764 ], [ -74.676956176757784, 2.567233954535611 ], [ -74.679166666666632, 2.566666666666687 ], [ -74.679733954535564, 2.564456176757833 ], [ -74.683900621202227, 2.559079996744812 ], [ -74.682766045464376, 2.547789510091166 ], [ -74.679733954535564, 2.543877156575541 ], [ -74.678543090820284, 2.521742418077277 ], [ -74.672789510091107, 2.52026604546443 ], [ -74.668877156575491, 2.517233954535611 ], [ -74.663350762261246, 2.515815904405402 ], [ -74.661932712131048, 2.510289510091166 ], [ -74.658900621202221, 2.506377156575541 ], [ -74.657766045464371, 2.501956176757833 ], [ -74.654733954535558, 2.498043823242208 ], [ -74.65416666666664, 2.495833333333354 ], [ -74.660543823242151, 2.49526604546443 ], [ -74.665929836697018, 2.490774197048631 ], [ -74.667233954535561, 2.482586669921895 ], [ -74.663067287868884, 2.477210489908874 ], [ -74.661932712131048, 2.474253336588562 ], [ -74.666099378797711, 2.468877156575541 ], [ -74.66737501356333, 2.459220716688388 ], [ -74.674149237738689, 2.457482571072068 ], [ -74.675, 2.454166666666687 ], [ -74.675567287868887, 2.426956176757832 ], [ -74.682766045464376, 2.41887715657554 ], [ -74.684184095594588, 2.413350762261304 ], [ -74.6875, 2.4125 ], [ -74.688271077473928, 2.415774197048631 ], [ -74.692766655815944, 2.417196316189256 ], [ -74.703533257378439, 2.407265557183179 ], [ -74.704696316189199, 2.397751871744811 ], [ -74.707803683810738, 2.393914794921894 ], [ -74.708862982855877, 2.385251871744811 ], [ -74.716137017144064, 2.377248128255228 ], [ -74.717196316189202, 2.372751871744811 ], [ -74.723352781223255, 2.365977808689449 ], [ -74.72494457099998, 2.354402718000017 ], [ -74.743774516999963, 2.307521057000145 ], [ -74.745862386715146, 2.303624690048443 ], [ -74.746186659071142, 2.297575547960088 ], [ -74.749646674262124, 2.294091118706616 ], [ -74.75, 2.283333333333352 ], [ -74.749149237738678, 2.28001742892797 ], [ -74.745833333333294, 2.279166666666685 ], [ -74.739456176757784, 2.279733954535609 ], [ -74.734079996744754, 2.283900621202275 ], [ -74.729513210720455, 2.282148573133699 ], [ -74.721400621202221, 2.273043823242206 ], [ -74.719618394639724, 2.266099378797761 ], [ -74.717233954535558, 2.268622843424497 ], [ -74.715698920355877, 2.274603949652796 ], [ -74.71346429748229, 2.276335881595142 ], [ -74.708221500999912, 2.288957321 ], [ -74.708412607999946, 2.312463697 ], [ -74.702529517999892, 2.320029036000051 ], [ -74.694969543999946, 2.321704913000076 ], [ -74.689849541999934, 2.317868181000051 ], [ -74.681350627999905, 2.30536523100011 ], [ -74.674171527999931, 2.302550421000092 ], [ -74.66871658499997, 2.296636820000117 ], [ -74.667419569999936, 2.285220668000022 ], [ -74.651863594999952, 2.250892248000071 ], [ -74.635826499999894, 2.237647333000098 ], [ -74.633140602999902, 2.228640810000172 ], [ -74.633941577999906, 2.211363361000167 ], [ -74.633156113008354, 2.199379841116119 ], [ -74.631965467664898, 2.195215861002622 ], [ -74.622839694552923, 2.19645080566408 ], [ -74.610493638780355, 2.207715861002622 ], [ -74.608333333333306, 2.208333333333351 ], [ -74.607361518012112, 2.204935031467032 ], [ -74.606403804278102, 2.204795622037971 ], [ -74.605110512999886, 2.213237219000121 ], [ -74.59992261799988, 2.220460575000061 ], [ -74.598480594999955, 2.231166780000081 ], [ -74.599121642999989, 2.23808436500002 ], [ -74.604865593999989, 2.251260382000169 ], [ -74.623664525999914, 2.261413381000068 ], [ -74.630103503999976, 2.273211580000066 ], [ -74.634445497999934, 2.291907080000101 ], [ -74.653358591999961, 2.336974897000175 ], [ -74.651580621999926, 2.346641243000079 ], [ -74.645370637999918, 2.352128707000077 ], [ -74.637824577999936, 2.35276874900012 ], [ -74.625892603999887, 2.340587497000115 ], [ -74.615394604999949, 2.320121069000152 ], [ -74.609924574999866, 2.316972323000186 ], [ -74.602386561999936, 2.31519150400004 ], [ -74.591064622999909, 2.315458551000177 ], [ -74.573326503999965, 2.300126542000044 ], [ -74.56101952299997, 2.293127988000037 ], [ -74.553825502999985, 2.292732027000056 ], [ -74.545555581999906, 2.297513903000095 ], [ -74.542434496999931, 2.303368327000101 ], [ -74.542709590999891, 2.313740597000162 ], [ -74.548774567999885, 2.32968448500003 ], [ -74.563064539999971, 2.348450058000083 ], [ -74.581161571999985, 2.361364894000189 ], [ -74.590026607999903, 2.370068495000112 ], [ -74.591674489999946, 2.379412640000112 ], [ -74.590263647999961, 2.385970306000161 ], [ -74.58507558499997, 2.392156654000075 ], [ -74.57543153499995, 2.397966318000101 ], [ -74.569244516999902, 2.399306249000063 ], [ -74.538421576999838, 2.391141940000182 ], [ -74.525108599999896, 2.381370653000033 ], [ -74.513183498999979, 2.368497391000176 ], [ -74.501541537999969, 2.365996566000092 ], [ -74.487792534999926, 2.3697033790001 ], [ -74.477424622999933, 2.381037556000081 ], [ -74.470130522999909, 2.393776540000033 ], [ -74.468330593999951, 2.407591593000063 ], [ -74.469650575999879, 2.414860212000121 ], [ -74.474059623999949, 2.422841291999987 ], [ -74.479179625999905, 2.426679031 ], [ -74.511772488999952, 2.426561181000011 ], [ -74.524063543999944, 2.435979590000102 ], [ -74.535896611999988, 2.462333468000168 ], [ -74.537536614999965, 2.47444364100005 ], [ -74.531951585999877, 2.488922541000079 ], [ -74.492935502999956, 2.525984802000153 ], [ -74.476318546999948, 2.549029001000179 ], [ -74.453636613999947, 2.60625275700005 ], [ -74.451141488999951, 2.620062781000115 ], [ -74.454139527999928, 2.63391069000005 ], [ -74.465743602999908, 2.643670076000035 ], [ -74.484901615999945, 2.652100258000132 ], [ -74.493095596999979, 2.658378975000176 ], [ -74.495788534999917, 2.666002315000128 ], [ -74.493987598999979, 2.679471196000179 ], [ -74.488784616999965, 2.688077734000103 ], [ -74.489074629999891, 2.695338977000063 ], [ -74.504699503999973, 2.719883368000069 ], [ -74.447364603999972, 2.721805004000089 ], [ -74.303848651999942, 2.724440106000145 ], [ -74.103340618999937, 2.681339019000063 ], [ -74.062278513999956, 2.684984811999982 ], [ -74.031639639999923, 2.701027607000185 ], [ -74.031173605999925, 2.698815958000068 ], [ -74.021926522999877, 2.681255032000138 ], [ -74.014465623999968, 2.671455079000111 ], [ -74.013633635999952, 2.668782089999979 ], [ -73.971099500999969, 2.616962817000115 ], [ -73.967727627999977, 2.608295762000068 ], [ -73.960906602999955, 2.603060090000099 ], [ -73.930396642999938, 2.597995409000021 ], [ -73.918830622999963, 2.584427454000149 ], [ -73.914764561999959, 2.576446877000024 ], [ -73.910720628999968, 2.566737615000079 ], [ -73.906043526999952, 2.547690076000151 ], [ -73.902450539999904, 2.522083026000075 ], [ -73.898124639999935, 2.503384341000071 ], [ -73.899604548999889, 2.487493762000042 ], [ -73.906577620999883, 2.471989923000081 ], [ -73.904624637999973, 2.457110871000168 ], [ -73.894508518999942, 2.43249188100009 ], [ -73.892517648999899, 2.42245237200018 ], [ -73.892600629999947, 2.410354268000106 ], [ -73.896926529999917, 2.381002687000091 ], [ -73.894378599999982, 2.352983494000057 ], [ -73.891036566999844, 2.339822565000077 ], [ -73.884612508999965, 2.32663850199998 ], [ -73.874717504999978, 2.318960343000185 ], [ -73.86787451899994, 2.316143521000186 ], [ -73.858360555999923, 2.30362833300012 ], [ -73.852592632999972, 2.294252001000075 ], [ -73.841499518999967, 2.262020398000118 ], [ -73.836410530999899, 2.254032109000093 ], [ -73.829933498999935, 2.248453450000056 ], [ -73.820678536999935, 2.246655531999977 ], [ -73.806938585999887, 2.249318295000137 ], [ -73.796615600999928, 2.254426058999968 ], [ -73.787643611999897, 2.261273571000061 ], [ -73.77688560699994, 2.278476086000126 ], [ -73.769653532999826, 2.282915812000113 ], [ -73.759345635999864, 2.285258554000166 ], [ -73.756507523999971, 2.298372880000045 ], [ -73.757392484999968, 2.318083428000023 ], [ -73.775710631999971, 2.396345594000138 ], [ -73.767997603999959, 2.419102796000118 ], [ -73.751762528999905, 2.434881393000126 ], [ -73.749641571999859, 2.443506875000026 ], [ -73.75255562399991, 2.467381217000138 ], [ -73.750778492999871, 2.476355553000133 ], [ -73.740333635999946, 2.49701778300016 ], [ -73.73289452899985, 2.529801418000091 ], [ -73.731429539999965, 2.542925467000032 ], [ -73.736457508999933, 2.559902341000111 ], [ -73.748992644999987, 2.582466424000074 ], [ -73.749900572999877, 2.599065275000044 ], [ -73.735977560999856, 2.62696008100005 ], [ -73.733169622999981, 2.634889697000176 ], [ -73.732414580999944, 2.645254926000064 ], [ -73.736450634999983, 2.656347033999964 ], [ -73.735992647999922, 2.672590827000079 ], [ -73.739997521999953, 2.688175635000164 ], [ -73.74574264599994, 2.700317827000106 ], [ -73.752670623999904, 2.744085443000131 ], [ -73.745796624999969, 2.75010398500001 ], [ -73.730895612999916, 2.777812042000107 ], [ -73.726844638999921, 2.786810183000057 ], [ -73.715156577999892, 2.783469492000165 ], [ -73.706130608999956, 2.767006931000083 ], [ -73.696456551999972, 2.756753683999989 ], [ -73.68749964999995, 2.751320032000024 ], [ -73.673828598999989, 2.757645351000178 ], [ -73.660850562999826, 2.765344967000033 ], [ -73.657501488999912, 2.777095054000142 ], [ -73.650688510999942, 2.784049687000106 ], [ -73.641738649999979, 2.77930402100003 ], [ -73.634811509999963, 2.769714621000105 ], [ -73.628593645999956, 2.762877167000113 ], [ -73.624481651999986, 2.763603040000078 ], [ -73.620437551999942, 2.773290173000021 ], [ -73.586830645999896, 2.773590413000136 ], [ -73.570381495999925, 2.775804241000174 ], [ -73.560180552999952, 2.788993166000125 ], [ -73.558944556999904, 2.808304736000139 ], [ -73.556938599999853, 2.816595108000058 ], [ -73.548751491999951, 2.822871645000077 ], [ -73.538452647999918, 2.820894857000098 ], [ -73.526763580999898, 2.816861988000142 ], [ -73.515777587999878, 2.815580060000116 ], [ -73.506881538999949, 2.818415825000159 ], [ -73.502853531999904, 2.831550100000015 ], [ -73.499504625999919, 2.843985995000025 ], [ -73.495437558999981, 2.850915482000062 ], [ -73.486541509999938, 2.853752253000039 ], [ -73.471443522999948, 2.852505361000055 ], [ -73.464538510999887, 2.845672936000085 ], [ -73.458328526999878, 2.840212293999969 ], [ -73.445289637999906, 2.839638469000022 ], [ -73.435645587999886, 2.832830017000163 ], [ -73.432121500999983, 2.819073973000116 ], [ -73.432060647999947, 2.809424558000103 ], [ -73.429260588999966, 2.801177268000174 ], [ -73.419647551999958, 2.799193272000139 ], [ -73.403922598999884, 2.807601662000081 ], [ -73.389602619999948, 2.820135792000087 ], [ -73.378654513999948, 2.824367480000092 ], [ -73.371093533999897, 2.820985885000027 ], [ -73.364120628999842, 2.803814047000117 ], [ -73.361305649999963, 2.792809782000063 ], [ -73.353691529999878, 2.783225746000085 ], [ -73.330314568999938, 2.773779341000136 ], [ -73.312454577999972, 2.769797602000153 ], [ -73.302101585999878, 2.759548211000038 ], [ -73.293785564999894, 2.746523404000186 ], [ -73.283424525999976, 2.734895022000103 ], [ -73.266944530999865, 2.732280539000044 ], [ -73.250457494999978, 2.728286562000051 ], [ -73.233993592999923, 2.727739559000042 ], [ -73.223701621999965, 2.727138911000054 ], [ -73.214080537999962, 2.723774918000174 ], [ -73.209915570999897, 2.71553969900009 ], [ -73.208457622999958, 2.703145714000186 ], [ -73.20086663599983, 2.694940166000038 ], [ -73.190582542999948, 2.695717000000172 ], [ -73.183685577999881, 2.690261387000078 ], [ -73.1761395179999, 2.689636433000032 ], [ -73.165275565999934, 2.70558451200003 ], [ -73.155059534999964, 2.716699419000122 ], [ -73.14479857699996, 2.721613058000173 ], [ -73.131080585999939, 2.720351414000049 ], [ -73.12280261899997, 2.713529886000174 ], [ -73.120689540999933, 2.704587569000068 ], [ -73.117889649999881, 2.695649275000164 ], [ -73.108276612999987, 2.693664272000149 ], [ -73.100669532999916, 2.684079063000127 ], [ -73.099906611999927, 2.672367868000038 ], [ -73.101219552999964, 2.662707725000189 ], [ -73.096382523999921, 2.656546188000107 ], [ -73.08882858599992, 2.655231067000102 ], [ -73.082618600999922, 2.649080594000054 ], [ -73.077117557999884, 2.647059717000104 ], [ -73.066200631999891, 2.65542401800019 ], [ -73.050521611999955, 2.670030993000069 ], [ -73.011505528999919, 2.680701156000111 ], [ -73.005943632999902, 2.66972019200017 ], [ -72.992896529999939, 2.666383357000029 ], [ -72.984687629999939, 2.669210237000186 ], [ -72.97849256499984, 2.666504391000103 ], [ -72.977752610999971, 2.656861850000155 ], [ -72.976333553999893, 2.649291650000123 ], [ -72.970802503999948, 2.642446988000074 ], [ -72.967300544999887, 2.631447920000028 ], [ -72.952789625999912, 2.612961129000155 ], [ -72.947379610999917, 2.602755994000177 ], [ -72.94823456499995, 2.601218250000102 ], [ -72.949478606999946, 2.585558173000152 ], [ -72.948860525999976, 2.581120794000071 ], [ -72.945838513999945, 2.577328821000151 ], [ -72.939414623999937, 2.573490077000145 ], [ -72.923789582999916, 2.568500497000116 ], [ -72.920036501999903, 2.568789673000083 ], [ -72.910446598999954, 2.571039376000158 ], [ -72.906318510999881, 2.573709180000037 ], [ -72.901504616999944, 2.576027111000087 ], [ -72.899299504999988, 2.580287632000079 ], [ -72.896560634999958, 2.580743608000148 ], [ -72.884300592999864, 2.584934224000165 ], [ -72.873428593999961, 2.590248016000146 ], [ -72.86813357799997, 2.595564489000139 ], [ -72.862556594999944, 2.602282920000107 ], [ -72.857253531999902, 2.607881528000064 ], [ -72.84359756799995, 2.617112853000094 ], [ -72.835517580999863, 2.619904865000024 ], [ -72.82325753899994, 2.623815359000105 ], [ -72.816574646999982, 2.619886761000146 ], [ -72.810882496999909, 2.611712226000122 ], [ -72.808975613999962, 2.599509180000098 ], [ -72.800056597999969, 2.591257029000076 ], [ -72.792518584999982, 2.588522014000148 ], [ -72.789413592999949, 2.590939020000121 ], [ -72.7856905189999, 2.588479099000097 ], [ -72.776496576999989, 2.585668144000124 ], [ -72.765640503999975, 2.581455566999978 ], [ -72.753379623999876, 2.581442659000174 ], [ -72.74391159299995, 2.582832378000148 ], [ -72.735458611999945, 2.589997900000071 ], [ -72.729133626999896, 2.597665329000051 ], [ -72.7263416159999, 2.60298314400012 ], [ -72.723548597999923, 2.609984380000128 ], [ -72.719360495999979, 2.616702978000035 ], [ -72.714065647999917, 2.622018446000027 ], [ -72.704582529999982, 2.628732183000125 ], [ -72.697898632999909, 2.632926655000119 ], [ -72.693717571999912, 2.631520842000043 ], [ -72.689819483999884, 2.628715084000078 ], [ -72.685653510999828, 2.623108429000069 ], [ -72.683151511999938, 2.617782903000148 ], [ -72.681762630999856, 2.611059442999988 ], [ -72.681770509999978, 2.605456811000067 ], [ -72.683174645999884, 2.597333574000061 ], [ -72.683181519999948, 2.587809049000043 ], [ -72.680404594999914, 2.582484529000055 ], [ -72.671211490999951, 2.581073687000185 ], [ -72.662856577999889, 2.58386452600007 ], [ -72.657562567999946, 2.586380270000063 ], [ -72.654762508999966, 2.593100713000183 ], [ -72.653366586999937, 2.600101278000068 ], [ -72.653350493999937, 2.612146241000062 ], [ -72.651946524999971, 2.620268808000048 ], [ -72.649154512999871, 2.625868254000068 ], [ -72.642463574999965, 2.633983613000169 ], [ -72.636886591999826, 2.637899470000036 ], [ -72.632987497999977, 2.637894274000132 ], [ -72.628814483999918, 2.635088515000064 ], [ -72.626312485999961, 2.633684714000026 ], [ -72.624916563999989, 2.63116293500002 ], [ -72.619636634999949, 2.625553262000096 ], [ -72.612678649999964, 2.620223713000144 ], [ -72.604606541999885, 2.613210239000182 ], [ -72.592628633999936, 2.614597276999973 ], [ -72.583160603999943, 2.614586045000124 ], [ -72.577583620999974, 2.619901680000055 ], [ -72.575065529999904, 2.628022236000106 ], [ -72.576171605999946, 2.636146647000089 ], [ -72.581726627999956, 2.644556881000142 ], [ -72.598983625999949, 2.658023079000031 ], [ -72.605941610999935, 2.660832860000085 ], [ -72.611228580999978, 2.665040408000038 ], [ -72.616516555999965, 2.668969006 ], [ -72.617904598999985, 2.674572644000023 ], [ -72.616508508999857, 2.675971583000035 ], [ -72.61121349299998, 2.675965716000178 ], [ -72.607040645999916, 2.674559736000049 ], [ -72.60314155299983, 2.674554539000042 ], [ -72.598960491999833, 2.673148725999965 ], [ -72.590888550999864, 2.668937155000151 ], [ -72.577522600999941, 2.666119327000047 ], [ -72.557197490999954, 2.663294458000166 ], [ -72.549110630999849, 2.667486248000102 ], [ -72.544929569999852, 2.672801715000162 ], [ -72.542137557999922, 2.679521319000116 ], [ -72.538207618999934, 2.701365733000102 ], [ -72.536804488999906, 2.706684218000078 ], [ -72.53401951799998, 2.710882881000089 ], [ -72.528442533999964, 2.713396949000071 ], [ -72.521751595999945, 2.714788680000026 ], [ -72.517852502999915, 2.714783651000062 ], [ -72.512283565999837, 2.717297551000058 ], [ -72.508377598999971, 2.722894148000137 ], [ -72.502799609999897, 2.726808664000032 ], [ -72.497505599999954, 2.726801791000071 ], [ -72.491935489999946, 2.72399284800008 ], [ -72.489433491999876, 2.721469057000093 ], [ -72.483871596999847, 2.718661455000131 ], [ -72.480857631999982, 2.719502495000086 ], [ -72.477783484999975, 2.72173811600004 ], [ -72.475791609999931, 2.722243209000169 ], [ -72.470497599999931, 2.720043127000054 ], [ -72.459632640999985, 2.719748252000045 ], [ -72.447372598999891, 2.722533223000028 ], [ -72.439292611999974, 2.726443716000176 ], [ -72.432601505999969, 2.732035284000119 ], [ -72.423118556999952, 2.741265603000045 ], [ -72.417533526999932, 2.750780908000024 ], [ -72.408050576999926, 2.760290177000115 ], [ -72.390479592999952, 2.773709268000118 ], [ -72.375419491999935, 2.787412339000184 ], [ -72.349769527999854, 2.803340134000052 ], [ -72.338905574999956, 2.806123764000176 ], [ -72.325538618999929, 2.803303254000014 ], [ -72.316070588999935, 2.799087324000084 ], [ -72.308006526999975, 2.792352800000117 ], [ -72.304107600999885, 2.789546204000089 ], [ -72.294639570999948, 2.788131339000131 ], [ -72.289070634999973, 2.78952424300013 ], [ -72.283775618999925, 2.792315920000078 ], [ -72.280982600999948, 2.796233622000045 ], [ -72.280975559999945, 2.800434296000162 ], [ -72.282356561999904, 2.808558707000088 ], [ -72.284843640999895, 2.819484853000176 ], [ -72.282051628999909, 2.824802500000033 ], [ -72.275360522999961, 2.827593339000146 ], [ -72.270072547999973, 2.826184509000086 ], [ -72.262000607999937, 2.824770482000076 ], [ -72.251144533999877, 2.82055270800015 ], [ -72.240302542999984, 2.805691929000034 ], [ -72.237815631999979, 2.793365670000071 ], [ -72.231147492999924, 2.781031867000024 ], [ -72.225868569999932, 2.775702149999972 ], [ -72.213615568999899, 2.772883316000161 ], [ -72.200248611999939, 2.772861355000032 ], [ -72.190772535999884, 2.775366202999976 ], [ -72.189376612999865, 2.776763969000172 ], [ -72.193260619999876, 2.786292349000064 ], [ -72.198539541999935, 2.797223692000102 ], [ -72.210761530999832, 2.814887212000144 ], [ -72.219924626999841, 2.83254587 ], [ -72.221282494999912, 2.857193192000068 ], [ -72.218482604999963, 2.86530938900006 ], [ -72.217079641999987, 2.873429776000023 ], [ -72.212890533999939, 2.877343622000069 ], [ -72.207595517999891, 2.880135467 ], [ -72.203422503999946, 2.878728313000124 ], [ -72.183364609999899, 2.878695456000173 ], [ -72.168327642999884, 2.878390522000132 ], [ -72.157737610999959, 2.881172140000103 ], [ -72.154945598999973, 2.885368121000056 ], [ -72.154930511999964, 2.892089402000124 ], [ -72.150741571999902, 2.898803138000119 ], [ -72.146560510999905, 2.901596827000105 ], [ -72.141265494999971, 2.902707597000187 ], [ -72.13459064999995, 2.8987758130001 ], [ -72.127914631999943, 2.891762340000071 ], [ -72.123748490999901, 2.88363407300011 ], [ -72.121253532999958, 2.878309553000122 ], [ -72.115981483999974, 2.865978264999967 ], [ -72.113204558999939, 2.860652739000045 ], [ -72.105148544999963, 2.849717540000086 ], [ -72.098472525999966, 2.842705072000172 ], [ -72.089019583999971, 2.835967531000051 ], [ -72.079551552999931, 2.831749925000167 ], [ -72.067581524999923, 2.830330029999971 ], [ -72.048629538999933, 2.835896620000142 ], [ -72.028289509999979, 2.842300226000077 ], [ -72.021606618999954, 2.84368894000005 ], [ -72.014648632999865, 2.840876309000123 ], [ -72.009368536999887, 2.832746030000067 ], [ -72.006881625999881, 2.824621451000098 ], [ -72.002715484999896, 2.815093071000035 ], [ -71.998825611999905, 2.812285301000088 ], [ -71.991859578999879, 2.813673177000169 ], [ -71.98655651699994, 2.818983783000078 ], [ -71.983756625999945, 2.825979486999984 ], [ -71.983749584999885, 2.831300152000154 ], [ -71.980956566999964, 2.838015397000049 ], [ -71.975654510999959, 2.84080523 ], [ -71.968971618999888, 2.84359321900007 ], [ -71.959495542999946, 2.844695942000044 ], [ -71.952537556999971, 2.844684039000072 ], [ -71.944465616999878, 2.84326900700006 ], [ -71.931106538999984, 2.839043354000069 ], [ -71.920242586999848, 2.837623460000032 ], [ -71.902694569999824, 2.840390493000086 ], [ -71.897399553999946, 2.844299981000063 ], [ -71.890418601999897, 2.851286465000101 ], [ -71.883735542999943, 2.853793324000151 ], [ -71.847251632999985, 2.853723419000119 ], [ -71.83110054399998, 2.854811390000179 ], [ -71.821632513999987, 2.85619323100002 ], [ -71.817726546999893, 2.857584962000146 ], [ -71.817436532999977, 2.862903782000046 ], [ -71.818824575999884, 2.865706356000146 ], [ -71.824386638999954, 2.86851831600012 ], [ -71.825492547999943, 2.872440041000118 ], [ -71.821586580999906, 2.878031609000061 ], [ -71.81880160999998, 2.877746624000167 ], [ -71.816017643999828, 2.877740589000098 ], [ -71.80933357899994, 2.879128297000022 ], [ -71.804038562999949, 2.880516339999986 ], [ -71.797080577999964, 2.877702703000182 ], [ -71.793197577999933, 2.872374998000168 ], [ -71.789314576999914, 2.864247402000046 ], [ -71.787933574999954, 2.857245998000167 ], [ -71.785163522999937, 2.849120748000075 ], [ -71.781272643999955, 2.847712756000078 ], [ -71.778480631999969, 2.849106667000058 ], [ -71.778434530999959, 2.870945883000161 ], [ -71.77953356699993, 2.879066439000042 ], [ -71.78230261199991, 2.88859263900008 ], [ -71.783683614999973, 2.895315093000136 ], [ -71.786170524999932, 2.903439504000062 ], [ -71.791725547999931, 2.909051189000138 ], [ -71.795623635999959, 2.910459181000078 ], [ -71.803703622999876, 2.907674210000152 ], [ -71.809272558999965, 2.909085219000076 ], [ -71.814559527999961, 2.911896845000058 ], [ -71.81983962399994, 2.915826616 ], [ -71.821227499999964, 2.920030476000022 ], [ -71.819824536999931, 2.92394700400007 ], [ -71.818427608999912, 2.926743877000149 ], [ -71.817024645999936, 2.930940529000111 ], [ -71.814514600999985, 2.934855213000162 ], [ -71.814224586999956, 2.940175039000167 ], [ -71.815605589999905, 2.944378731000143 ], [ -71.818382513999836, 2.947182310000017 ], [ -71.822273560999975, 2.953911805000018 ], [ -71.825042606999943, 2.962036216000172 ], [ -71.826415562999955, 2.970158616000049 ], [ -71.828018517999965, 2.972976611000036 ], [ -71.826911603999974, 2.976128207000045 ], [ -71.818756514999961, 2.982307849000108 ], [ -71.82077755899985, 2.990431254000157 ], [ -71.826957536999942, 3.00490512500005 ], [ -71.835861631999933, 3.014542302000109 ], [ -71.850250509999967, 3.022784730000126 ], [ -71.864631508999935, 3.031718162000175 ], [ -71.863952574999985, 3.038619486000073 ], [ -71.858482544999845, 3.042774396000141 ], [ -71.857116629999894, 3.049676893000083 ], [ -71.859863546999975, 3.057260168000028 ], [ -71.868774515999974, 3.066207515000031 ], [ -71.872207575999937, 3.077928768000049 ], [ -71.965377626999896, 3.130130591000125 ], [ -71.989356575999921, 3.139039213000046 ], [ -72.001007588999983, 3.147980524000047 ], [ -72.006805518999897, 3.163565332000076 ], [ -72.014030551999952, 3.165888124999981 ], [ -72.034583648999956, 3.169973800000093 ], [ -72.060607613999878, 3.170595905000141 ], [ -72.085258623999891, 3.170530861000088 ], [ -72.098281586999974, 3.175325477000115 ], [ -72.105819599999904, 3.182207020000135 ], [ -72.105834519999974, 3.196008829000164 ], [ -72.089408503999891, 3.206403227000067 ], [ -72.075706606999972, 3.207130106000079 ], [ -72.064750620999916, 3.207157934000065 ], [ -72.052421511999967, 3.205810961999987 ], [ -72.034614493999925, 3.209306886000093 ], [ -72.017494624999983, 3.211421640000083 ], [ -72.002426644999957, 3.208700036000153 ], [ -71.985992581999938, 3.205982121000034 ], [ -71.964080610999986, 3.210867764000056 ], [ -71.94627359299983, 3.216432175000136 ], [ -71.924362627999926, 3.215107331000127 ], [ -71.907234543999948, 3.209629757000073 ], [ -71.890113500999973, 3.203462353000077 ], [ -71.879142594999962, 3.203898212000183 ], [ -71.879157514999974, 3.206938999000158 ], [ -71.880531643999973, 3.217976121000163 ], [ -71.8757475889999, 3.228336321000086 ], [ -71.87302363799995, 3.245593319000136 ], [ -71.873733585999958, 3.282850375000066 ], [ -71.881286517999968, 3.306291541000178 ], [ -71.891570610999906, 3.324206350000168 ], [ -71.890212574999907, 3.340079999000068 ], [ -71.883369588999926, 3.347686408000129 ], [ -71.872413602999984, 3.352542212000117 ], [ -71.862144598999976, 3.361535491000154 ], [ -71.856101581999951, 3.376894490999973 ], [ -71.857368589999965, 3.38638565500014 ], [ -71.859428526999977, 3.393974127000092 ], [ -71.864883636999934, 3.393961219000062 ], [ -71.884742544999938, 3.387705470000185 ], [ -71.949798518999899, 3.366161129000091 ], [ -71.97307556699991, 3.355753990000096 ], [ -72.003883586999905, 3.340498088000118 ], [ -72.054550515999892, 3.314837897000132 ], [ -72.077827563999961, 3.298907084000177 ], [ -72.10042550999998, 3.292638594000039 ], [ -72.115493489999892, 3.291907860000151 ], [ -72.125762493999844, 3.283600220000039 ], [ -72.136711606999938, 3.271840243000042 ], [ -72.151092605999906, 3.273871178000093 ], [ -72.164123614999937, 3.285569297000166 ], [ -72.162078598999926, 3.298686137000118 ], [ -72.146362529999976, 3.31047226700008 ], [ -72.1217195669999, 3.326390171000128 ], [ -72.093612530999906, 3.330610795000098 ], [ -72.077163548999977, 3.34582763700007 ], [ -72.057327607999923, 3.354164949000165 ], [ -72.039520589999938, 3.3631803560001 ], [ -72.021026590999895, 3.374260562000131 ], [ -71.999153511999964, 3.388119535999977 ], [ -71.966949568999951, 3.40407130300008 ], [ -71.929969617999973, 3.41519962100017 ], [ -71.893669606999879, 3.423565095000072 ], [ -71.859420647999912, 3.424332040000024 ], [ -71.838867549999861, 3.414719505000051 ], [ -71.825187613999958, 3.411297845000092 ], [ -71.809440531999826, 3.423752850000085 ], [ -71.803283521999958, 3.436184889000117 ], [ -71.788909562999891, 3.454845688000034 ], [ -71.767669485999932, 3.476971900000024 ], [ -71.748496552999939, 3.48598127300005 ], [ -71.731368635999956, 3.486708319000172 ], [ -71.706710585999929, 3.485379284000032 ], [ -71.675895524999987, 3.488891134000028 ], [ -71.651924622999957, 3.496528389000161 ], [ -71.638229598999942, 3.500695201000156 ], [ -71.632774487999939, 3.509670375000042 ], [ -71.621131521999928, 3.515902991000075 ], [ -71.605377566999948, 3.516622996000024 ], [ -71.588256523999974, 3.511138549000179 ], [ -71.573875524999892, 3.502886901000124 ], [ -71.55606850699985, 3.498782283000139 ], [ -71.513603606999936, 3.501622071999975 ], [ -71.492378615999939, 3.504419951000102 ], [ -71.473884616999896, 3.507212801000094 ], [ -71.449233607999986, 3.510015374000091 ], [ -71.421844564999958, 3.513512137000134 ], [ -71.397193555999934, 3.517004038000096 ], [ -71.375961523999933, 3.526696367000113 ], [ -71.3609005859999, 3.530858988000034 ], [ -71.357177511999964, 3.530162117000032 ], [ -71.359527629999889, 3.540517120000118 ], [ -71.37185657099991, 3.555672104000109 ], [ -71.384178638999913, 3.567375085000037 ], [ -71.385551594999924, 3.577719359000127 ], [ -71.378013581999824, 3.586698724000087 ], [ -71.367744576999883, 3.593612453000048 ], [ -71.35267659699997, 3.59156760400009 ], [ -71.349227611999879, 3.589675473000113 ], [ -71.342407592999962, 3.599170829000059 ], [ -71.324600574999977, 3.612302756000076 ], [ -71.295150589999821, 3.609589199000027 ], [ -71.256118581999885, 3.611027031000162 ], [ -71.224624585999891, 3.617280601000118 ], [ -71.195861581999907, 3.628354771000147 ], [ -71.177368588999855, 3.639414022000096 ], [ -71.167098578999912, 3.640807933000076 ], [ -71.158195488999922, 3.63875101400015 ], [ -71.151351496999951, 3.639448891000086 ], [ -71.14450063299995, 3.634631308000166 ], [ -71.138343621999979, 3.627054906000183 ], [ -71.130813487999887, 3.624995808000165 ], [ -71.123275641999896, 3.629832669000052 ], [ -71.117111589999979, 3.638116001000071 ], [ -71.114280518999919, 3.641504804000078 ], [ -71.105941530999985, 3.679432078000104 ], [ -71.100364547999959, 3.709774567000011 ], [ -71.103042565999942, 3.729789043000096 ], [ -71.096771560999912, 3.761509685000135 ], [ -71.078201621999824, 3.786302014 ], [ -71.054901607999852, 3.792453493000153 ], [ -71.03297454899996, 3.795847158000186 ], [ -71.001487594999844, 3.79231753800002 ], [ -70.951950546999967, 3.860481522000157 ], [ -70.940971594999837, 3.865281167000035 ], [ -70.921089552999945, 3.872815491999972 ], [ -70.892272569999932, 3.888602472000059 ], [ -70.871673539999904, 3.904409232000148 ], [ -70.859329510999942, 3.909891835000053 ], [ -70.84493258599997, 3.913299414000164 ], [ -70.82708751399997, 3.925663727000085 ], [ -70.814590599999974, 3.930025334000106 ], [ -70.803085598999928, 3.934560950000048 ], [ -70.74898561099991, 3.935780013999988 ], [ -70.710006575999842, 3.92393772600019 ], [ -70.675170547999983, 3.903832222 ], [ -70.657424549999917, 3.889987330000054 ], [ -70.645149588999914, 3.878226011000095 ], [ -70.629798635999975, 3.87490241900008 ], [ -70.628837566999948, 3.872891432000074 ], [ -70.62580851499996, 3.868197064000128 ], [ -70.618118620999894, 3.864200237000091 ], [ -70.612602490999905, 3.869524925000121 ], [ -70.61014558699992, 3.877223200000174 ], [ -70.610099486999957, 3.879828128000042 ], [ -70.608169637999936, 3.881559829000082 ], [ -70.599220614999979, 3.893943923000165 ], [ -70.591598614999953, 3.916675477000183 ], [ -70.590820606999955, 3.938739664000082 ], [ -70.58045956899997, 3.961462165000171 ], [ -70.561935561999917, 3.971055253000031 ], [ -70.543441563999977, 3.97444204500016 ], [ -70.526977493999937, 3.981973520000054 ], [ -70.517341490999968, 3.995042584000146 ], [ -70.499504632999901, 4.003945003000183 ], [ -70.481025553999928, 4.001813988000151 ], [ -70.470123547999947, 3.990746691000027 ], [ -70.442825532999962, 3.971348117000105 ], [ -70.4161756069999, 3.960227008 ], [ -70.390846501999988, 3.962206813000137 ], [ -70.363403647999974, 3.976589824000143 ], [ -70.355125511999915, 3.9910378780001 ], [ -70.357131636999839, 4.002076006000152 ], [ -70.368736549999824, 4.009699347000037 ], [ -70.387863549999906, 4.018729675000088 ], [ -70.396713498999873, 4.028412114000162 ], [ -70.392555571999935, 4.040807272000052 ], [ -70.382263599999931, 4.045596692000061 ], [ -70.369949578999979, 4.044862940000087 ], [ -70.361724584999877, 4.047590579000087 ], [ -70.356216500999949, 4.053776256000049 ], [ -70.345931570999937, 4.057876012000122 ], [ -70.334999556999946, 4.053700316000118 ], [ -70.321327499999882, 4.048824395 ], [ -70.310363634999931, 4.052231302999985 ], [ -70.291824540999983, 4.065260469000123 ], [ -70.263717505999978, 4.075495443000023 ], [ -70.24266853499995, 4.089165489000095 ], [ -70.245819627999879, 4.096798050000189 ], [ -70.250579542999901, 4.103707588000077 ], [ -70.261512561999893, 4.107885129000124 ], [ -70.268997601999956, 4.117564551000044 ], [ -70.269622555999888, 4.129973623000069 ], [ -70.268882601999962, 4.141688506000094 ], [ -70.272277607999854, 4.147906202000115 ], [ -70.281829624999887, 4.154146697000158 ], [ -70.288604549999832, 4.169337723000126 ], [ -70.291961501999936, 4.183826681000085 ], [ -70.285728550999977, 4.198278590000086 ], [ -70.275436579999905, 4.204443145000027 ], [ -70.258979550999925, 4.209203563000131 ], [ -70.240493598999933, 4.210509630999979 ], [ -70.219276486999888, 4.209047827000177 ], [ -70.191879565999955, 4.213075332000074 ], [ -70.165191585999878, 4.211589556000092 ], [ -70.136459595999895, 4.207337919000111 ], [ -70.119300498999905, 4.217605918000174 ], [ -70.111022530999946, 4.230667102000098 ], [ -70.111648491999972, 4.242384165000146 ], [ -70.119270491999885, 4.260995678000029 ], [ -70.098442635999845, 4.261512841000126 ], [ -70.081321592999984, 4.262823771000058 ], [ -70.06626149199991, 4.261386778000087 ], [ -70.054626571999961, 4.261339839000186 ], [ -70.043632532999879, 4.268182154000101 ], [ -70.031959558999858, 4.276399604 ], [ -70.022994610999888, 4.288756877000083 ], [ -70.02157555399998, 4.299080029000152 ], [ -70.01812757499988, 4.305263694000132 ], [ -70.00305154799986, 4.307956296000157 ], [ -69.981117615999949, 4.312684863000129 ], [ -69.956397539999955, 4.327043063000133 ], [ -69.935150588999988, 4.331084482000108 ], [ -69.909797510999965, 4.335107292999965 ], [ -69.892669594999973, 4.337100174000113 ], [ -69.881759541999884, 4.329479850000041 ], [ -69.872894505999966, 4.321869250000077 ], [ -69.865341572999967, 4.325968000999978 ], [ -69.855728535999901, 4.332810483 ], [ -69.84545852499997, 4.332764383000097 ], [ -69.83724258399991, 4.332041528000104 ], [ -69.815330611999968, 4.33401144200019 ], [ -69.803695524999966, 4.333272494000141 ], [ -69.788619497999946, 4.336646210000026 ], [ -69.774894634999953, 4.343470755999988 ], [ -69.761154515999976, 4.351668089000157 ], [ -69.739852579999933, 4.368092764000096 ], [ -69.730911603999914, 4.376312393000148 ], [ -69.715110542999923, 4.386565473000076 ], [ -69.704833490999931, 4.388583332000167 ], [ -69.696639509999898, 4.384415850000153 ], [ -69.687042566999878, 4.387812364000126 ], [ -69.678077617999918, 4.400159578000171 ], [ -69.662986503999889, 4.405596081000112 ], [ -69.643806530999939, 4.408259010999984 ], [ -69.628044528999965, 4.412314511000034 ], [ -69.611564533999967, 4.421870887000068 ], [ -69.599914526999953, 4.423879860999989 ], [ -69.586929617999942, 4.420376058000102 ], [ -69.573265606999939, 4.416181251000182 ], [ -69.561614593999934, 4.418877039000165 ], [ -69.546539572999961, 4.421557907000079 ], [ -69.533538570999951, 4.421494037000116 ], [ -69.523277612999948, 4.420756094000069 ], [ -69.504783613999905, 4.424105838000116 ], [ -69.465164536999907, 4.411524601 ], [ -69.448051539999824, 4.411438603000022 ], [ -69.434364562999974, 4.412058528000045 ], [ -69.428192631999821, 4.414780300000189 ], [ -69.421356519999961, 4.413369625000087 ], [ -69.419326589999969, 4.408543829000109 ], [ -69.415939630999958, 4.403023339000072 ], [ -69.406356600999914, 4.403663382000161 ], [ -69.395393574999844, 4.406360007000103 ], [ -69.38925952999989, 4.402200237000159 ], [ -69.384506487999829, 4.395983882000166 ], [ -69.374252570999886, 4.393869128000176 ], [ -69.366043502999958, 4.393826883000145 ], [ -69.359252484999899, 4.385536510000122 ], [ -69.355895531999977, 4.374512296000148 ], [ -69.345634573999916, 4.374460328000112 ], [ -69.331291628999963, 4.369571667000173 ], [ -69.319015493999927, 4.362629439000045 ], [ -69.308135615999902, 4.352256164000039 ], [ -69.308853608999982, 4.346068643000081 ], [ -69.304778495999983, 4.341231949000132 ], [ -69.293167547999985, 4.337733174999983 ], [ -69.276740526999902, 4.339714154000035 ], [ -69.258994528999949, 4.332055609000065 ], [ -69.242652499999963, 4.320278532000088 ], [ -69.228324641999905, 4.314013730000056 ], [ -69.209876575999942, 4.310481261000064 ], [ -69.19409160899994, 4.320028416000184 ], [ -69.183792595999932, 4.326852962000146 ], [ -69.173507497999822, 4.330925561000186 ], [ -69.159164552999925, 4.326723881000021 ], [ -69.146217529999944, 4.319778468000095 ], [ -69.144828480999934, 4.319771595000134 ], [ -69.138389502999985, 4.335396468 ], [ -69.133537554999975, 4.332307402000026 ], [ -69.127975491999962, 4.332270521000112 ], [ -69.124069524999982, 4.333640459000151 ], [ -69.118484494999905, 4.337791178000089 ], [ -69.114555561999964, 4.343069765000109 ], [ -69.113136504999886, 4.346967518000156 ], [ -69.111755502999927, 4.345841661000179 ], [ -69.107871496999906, 4.344420593000166 ], [ -69.105117538999878, 4.340215057000023 ], [ -69.102355533999969, 4.337406281000142 ], [ -69.098464486999887, 4.33738012900011 ], [ -69.092872583999963, 4.341530009999985 ], [ -69.092857495999965, 4.344042737000166 ], [ -69.094222572999911, 4.348238382000147 ], [ -69.092819609999935, 4.349625252000124 ], [ -69.088928562999968, 4.349598262000029 ], [ -69.086173598999892, 4.345393732000105 ], [ -69.080924515999982, 4.340053956000077 ], [ -69.072868500999959, 4.33860506100001 ], [ -69.0686954869999, 4.339973993000115 ], [ -69.064483580999934, 4.345248725000147 ], [ -69.067214571999955, 4.353360898000119 ], [ -69.069671643999925, 4.360077317000105 ], [ -69.071021632999987, 4.365670058000035 ], [ -69.070999504999918, 4.36957686400018 ], [ -69.06565855599996, 4.377636231000054 ], [ -69.060073525999883, 4.381784770000024 ], [ -69.053390634999914, 4.382856816000071 ], [ -69.049217619999979, 4.382828652000057 ], [ -69.041130592999934, 4.386961434000057 ], [ -69.038642507999953, 4.384151652000128 ], [ -69.03588050399992, 4.381343044000062 ], [ -69.030624547999821, 4.377399191000166 ], [ -69.023673602999963, 4.377353090000156 ], [ -69.019775514999935, 4.378442235000136 ], [ -69.015602500999876, 4.378414072000055 ], [ -69.013107542999876, 4.377280168000027 ], [ -69.008941569999877, 4.37585625000014 ], [ -69.000884548999977, 4.375802271 ], [ -68.996696614999962, 4.378286164000087 ], [ -68.999420565999912, 4.386398673000144 ], [ -69.002159603999985, 4.391998957000055 ], [ -69.009872631999826, 4.402936335000163 ], [ -69.011238546999948, 4.40685403700013 ], [ -69.009818484999983, 4.411030739000182 ], [ -69.007316485999979, 4.411012802000016 ], [ -69.00455448199989, 4.408203020000087 ], [ -69.003196612999886, 4.40400720700012 ], [ -69.00180856999998, 4.402882356000021 ], [ -69.000717581999936, 4.400083471000187 ], [ -68.997978542999988, 4.394481845000143 ], [ -68.991355498999894, 4.386343687000021 ], [ -68.988601540999923, 4.382416933 ], [ -68.983344578999947, 4.378194298000153 ], [ -68.978057608999904, 4.379554178000035 ], [ -68.97246553899987, 4.383422594000024 ], [ -68.971046482999952, 4.387599464000118 ], [ -68.968246591999957, 4.391488164000179 ], [ -68.964324531999978, 4.395646762000183 ], [ -68.960121509999908, 4.399525571000027 ], [ -68.95868652799993, 4.406213157000025 ], [ -68.960037522999983, 4.411804724000035 ], [ -68.962486547999958, 4.419915054000114 ], [ -68.962425527999869, 4.429403200000024 ], [ -68.958503634999886, 4.433283183000185 ], [ -68.951530561999903, 4.436024904000078 ], [ -68.949035604999892, 4.434612050000055 ], [ -68.943489634999935, 4.433179080000173 ], [ -68.936836582999945, 4.430341303000148 ], [ -68.9273605059999, 4.433065924000061 ], [ -68.922035482999945, 4.439725514000031 ], [ -68.922012516999985, 4.442517358000089 ], [ -68.917816535999975, 4.446393989000171 ], [ -68.904098545999943, 4.459971163000148 ], [ -68.90264160299995, 4.469449419000114 ], [ -68.90537259499996, 4.476165838000099 ], [ -68.909255594999877, 4.477588918000095 ], [ -68.916183573999888, 4.480429712000102 ], [ -68.925353542999915, 4.481888499000149 ], [ -68.929511637999894, 4.483035311000151 ], [ -68.926696491999849, 4.488597039000069 ], [ -68.924194493999948, 4.488579102000131 ], [ -68.918601584999919, 4.492445841 ], [ -68.918525644999875, 4.503329742000062 ], [ -68.915718545999937, 4.507495548000122 ], [ -68.91182749799998, 4.507188603000031 ], [ -68.903465543999971, 4.509919427 ], [ -68.900932532999946, 4.514087245000098 ], [ -68.899513643999967, 4.517983656000126 ], [ -68.895324536999908, 4.520744655000044 ], [ -68.889511518999882, 4.52353029700015 ], [ -68.887260642999877, 4.520687658000043 ], [ -68.88448355099996, 4.520666536000078 ], [ -68.877792612999883, 4.52313048000002 ], [ -68.877708625999958, 4.534012537000081 ], [ -68.876304489999939, 4.536792479000042 ], [ -68.872131642999989, 4.536762472000134 ], [ -68.86823254899997, 4.537850443000025 ], [ -68.861556530999962, 4.537802499000122 ], [ -68.856033527999955, 4.532460711999988 ], [ -68.853568576999919, 4.526862271000141 ], [ -68.848022606999962, 4.525426116000062 ], [ -68.841339547999894, 4.526772082000093 ], [ -68.839919485999985, 4.530947778000041 ], [ -68.83988964699995, 4.534854583000083 ], [ -68.838439576999974, 4.542936079000128 ], [ -68.833068621999985, 4.555174161000025 ], [ -68.830253642999878, 4.560454760000084 ], [ -68.827392563999922, 4.571316700000125 ], [ -68.823196583999959, 4.574074514000017 ], [ -68.820693579999954, 4.574055739000187 ], [ -68.815154482999958, 4.571226008000053 ], [ -68.809852593999949, 4.573975608000012 ], [ -68.80568661999996, 4.573666818000049 ], [ -68.80318462199989, 4.573648713000068 ], [ -68.80180361999993, 4.572521683000105 ], [ -68.800430495999933, 4.569722965000153 ], [ -68.796279609999942, 4.566901281000071 ], [ -68.791000519999955, 4.566862054000126 ], [ -68.784286615999974, 4.572112646000051 ], [ -68.78289052599996, 4.573498677000089 ], [ -68.782829505999985, 4.581589226000062 ], [ -68.783904567999912, 4.585781854000061 ], [ -68.79081762699991, 4.591134368999974 ], [ -68.793312583999921, 4.592548229000101 ], [ -68.79996462999992, 4.595388017000062 ], [ -68.802696627999921, 4.602104604000033 ], [ -68.806831587999852, 4.606320366000148 ], [ -68.810729507999952, 4.606350373000055 ], [ -68.817367640999862, 4.610584073000098 ], [ -68.817336626999975, 4.614490710000098 ], [ -68.814536568999984, 4.617260426000144 ], [ -68.805068538999876, 4.619701236000083 ], [ -68.801177491999908, 4.619671229000176 ], [ -68.795570500999986, 4.625209823000148 ], [ -68.795539487999974, 4.629115622000143 ], [ -68.803543534999847, 4.637268029000097 ], [ -68.802131519999875, 4.640046630000029 ], [ -68.801010523999935, 4.641433835000157 ], [ -68.798232593999955, 4.641412713000022 ], [ -68.794052538999949, 4.64277644800012 ], [ -68.783210546999953, 4.642416697000101 ], [ -68.775138605999985, 4.643750425000178 ], [ -68.769821629999967, 4.647894103000169 ], [ -68.763130523999962, 4.650354024000023 ], [ -68.762786530999904, 4.658443566000017 ], [ -68.765548535999983, 4.661255360000155 ], [ -68.770812538999905, 4.664084084000081 ], [ -68.774963591999892, 4.666905768000163 ], [ -68.773544535999974, 4.670801509000171 ], [ -68.768249519999927, 4.672156360000088 ], [ -68.764076505999981, 4.672124341000028 ], [ -68.76019249999996, 4.670700423000142 ], [ -68.757415574999982, 4.670678630000054 ], [ -68.750717595999902, 4.673417334000135 ], [ -68.749313626999935, 4.675916985000129 ], [ -68.745086633999961, 4.682580765000068 ], [ -68.740905572999964, 4.683944501000155 ], [ -68.728950631999965, 4.683852635000164 ], [ -68.71525560799995, 4.693231817000139 ], [ -68.711364560999982, 4.69320281600011 ], [ -68.705825631999971, 4.69037006800005 ], [ -68.701942630999952, 4.688945144000058 ], [ -68.6939395899999, 4.680793744000141 ], [ -68.688377526999943, 4.6807508280001 ], [ -68.683082510999895, 4.683219634000125 ], [ -68.681655575999969, 4.687394157000085 ], [ -68.683013610999978, 4.691310015000113 ], [ -68.682975557999953, 4.696887668000159 ], [ -68.681556500999932, 4.700783409 ], [ -68.678741522999985, 4.704945023999983 ], [ -68.674880482999924, 4.700731274000077 ], [ -68.674903616999984, 4.698219553000172 ], [ -68.673530493999976, 4.695419662000063 ], [ -68.673561506999931, 4.691234913000073 ], [ -68.670890529999838, 4.677825041000062 ], [ -68.667015575999926, 4.675005369000189 ], [ -68.661712512999941, 4.677753963000043 ], [ -68.657524578999983, 4.680231821000064 ], [ -68.656104516999903, 4.684404667000024 ], [ -68.654685628999914, 4.68718427400006 ], [ -68.653259531999879, 4.692472920000114 ], [ -68.653236564999929, 4.695261747000188 ], [ -68.650352519999956, 4.708628703000045 ], [ -68.647537541999839, 4.712791324000136 ], [ -68.642219558999898, 4.718050130000051 ], [ -68.638008490999937, 4.723315474000117 ], [ -68.637969598999973, 4.72750022300005 ], [ -68.636550542999885, 4.731393952000076 ], [ -68.633788537999976, 4.732099038000172 ], [ -68.633071549999897, 4.736217570000065 ], [ -68.628265533999979, 4.734917872000153 ], [ -68.62709860599989, 4.731319185000018 ], [ -68.627120565999917, 4.728530191 ], [ -68.624656621999975, 4.723210700000152 ], [ -68.619407538999894, 4.718985885000109 ], [ -68.613853522999989, 4.718941964000123 ], [ -68.609924588999888, 4.723094694000167 ], [ -68.609603561999961, 4.728391219000059 ], [ -68.609565507999946, 4.733969878000096 ], [ -68.607032496999977, 4.737855561000117 ], [ -68.602821596999888, 4.743121073000054 ], [ -68.604148619999933, 4.750104539000063 ], [ -68.608016532999955, 4.754040346000181 ], [ -68.606567636999955, 4.761002019000045 ], [ -68.603767577999918, 4.763489600000071 ], [ -68.598464515999979, 4.766236518000142 ], [ -68.597053505999952, 4.769014113000026 ], [ -68.595611483999903, 4.775696837000112 ], [ -68.598342642999967, 4.78101951300016 ], [ -68.602226481999935, 4.782444269000109 ], [ -68.60210460899998, 4.787046772000167 ], [ -68.592864565999946, 4.793844328000034 ], [ -68.589904580999985, 4.793223564000186 ], [ -68.577918626999974, 4.797032133000073 ], [ -68.568458643999918, 4.798350103000075 ], [ -68.56040950199997, 4.79688930500015 ], [ -68.554870572999903, 4.794056390000151 ], [ -68.549644623999882, 4.787321028000122 ], [ -68.54440358699992, 4.781699285000116 ], [ -68.54165650199991, 4.777772699000138 ], [ -68.536354612999901, 4.780239325000082 ], [ -68.534927509999875, 4.784412172000145 ], [ -68.537391621999916, 4.789730657000121 ], [ -68.538719482999909, 4.796713118000071 ], [ -68.53730059499992, 4.800606847000097 ], [ -68.529151540999976, 4.81141799300002 ], [ -68.522415507999881, 4.819448527000134 ], [ -68.515418630999989, 4.824691072 ], [ -68.510116573999937, 4.827436815999988 ], [ -68.502021499999842, 4.831273716000055 ], [ -68.499206520999962, 4.835434325000108 ], [ -68.495025627999894, 4.836515256000098 ], [ -68.492538549999836, 4.835378502000026 ], [ -68.489776544999927, 4.832567714000163 ], [ -68.488433595999936, 4.826978829000041 ], [ -68.488517582999918, 4.816381924000154 ], [ -68.487480573999846, 4.808007229000111 ], [ -68.486129578999964, 4.802697629000079 ], [ -68.481964610999967, 4.802663766000023 ], [ -68.478050597999982, 4.805419568000104 ], [ -68.477958563999891, 4.816015803000141 ], [ -68.476493574999893, 4.825486180000098 ], [ -68.473678596999889, 4.829644777000169 ], [ -68.469505582999943, 4.829610747 ], [ -68.467018503999952, 4.828196049000042 ], [ -68.464263539999877, 4.825384256000177 ], [ -68.462890584999968, 4.822584365000068 ], [ -68.459060557999976, 4.815858893000154 ], [ -68.453475527999899, 4.818601452000109 ], [ -68.449516587999824, 4.82665595800006 ], [ -68.44387858399989, 4.836089287000163 ], [ -68.439979490999974, 4.837451346000137 ], [ -68.437164511999924, 4.841330827000036 ], [ -68.432929638999894, 4.849382483000113 ], [ -68.435653589999959, 4.856097896000165 ], [ -68.43421156799991, 4.861662306000142 ], [ -68.430000498999959, 4.86692513600002 ], [ -68.424682516999951, 4.871062778000066 ], [ -68.413787551999974, 4.877663192000171 ], [ -68.401512589999982, 4.882857960000081 ], [ -68.39482852499998, 4.884194706000187 ], [ -68.390647631999911, 4.885273792000135 ], [ -68.385391507999884, 4.882719826000027 ], [ -68.384025592999933, 4.879920103000131 ], [ -68.381271634999962, 4.877109316000144 ], [ -68.377418641999952, 4.871778760000154 ], [ -68.37218464599988, 4.866158024000185 ], [ -68.366653595999935, 4.863322257999982 ], [ -68.357200484999964, 4.863241289000143 ], [ -68.350517593999939, 4.864578203000121 ], [ -68.339645594999922, 4.868667063000032 ], [ -68.33434253199988, 4.871131677 ], [ -68.327659640999912, 4.872467585000038 ], [ -68.323493499999927, 4.872432549000166 ], [ -68.320739541999956, 4.869621761000133 ], [ -68.315490625999985, 4.865394097000092 ], [ -68.302116628999897, 4.869460829000161 ], [ -68.300704613999983, 4.872235574000115 ], [ -68.295112542999846, 4.876090244000011 ], [ -68.289840493999975, 4.87465157400004 ], [ -68.26300063399998, 4.860760581000079 ], [ -68.253570489999959, 4.859283522000169 ], [ -68.237449575999904, 4.859144718000039 ], [ -68.229354500999875, 4.862976421000099 ], [ -68.221252552999943, 4.868479811000157 ], [ -68.214271601999883, 4.872321572000146 ], [ -68.210357587999965, 4.875074525000116 ], [ -68.203727502999925, 4.870835796000108 ], [ -68.199592541999948, 4.866897140000049 ], [ -68.195762514999956, 4.859894563000182 ], [ -68.191665608999983, 4.851775013000179 ], [ -68.18782049399988, 4.846446637000042 ], [ -68.167541485999948, 4.84599066200002 ], [ -68.154205541999886, 4.845872477000114 ], [ -68.146133601999964, 4.847195644000067 ], [ -68.136665571999913, 4.849898137000139 ], [ -68.132476631999907, 4.852371134 ], [ -68.124381556999879, 4.85647893700002 ], [ -68.117690618999973, 4.858927459000085 ], [ -68.109344590999967, 4.860246435000136 ], [ -68.099838506999902, 4.866851207000025 ], [ -68.093147568999825, 4.869578846000024 ], [ -68.085044614999958, 4.874799597999981 ], [ -68.079780611999979, 4.873359420000043 ], [ -68.07563760499994, 4.870535723999978 ], [ -68.069030485999917, 4.863788292000038 ], [ -68.05963152299995, 4.858131681000145 ], [ -68.050224512999932, 4.854146086000185 ], [ -68.035514607999971, 4.852620077000097 ], [ -68.031333546999974, 4.853697989000125 ], [ -68.029937624999945, 4.855077985999969 ], [ -68.034042577999855, 4.862080395000021 ], [ -68.036773569999866, 4.867400054000086 ], [ -68.037872604999848, 4.868803855000124 ], [ -68.033958591999919, 4.871554628000126 ], [ -68.028388481999912, 4.872618627000122 ], [ -68.025886483999955, 4.872595493000176 ], [ -68.018974598999932, 4.869746987000042 ], [ -68.008399486999906, 4.871044841000128 ], [ -67.996093511999902, 4.880407092000155 ], [ -67.982360600999982, 4.893655025000044 ], [ -67.970069545999877, 4.901623365000148 ], [ -67.959159492999845, 4.909601763000182 ], [ -67.944366607999939, 4.917544455000098 ], [ -67.933502487999988, 4.92134497700016 ], [ -67.925460554999916, 4.919877977000056 ], [ -67.920204597999884, 4.917320323000183 ], [ -67.910789541999918, 4.914448515000061 ], [ -67.897231645999966, 4.908751 ], [ -67.881126488999882, 4.90860079600003 ], [ -67.859687592999876, 4.913693473000137 ], [ -67.809661544999983, 4.898234561000038 ], [ -67.809440597999981, 4.902703289000101 ], [ -67.796852487999956, 4.971819457000038 ], [ -67.789794589999929, 5.019837872000153 ], [ -67.753044637999892, 5.045838703000072 ], [ -67.715957566999975, 5.06091774700019 ], [ -67.690948481999897, 5.086919919000081 ], [ -67.636764506999953, 5.136662156000057 ], [ -67.587234499999965, 5.191879116999985 ], [ -67.559272638999914, 5.24274620500006 ], [ -67.53740659999994, 5.304133755000123 ], [ -67.523689615999899, 5.354402208000124 ], [ -67.495849626999984, 5.416306418000147 ], [ -67.490501637999898, 5.431998515000089 ], [ -67.464881512999966, 5.486523298000179 ], [ -67.450950621999937, 5.516555322000102 ], [ -67.443061574999888, 5.552509663000023 ], [ -67.432525521999878, 5.598608119000176 ], [ -67.408279525999887, 5.652657313000077 ], [ -67.388809538999908, 5.681364996000127 ], [ -67.362258518999909, 5.734978331000093 ], [ -67.3369595879999, 5.776620967000042 ], [ -67.306014607999941, 5.806818953000175 ], [ -67.300147610999829, 5.811182571000074 ], [ -67.298492519999911, 5.819466071000136 ], [ -67.281486643999983, 5.84214046000011 ], [ -67.241805540999906, 5.88748806500007 ], [ -67.207794627999931, 5.910162454000101 ], [ -67.185111521999943, 5.955510059000062 ], [ -67.187965559999839, 5.966911292000077 ], [ -67.192779621999875, 5.977543233000176 ], [ -67.197669623999843, 5.988024635000045 ], [ -67.210243484999978, 6.020168396000145 ], [ -67.212341642999945, 6.039034886000081 ], [ -67.207450634999987, 6.053708917000165 ], [ -67.201858563999963, 6.061395289000018 ], [ -67.190681630999961, 6.069081830000187 ], [ -67.171111563999943, 6.082357759000047 ], [ -67.153640492999898, 6.087948321000056 ], [ -67.140365569999915, 6.087249270000029 ], [ -67.111015496999869, 6.087249270000029 ], [ -67.085159504999979, 6.083056809000141 ], [ -67.077392498999927, 6.083056809000141 ], [ -67.037727488999963, 6.102889063000077 ], [ -67.037727488999963, 6.136900814000057 ], [ -67.032058639999946, 6.15957419800003 ], [ -67.020721612999921, 6.244601732000149 ], [ -66.97536461999988, 6.295618019000187 ], [ -66.924346489999948, 6.306955213000151 ], [ -66.896003586999939, 6.323960083000088 ], [ -66.867660516999933, 6.357970493000039 ], [ -66.86199150099992, 6.386313564000091 ], [ -66.88466656099996, 6.448665871000117 ], [ -66.88466656099996, 6.488346136000132 ], [ -66.856323489999909, 6.53936141600019 ], [ -66.720268604999887, 6.55636695700008 ], [ -66.657913615999973, 6.55636695700008 ], [ -66.618225639999935, 6.567704319000086 ], [ -66.589881562999892, 6.641393821000179 ], [ -66.567207509999946, 6.675404566000054 ], [ -66.572875519999968, 6.709415815000114 ], [ -66.572875519999968, 6.777437977000091 ], [ -66.584213552999984, 6.794442847000028 ], [ -66.572875519999968, 6.88513805700012 ], [ -66.561538492999944, 6.919148802 ], [ -66.555869643999927, 6.987170796000157 ], [ -66.521858562999967, 7.032518401000118 ], [ -66.482177627999988, 7.089203201000146 ], [ -66.425483607999979, 7.145888336000041 ], [ -66.363128618999951, 7.145888336000041 ], [ -66.295104612999921, 7.100540563000095 ], [ -66.26108548499991, 7.015512693000119 ], [ -66.238410592999969, 6.947491537000019 ], [ -66.181724619999954, 6.856796159999988 ], [ -66.177162517999875, 6.856226358000129 ], [ -66.091018513999984, 6.845458965000148 ], [ -65.959655482999892, 6.896210383000039 ], [ -65.94824251599988, 6.891272604000108 ], [ -65.92741348699991, 6.879516649000095 ], [ -65.907592632999922, 6.875109948000045 ], [ -65.892120477999981, 6.889978773000109 ], [ -65.875816501999964, 6.913594953000143 ], [ -65.869773485999985, 6.930934764000142 ], [ -65.866004478999969, 6.941747922000104 ], [ -65.865867518999949, 6.971646841000108 ], [ -65.861083630999985, 6.996991034000189 ], [ -65.860404528999936, 7.019075337000174 ], [ -65.858596552999984, 7.01830856100014 ], [ -65.858596552999984, 7.026849888000129 ], [ -65.858596552999984, 7.05519178500009 ], [ -65.852928541999972, 7.077866342000107 ], [ -65.773567509999907, 7.089203201000146 ], [ -65.722541499999977, 7.094871044000058 ], [ -65.677192553999987, 7.094871044000058 ], [ -65.637512624999886, 7.123213779000082 ], [ -65.631843607999883, 7.145888336000041 ], [ -65.643180634999908, 7.225246351000123 ], [ -65.677192553999987, 7.270594291000066 ], [ -65.711204640999938, 7.28193131800009 ], [ -65.733879532999879, 7.315942064000012 ], [ -65.762229643999888, 7.344284967000078 ], [ -65.767898492999905, 7.42364298200016 ], [ -65.756561633999979, 7.474659268000096 ], [ -65.73954754399989, 7.485995624000168 ], [ -65.637512624999886, 7.48032794900007 ], [ -65.580825477999952, 7.457653560000097 ], [ -65.546806517999869, 7.440649025000084 ], [ -65.495788555999866, 7.434980177 ], [ -65.456108625999889, 7.434980177 ], [ -65.422096538999881, 7.463322409000114 ], [ -65.399421479999944, 7.48032794900007 ], [ -65.365402519999918, 7.48032794900007 ], [ -65.331390600999953, 7.463322409000114 ], [ -65.303047529999901, 7.434980177 ], [ -65.263366594999923, 7.42931183100012 ], [ -65.235023523999985, 7.440649025000084 ], [ -65.195335547999946, 7.42931183100012 ], [ -65.176071587999957, 7.419678342000054 ], [ -65.167091551999988, 7.41518865900008 ], [ -65.163345511999921, 7.411761969000054 ], [ -65.158584590999908, 7.406374417000166 ], [ -65.148445504999984, 7.394889366000143 ], [ -65.127151615999821, 7.382217269000137 ], [ -65.115493561999983, 7.367611300000021 ], [ -65.103431499999886, 7.357609846000059 ], [ -65.092643487999908, 7.338396343999989 ], [ -65.075035623999895, 7.326149043000157 ], [ -65.045432585999947, 7.310339264999982 ], [ -65.024391493999929, 7.320661578000056 ], [ -65.005042540999966, 7.317630850000114 ], [ -65.004424626999878, 7.303378764000058 ], [ -64.991317509999931, 7.281888235000167 ], [ -64.972999530999971, 7.289425913000116 ], [ -64.966247572999976, 7.302829750000114 ], [ -64.961830477999911, 7.31943078 ], [ -64.964919543999883, 7.349758517000168 ], [ -64.944175506999954, 7.345359694000081 ], [ -64.937530501999902, 7.368884008000123 ], [ -64.940444554999942, 7.383113965000064 ], [ -64.94612161799995, 7.397316933000184 ], [ -64.944000492999919, 7.41389566700002 ], [ -64.945671508999965, 7.441017997000074 ], [ -64.953651583999886, 7.45565984000018 ], [ -64.949653583999975, 7.469036687000028 ], [ -64.945739569999944, 7.489772175000098 ], [ -64.941795549999938, 7.507750016000159 ], [ -64.934623489999979, 7.524376694000068 ], [ -64.920417505999978, 7.529115655 ], [ -64.897407504999933, 7.527499623999972 ], [ -64.873451522999972, 7.524052818000087 ], [ -64.850929516999884, 7.525191751000079 ], [ -64.832069563999937, 7.524915651000128 ], [ -64.814552559999981, 7.520485983000071 ], [ -64.777366581999956, 7.526827731000083 ], [ -64.756668476999948, 7.526108731000079 ], [ -64.734466491999967, 7.514366690000145 ], [ -64.745750545999954, 7.494938109000145 ], [ -64.759902550999925, 7.485141508000027 ], [ -64.782813476999877, 7.477559239000129 ], [ -64.802001497999981, 7.466332015000035 ], [ -64.817954606999933, 7.452839162000032 ], [ -64.812644502999945, 7.429893702000072 ], [ -64.793815563999885, 7.431916423000189 ], [ -64.766113540999925, 7.422066346000065 ], [ -64.738548478999974, 7.424634896000157 ], [ -64.722991498999988, 7.432144411000024 ], [ -64.708366586999887, 7.440106884000102 ], [ -64.687622549999844, 7.435708229000056 ], [ -64.67239363799996, 7.431257438000102 ], [ -64.651367633999939, 7.442500755000026 ], [ -64.628944533999857, 7.452839162000032 ], [ -64.604171483999949, 7.458598703000064 ], [ -64.572860548999984, 7.454763983000021 ], [ -64.547035569999935, 7.448115289000043 ], [ -64.532669490999979, 7.438136131000022 ], [ -64.522285485999873, 7.413859960000025 ], [ -64.513862511999889, 7.400602806 ], [ -64.504524568999898, 7.387354706000053 ], [ -64.487838545999978, 7.375558686000147 ], [ -64.459190542999977, 7.362958506000155 ], [ -64.440658489999976, 7.350258581000162 ], [ -64.423614559999919, 7.347666562000029 ], [ -64.386894615999893, 7.354463279000072 ], [ -64.36270159299994, 7.370796926000139 ], [ -64.342643531999897, 7.387090676000071 ], [ -64.33364857599986, 7.406036459000063 ], [ -64.331054544999972, 7.421239220000018 ], [ -64.332595640999955, 7.435943090000023 ], [ -64.341003527999987, 7.447821252000153 ], [ -64.345779536999942, 7.464332260000049 ], [ -64.355224600999918, 7.487238661000049 ], [ -64.362350558999935, 7.508326859000022 ], [ -64.359977642999979, 7.543767557000137 ], [ -64.344909494999968, 7.553572874999986 ], [ -64.321021573999928, 7.556564376000154 ], [ -64.301757613999939, 7.560892288000161 ], [ -64.287544587999832, 7.564710077000086 ], [ -64.265876529999957, 7.560321145000046 ], [ -64.25119059799988, 7.562764135 ], [ -64.23380250699995, 7.57121259000013 ], [ -64.211852481999927, 7.58246361900018 ], [ -64.193511536999949, 7.58770331400018 ], [ -64.170082607999973, 7.589770961999989 ], [ -64.152633497999943, 7.592239768000184 ], [ -64.140815516999908, 7.605233897000176 ], [ -64.132354488999908, 7.630614132000062 ], [ -64.131652587999952, 7.650859781000179 ], [ -64.136001621999981, 7.669675310000059 ], [ -64.13207252199993, 7.689031974000102 ], [ -64.111335524999959, 7.6855531490001 ], [ -64.091873583999927, 7.671484124000187 ], [ -64.077796512999953, 7.646325004000062 ], [ -64.07393647899994, 7.629343268000071 ], [ -64.078788594999935, 7.610436711999967 ], [ -64.084114623999938, 7.592446801000165 ], [ -64.072441482999977, 7.576462176000177 ], [ -64.070442566999873, 7.561763 ], [ -64.084503544999961, 7.54368742600019 ], [ -64.102706523999984, 7.5260317850001 ], [ -64.114532550999968, 7.513957653000148 ], [ -64.126357571999961, 7.501423355000099 ], [ -64.129852490999951, 7.484831546000123 ], [ -64.123283592999883, 7.47247662000018 ], [ -64.106224575999988, 7.468502928000021 ], [ -64.077934478999964, 7.489016295000056 ], [ -64.061531597999931, 7.503434342000105 ], [ -64.045059481999942, 7.510954753000021 ], [ -64.025710528999923, 7.507923186000085 ], [ -64.024154511999882, 7.491379321000181 ], [ -64.033981622999931, 7.464606013000093 ], [ -64.042060603999971, 7.446589448000168 ], [ -64.045547475999911, 7.428616636000072 ], [ -64.043159639999942, 7.420820460000016 ], [ -64.036552520999976, 7.404786550000154 ], [ -64.014396635999958, 7.397182990000033 ], [ -64.002525513999899, 7.405117300000143 ], [ -63.986644489999946, 7.425050974000101 ], [ -63.971469556999978, 7.425198160000036 ], [ -63.966655494999941, 7.405466322000052 ], [ -63.962791604999893, 7.388485760000037 ], [ -63.962112502999901, 7.368254025000169 ], [ -63.948509511999987, 7.343549036000013 ], [ -63.933708579999973, 7.335873391000064 ], [ -63.902915478999887, 7.337553460000095 ], [ -63.884193492999884, 7.349694479 ], [ -63.873256617999914, 7.358998895000184 ], [ -63.866531481999857, 7.375164736000045 ], [ -63.860759535999932, 7.394078165000053 ], [ -63.860454601999947, 7.408339135000176 ], [ -63.858768497999961, 7.422614355000064 ], [ -63.858924568999896, 7.436872307000044 ], [ -63.862384618999954, 7.459375370000089 ], [ -63.867759597999964, 7.48830131800014 ], [ -63.863391620999948, 7.509501834000162 ], [ -63.859420609999916, 7.525178843000049 ], [ -63.846042589999968, 7.521170113000039 ], [ -63.834384535999902, 7.506564982000157 ], [ -63.82678248499991, 7.484100811000133 ], [ -63.822334543999943, 7.455626816000063 ], [ -63.811534629999983, 7.43503331800008 ], [ -63.799034529999972, 7.42733588100009 ], [ -63.792423554999857, 7.411300965000123 ], [ -63.793113553999945, 7.39013665900012 ], [ -63.782886625999822, 7.380116429000054 ], [ -63.76965763599992, 7.389904481000087 ], [ -63.755306475999987, 7.381305318000102 ], [ -63.756961566999905, 7.364270441000087 ], [ -63.765449584999942, 7.341191206000133 ], [ -63.751010582999925, 7.324312400000167 ], [ -63.732967530999986, 7.314368948000094 ], [ -63.719181478999985, 7.315421883000056 ], [ -63.70479159599995, 7.345459774 ], [ -63.695758585999897, 7.360725567000031 ], [ -63.677440606999937, 7.367804252000155 ], [ -63.663574592999908, 7.361499552000055 ], [ -63.647846621999918, 7.352913130000161 ], [ -63.626625486999842, 7.346680850000155 ], [ -63.600742504999914, 7.334972672000049 ], [ -63.583221477999928, 7.330544010000096 ], [ -63.550075576999916, 7.327647224000032 ], [ -63.522865571999944, 7.320552446000136 ], [ -63.504032608999978, 7.322575502000177 ], [ -63.468231488999947, 7.328903001000128 ], [ -63.446643561999963, 7.331412710000052 ], [ -63.431339547999983, 7.319602776000067 ], [ -63.442707587999905, 7.307533674000126 ], [ -63.458286528999906, 7.302321974 ], [ -63.494117487999915, 7.29875329500004 ], [ -63.523113508999927, 7.300771993000126 ], [ -63.548873611999966, 7.301440030000037 ], [ -63.578308508999953, 7.301614039000128 ], [ -63.608646639999961, 7.300399166000091 ], [ -63.633857560999957, 7.292794432000051 ], [ -63.645732537999891, 7.285320289000083 ], [ -63.654346619999956, 7.273737840000024 ], [ -63.658214532999978, 7.248861860000034 ], [ -63.648322545999974, 7.227340318000131 ], [ -63.632411514999944, 7.201737292000189 ], [ -63.617076487999952, 7.187166359000116 ], [ -63.593948636999926, 7.174974043000134 ], [ -63.579231523999908, 7.174657207000166 ], [ -63.555362545999969, 7.17902971 ], [ -63.53612155199994, 7.18565543700015 ], [ -63.521209475999967, 7.16786166300011 ], [ -63.532047611999985, 7.149358108000115 ], [ -63.550334577999877, 7.139521777000084 ], [ -63.540969476999919, 7.123972844000093 ], [ -63.527095583999881, 7.116749488000153 ], [ -63.50951755899996, 7.107261173000154 ], [ -63.499225587999888, 7.091262299000164 ], [ -63.505023517999916, 7.074648529000058 ], [ -63.517364528999963, 7.06762784700004 ], [ -63.533462476999887, 7.067930936000153 ], [ -63.549449615999947, 7.057657573000029 ], [ -63.547439635999979, 7.042037896000011 ], [ -63.551383488999875, 7.024062234000041 ], [ -63.567829620999873, 7.013780824000094 ], [ -63.576446552999982, 7.002659715000163 ], [ -63.583183591999898, 6.987874709000039 ], [ -63.586204596999949, 6.969448100000136 ], [ -63.588252630999932, 6.946429885000157 ], [ -63.593109608999953, 6.927984166000101 ], [ -63.60954652099997, 6.916784937999978 ], [ -63.621299625999882, 6.898272331000101 ], [ -63.636680585999954, 6.874663863000023 ], [ -63.639705614999855, 6.856697086000167 ], [ -63.64965459799987, 6.840962409000042 ], [ -63.667118628999958, 6.839871588000165 ], [ -63.676921599999957, 6.853575497000065 ], [ -63.685844638999924, 6.87050526500019 ], [ -63.695609555999908, 6.880530357000112 ], [ -63.70694356599995, 6.865241765000064 ], [ -63.713668533999908, 6.849538605000021 ], [ -63.711185478999937, 6.832542955000122 ], [ -63.711490579999918, 6.818281985 ], [ -63.715484556999911, 6.804904132000047 ], [ -63.727786508999941, 6.794205639000097 ], [ -63.745281552999984, 6.795874811000033 ], [ -63.763614618999952, 6.790176961000043 ], [ -63.782768608999902, 6.775272261000111 ], [ -63.795497534999981, 6.761810086000139 ], [ -63.806301639999958, 6.740086875000145 ], [ -63.806144562999975, 6.72582992800011 ], [ -63.796768565999912, 6.709360997000033 ], [ -63.781974506999916, 6.702146526000035 ], [ -63.760383562999891, 6.704197242000077 ], [ -63.744216547999883, 6.697914670000046 ], [ -63.735320498999954, 6.683282717000054 ], [ -63.739295532999961, 6.668064868999977 ], [ -63.747363616999962, 6.648668474000146 ], [ -63.751357593999955, 6.6352902860001 ], [ -63.745658570999922, 6.618786654000075 ], [ -63.74319462599982, 6.603633515000126 ], [ -63.736148630999935, 6.589902784000117 ], [ -63.73043049599994, 6.571561 ], [ -63.71865459299994, 6.5459158970001 ], [ -63.705554516999939, 6.525345365000021 ], [ -63.687530574999982, 6.517240903000186 ], [ -63.670562584999971, 6.521546687000125 ], [ -63.656921540999917, 6.535937576000038 ], [ -63.646926623999946, 6.54707477900007 ], [ -63.63976261199997, 6.565082627000038 ], [ -63.629840616999957, 6.583117130000176 ], [ -63.626323570999887, 6.597870118000117 ], [ -63.615970578999963, 6.618668470000046 ], [ -63.6041645009999, 6.632582429000138 ], [ -63.591850478999959, 6.641900758000077 ], [ -63.577648517999876, 6.647098376000088 ], [ -63.569141556999966, 6.646314668000116 ], [ -63.564964518999943, 6.648818511000059 ], [ -63.542331536999939, 6.65937970900012 ], [ -63.516681571999925, 6.683519757000113 ], [ -63.498577498999907, 6.721238154000162 ], [ -63.496940512999913, 6.735540195 ], [ -63.499168590999886, 6.746755182000072 ], [ -63.500808593999977, 6.770656346000067 ], [ -63.498718482999948, 6.789995241000099 ], [ -63.489227485999891, 6.805265056999986 ], [ -63.471462544999952, 6.821076846999972 ], [ -63.446811535999927, 6.837876695000034 ], [ -63.382854596999948, 6.877134680000097 ], [ -63.360526547999939, 6.896210383000039 ], [ -63.341785617999903, 6.906971573000078 ], [ -63.322174478999955, 6.921880632000068 ], [ -63.294723578999935, 6.935026474000097 ], [ -63.273246627999981, 6.947654649000015 ], [ -63.261840533999987, 6.956044096000085 ], [ -63.246780600999955, 6.966770250000081 ], [ -63.228568569999879, 6.983966898000062 ], [ -63.215404622999984, 6.999732922000021 ], [ -63.205882612999915, 7.01224291300008 ], [ -63.194026578999967, 7.021558392000031 ], [ -63.182636577999972, 7.031328505999966 ], [ -63.167545631999928, 7.039294835000021 ], [ -63.153854631999934, 7.049086406000072 ], [ -63.138297483999963, 7.05613759900001 ], [ -63.098396606999984, 7.06618398 ], [ -63.081020586999898, 7.075552266000159 ], [ -63.07054857199995, 7.08531349500015 ], [ -63.060539573999961, 7.095070030000159 ], [ -63.040908485999978, 7.108601104000059 ], [ -63.02399061999995, 7.117504362000091 ], [ -63.004280574999825, 7.123675789000117 ], [ -62.985019631999933, 7.128463365000073 ], [ -62.971282530999986, 7.134114947000171 ], [ -62.956203486999982, 7.143001441000024 ], [ -62.94068958999992, 7.154191617000095 ], [ -62.933021489999987, 7.168064505000018 ], [ -62.92274058299995, 7.195301666999967 ], [ -62.92893547999995, 7.215480093000167 ], [ -62.936946567999939, 7.233340923000185 ], [ -62.94632356999989, 7.249807842000109 ], [ -62.954372543999909, 7.270888161000187 ], [ -62.955917496999916, 7.286051191000183 ], [ -62.954284533999896, 7.3053857270001 ], [ -62.946197505999919, 7.322942462000128 ], [ -62.938980519999916, 7.335891496000045 ], [ -62.923580616999914, 7.357658964000052 ], [ -62.901199593999934, 7.371676020000052 ], [ -62.880077533999952, 7.374641705000045 ], [ -62.859794500999953, 7.370239027000082 ], [ -62.837226561999898, 7.367238306000047 ], [ -62.817348543999913, 7.357773963000056 ], [ -62.802589520999902, 7.353777304000062 ], [ -62.78266556899996, 7.340173140000104 ], [ -62.765998489999959, 7.32975594300018 ], [ -62.747524607999878, 7.322576508000054 ], [ -62.728660631999958, 7.321839571000112 ], [ -62.70885855299997, 7.319273535000093 ], [ -62.694171614999959, 7.322174344000189 ], [ -62.67448855899994, 7.330645934000188 ], [ -62.659404485999971, 7.339072093000084 ], [ -62.644306498999981, 7.346117586000105 ], [ -62.62973053699983, 7.359138705000021 ], [ -62.616992558999982, 7.372140881000064 ], [ -62.607452611999975, 7.382813055000042 ], [ -62.5919415649999, 7.394463230000042 ], [ -62.578651554999908, 7.398730960000023 ], [ -62.555152553999903, 7.394361138000136 ], [ -62.542137637999986, 7.381610252000087 ], [ -62.530105582999909, 7.374826610000127 ], [ -62.510253547999923, 7.367660083000033 ], [ -62.494583579999983, 7.364593312000068 ], [ -62.480739525999979, 7.360128608000139 ], [ -62.466384510999944, 7.351068441 ], [ -62.454292609999982, 7.338768333000132 ], [ -62.450920569999937, 7.324541394000107 ], [ -62.457534562999967, 7.298259266000116 ], [ -62.470218560999967, 7.280657437000116 ], [ -62.481037586999946, 7.260314893000043 ], [ -62.488273515999936, 7.249883614000169 ], [ -62.490657496999916, 7.223651443000165 ], [ -62.469535603999987, 7.207055777000164 ], [ -62.42427047699988, 7.222142868000105 ], [ -62.382018475999985, 7.267405312000051 ], [ -62.369949541999972, 7.280984498000066 ], [ -62.353351528999951, 7.288528044000032 ], [ -62.299034616999961, 7.290036786000144 ], [ -62.244712508999953, 7.255335372000047 ], [ -62.232643573999951, 7.214599155000087 ], [ -62.23113650799985, 7.178388830000131 ], [ -62.232288515999869, 7.150709774 ], [ -62.231456528999956, 7.145913146000169 ], [ -62.230792513999972, 7.127061743000127 ], [ -62.227870582999969, 7.111911621000161 ], [ -62.223556584999983, 7.095854744000064 ], [ -62.212375628999837, 7.082623910000109 ], [ -62.195743585999935, 7.075426202000187 ], [ -62.181499547999977, 7.076485172000048 ], [ -62.164508591999947, 7.078950122000094 ], [ -62.150211578999972, 7.07494927200014 ], [ -62.135890594999978, 7.069108761000166 ], [ -62.123569531999976, 7.061361536000163 ], [ -62.11495260099997, 7.07428559300007 ], [ -62.108917629999951, 7.096916731000078 ], [ -62.104389558999912, 7.12558284000005 ], [ -62.087791545999892, 7.152740877000099 ], [ -62.06666948599991, 7.194985669000118 ], [ -62.071197556999948, 7.223651443000165 ], [ -62.081756575999975, 7.243265096000016 ], [ -62.082988547999946, 7.246836793000057 ], [ -62.086341476999905, 7.249895852000122 ], [ -62.098449638999966, 7.263576794000187 ], [ -62.109664625999926, 7.280025441000021 ], [ -62.113491634999946, 7.293786682000075 ], [ -62.119178588999944, 7.309370317000116 ], [ -62.123966498999948, 7.326802999000108 ], [ -62.126415523999981, 7.340577147999966 ], [ -62.130744608999976, 7.358014021000031 ], [ -62.131374592999975, 7.373646773000132 ], [ -62.131092625999827, 7.390207401999987 ], [ -62.122486590999983, 7.402250689000027 ], [ -62.107337473999962, 7.404697534000036 ], [ -62.091621572999884, 7.397492115000091 ], [ -62.07543963899991, 7.389369715000043 ], [ -62.046775540999931, 7.375389706000021 ], [ -62.032928636999827, 7.370923828000173 ], [ -62.017284485999937, 7.370157052000138 ], [ -62.011978572999965, 7.370208852000189 ], [ -61.97433863099991, 7.423313238000048 ], [ -61.954406632999905, 7.458243646000085 ], [ -61.938129479999986, 7.489722386000153 ], [ -61.921264587999985, 7.543623556000057 ], [ -61.894760506999944, 7.601998147000131 ], [ -61.882789640999931, 7.650111780000032 ], [ -61.877944564999893, 7.698405289 ], [ -61.879318526999896, 7.736229465000179 ], [ -61.907211488999849, 7.805436660000055 ], [ -61.932983493999984, 7.865142130000038 ], [ -61.961948501999984, 7.894228005000116 ], [ -62.017230505999919, 7.91808441 ], [ -62.069953514999952, 7.948956133000081 ], [ -62.118831577999913, 7.945480325000062 ], [ -62.161827555999878, 7.939487767 ], [ -62.207260488999907, 7.931190354000137 ], [ -62.254646572999945, 7.939474021000137 ], [ -62.319595592999974, 7.95882649400005 ], [ -62.373088563999943, 7.961349280000093 ], [ -62.431644539999922, 7.952179813000157 ], [ -62.482089515999974, 7.934532386000058 ], [ -62.517887617999918, 7.918617331000178 ], [ -62.522808633999944, 7.912288827000054 ], [ -62.527660581999953, 7.910455034000108 ], [ -62.531009487999938, 7.910138030000155 ], [ -62.532863564999957, 7.911959921000175 ], [ -62.53747159999989, 7.909911048000026 ], [ -62.594249605999892, 7.877044265000109 ], [ -62.63647863999995, 7.854448163000143 ], [ -62.67279055299997, 7.830520847000116 ], [ -62.717719565999914, 7.794981410000048 ], [ -62.754260640999917, 7.761595786000157 ], [ -62.81499456999984, 7.71224112900012 ], [ -62.860542502999863, 7.699151277999988 ], [ -62.904518492999955, 7.701383211 ], [ -62.944320630999982, 7.728333209000027 ], [ -62.963645610999947, 7.765432519000058 ], [ -62.985958572999891, 7.826242053000101 ], [ -63.000698484999987, 7.856139798000015 ], [ -63.008041534999961, 7.896500002999971 ], [ -63.002231534999908, 7.938909081000077 ], [ -62.991573609999875, 7.984747698000035 ], [ -62.973800621999885, 8.029231295999978 ], [ -62.944385506999936, 8.062795957000048 ], [ -62.91273158499996, 8.090396055000042 ], [ -62.882232520999935, 8.119201974000021 ], [ -62.816081534999967, 8.144773987000121 ], [ -62.786647475999985, 8.17832188400007 ], [ -62.770816575999902, 8.192112797000107 ], [ -62.76090262799994, 8.20722956000003 ], [ -62.743698604999963, 8.228074012000036 ], [ -62.716632600999958, 8.261670859000105 ], [ -62.685935556999937, 8.297536184000137 ], [ -62.690093483999874, 8.321265520000111 ], [ -62.68341461599988, 8.349452519000067 ], [ -62.652828547999945, 8.380589278000173 ], [ -62.609199568999884, 8.409033266000108 ], [ -62.576560604999941, 8.427116720000129 ], [ -62.54028657799995, 8.44746731000015 ], [ -62.521747484999878, 8.472984673000155 ], [ -62.492675523999935, 8.491148425000063 ], [ -62.444580498999926, 8.50764619000006 ], [ -62.403816620999976, 8.517238272000043 ], [ -62.374923530999979, 8.52831160400018 ], [ -62.338794509999957, 8.542738704000158 ], [ -62.29185451099994, 8.560426196000094 ], [ -62.264903507999975, 8.588070383000058 ], [ -62.207385546999944, 8.644434491000027 ], [ -62.167549545999918, 8.663468954999985 ], [ -62.160755510999934, 8.650305007999975 ], [ -62.117690632999938, 8.612585606000152 ], [ -62.067592500999979, 8.614815528000065 ], [ -62.03464156299998, 8.599786440000173 ], [ -62.00050760299996, 8.584723489000055 ], [ -61.928802600999973, 8.549783023000089 ], [ -61.883800497999914, 8.540331924000157 ], [ -61.835906638999973, 8.549683111000036 ], [ -61.797595640999987, 8.556924740000113 ], [ -61.690727548999973, 8.545804469000075 ], [ -61.635333562999904, 8.52543392900003 ], [ -61.583812517999945, 8.494545107000079 ], [ -61.509239563999984, 8.437072241000067 ], [ -61.482509506999918, 8.413929974000098 ], [ -61.458396615999902, 8.382598923000103 ], [ -61.438709536999909, 8.363187608999965 ], [ -61.395576597999877, 8.331339729000092 ], [ -61.37847550399988, 8.30491963500009 ], [ -61.27175862099989, 8.250102659000049 ], [ -61.231914573999859, 8.228958135000084 ], [ -61.202602555999988, 8.214000293000083 ], [ -61.159030572999939, 8.198649341000021 ], [ -61.119617522999931, 8.204644748000021 ], [ -61.022148561999984, 8.203135 ], [ -60.962711480999985, 8.202665949 ], [ -60.893943496999952, 8.196034354000119 ], [ -60.802783594999937, 8.182872419999967 ], [ -60.739162602999954, 8.163399917000049 ], [ -60.650337562999937, 8.152642415000116 ], [ -60.590259600999957, 8.134438765000141 ], [ -60.490348488999985, 8.097416570000121 ], [ -60.418357495999885, 8.081220553000037 ], [ -60.367736499999978, 8.065629711000042 ], [ -60.292274560999942, 8.046967235000125 ], [ -60.226314514999956, 8.028572478 ], [ -60.152999516999955, 8.018209261000095 ], [ -60.122611596999889, 8.002013245000114 ], [ -60.070560480999859, 7.995792699000049 ], [ -60.044746566999891, 7.985618577000025 ], [ -60.010524596999971, 7.978734185000121 ], [ -59.929294566999886, 7.956341595000083 ], [ -59.89062448899989, 7.939898983000091 ], [ -59.849372617999961, 7.930447382000125 ], [ -59.805789570999877, 7.919748385000105 ], [ -59.756385627999919, 7.905344420000176 ], [ -59.710620603999985, 7.888688405000096 ], [ -59.668521488999943, 7.868606874000022 ], [ -59.6393885089999, 7.851262369000153 ], [ -59.600959493999937, 7.827754986000173 ], [ -59.562107528999888, 7.818365746000097 ], [ -59.520778543999882, 7.812434208000127 ], [ -59.474643542999956, 7.808712308 ], [ -59.430160614999977, 7.789732829000059 ], [ -59.377719572999979, 7.759920747000024 ], [ -59.348937625999952, 7.731988725000122 ], [ -59.319152532999965, 7.698140253000076 ], [ -59.303508548999901, 7.667068538000024 ], [ -59.281978624999908, 7.634644822000155 ], [ -59.253131633999942, 7.609067779000156 ], [ -59.230922607999958, 7.598990552000089 ], [ -59.219367483999918, 7.62807642700011 ], [ -59.209518580999941, 7.717238755000096 ], [ -59.207351522999943, 7.748951685000179 ], [ -59.201854503999982, 7.773502783000083 ], [ -59.198394621999967, 7.808707447000074 ], [ -59.199996570999986, 7.833469433 ], [ -59.204395560999899, 7.848804292000068 ], [ -59.166049527999974, 7.89876680500015 ], [ -59.13470053899988, 7.993008063000048 ], [ -59.125678593999908, 7.987805416000072 ], [ -59.098178574999906, 7.947809153000037 ], [ -59.040271526999845, 7.890277446000027 ], [ -58.922809546999986, 7.764904459000093 ], [ -58.843948578999971, 7.714813199000105 ], [ -58.755096548999973, 7.600769191999973 ], [ -58.745342528999913, 7.589421101000084 ], [ -58.738265519999857, 7.624494505000087 ], [ -58.730979634999983, 7.617647160000104 ], [ -58.726196584999911, 7.609575555000049 ], [ -58.714389500999914, 7.583539520000102 ], [ -58.711154588999932, 7.585815542000148 ], [ -58.721542616999955, 7.617125135000151 ], [ -58.723319580999942, 7.627244272000098 ], [ -58.72190052499991, 7.632976991000078 ], [ -58.719123599999932, 7.635025695000138 ], [ -58.712676574999932, 7.634983786000134 ], [ -58.701915552999878, 7.625954632000173 ], [ -58.683555496999986, 7.617103175000125 ], [ -58.672092573999919, 7.609675634999974 ], [ -58.662483559999885, 7.600193356000148 ], [ -58.647014589999856, 7.571374528000035 ], [ -58.634666537999919, 7.558657337000056 ], [ -58.618911576999949, 7.539024741000105 ], [ -58.610298500999875, 7.518289421000077 ], [ -58.606197570999939, 7.511598651000156 ], [ -58.590648637999948, 7.495873027000016 ], [ -58.57238748799989, 7.472543676000043 ], [ -58.540267532999962, 7.421778176000032 ], [ -58.530914501999973, 7.409537245000024 ], [ -58.485401605999982, 7.365797456000053 ], [ -58.476528522999899, 7.350800388000152 ], [ -58.472717606999879, 7.335378524000078 ], [ -58.468128514999876, 7.299270123000042 ], [ -58.468189534999965, 7.29007886300019 ], [ -58.469268621999902, 7.266417421000142 ], [ -58.476581496999927, 7.240269404000173 ], [ -58.47858058099996, 7.216382991000046 ], [ -58.47980450599988, 7.205820955000149 ], [ -58.478980564999915, 7.190877028000102 ], [ -58.470241592999912, 7.156343419000109 ], [ -58.466087521999953, 7.12390780000004 ], [ -58.466834516999938, 7.115409556000145 ], [ -58.472255596999958, 7.096369896000056 ], [ -58.474716522999984, 7.072713482999973 ], [ -58.476753493999979, 7.043536581000126 ], [ -58.47614647599994, 7.030660469000054 ], [ -58.479904585999918, 7.019652515000132 ], [ -58.479495548999978, 7.011605050000185 ], [ -58.483707622999987, 7.001290615000187 ], [ -58.488357567999969, 6.994197346000135 ], [ -58.511714578999943, 6.975968550000175 ], [ -58.534564485999965, 6.964402530000143 ], [ -58.542213474999926, 6.955719046000183 ], [ -58.550167565999914, 6.935775481000178 ], [ -58.569072612999946, 6.860040962000085 ], [ -58.58103560099994, 6.824489455000105 ], [ -58.586131629999954, 6.819005846000152 ], [ -58.58712354499994, 6.808437775000129 ], [ -58.592029472999968, 6.79697652800013 ], [ -58.591773488999934, 6.765707 ], [ -58.593326487999889, 6.739506680000034 ], [ -58.590869584999837, 6.728223464999985 ], [ -58.591598474999842, 6.722480017000123 ], [ -58.596279600999821, 6.709866929000157 ], [ -58.601844513999936, 6.703237346000037 ], [ -58.603961614999946, 6.695892788000037 ], [ -58.601364565999916, 6.671273629000098 ], [ -58.60590755699991, 6.644632587999979 ], [ -58.612995629999944, 6.615938819000064 ], [ -58.60627753499989, 6.588068656000075 ], [ -58.608219621999979, 6.572675792999974 ], [ -58.613182545999962, 6.55178440300017 ], [ -58.612754566999968, 6.546951900000124 ], [ -58.599983563999956, 6.530998791000059 ], [ -58.597999566999931, 6.518108933000065 ], [ -58.601734542999964, 6.509394603999965 ], [ -58.607536496999955, 6.501615192000088 ], [ -58.613532574999965, 6.49843627100006 ], [ -58.615165536999882, 6.49499851700017 ], [ -58.61360147399995, 6.487858142000107 ], [ -58.614330531999883, 6.482115364000094 ], [ -58.621791598999948, 6.466067540000154 ], [ -58.624183626999979, 6.451824843000054 ], [ -58.628135525999937, 6.445412184000133 ], [ -58.622013551999828, 6.432262319000017 ], [ -58.61737450399994, 6.43867061900005 ], [ -58.613681604999954, 6.440485469000066 ], [ -58.612998479999987, 6.439561783000045 ], [ -58.614204635999954, 6.431059180000034 ], [ -58.620201551999912, 6.427880595000033 ], [ -58.615650513999924, 6.42072094100007 ], [ -58.61451761599983, 6.418414241000164 ], [ -58.609462489999885, 6.417689207000024 ], [ -58.604862501999946, 6.41811903100006 ], [ -58.590537493999875, 6.428831438000145 ], [ -58.585006610999926, 6.431091367000136 ], [ -58.585903474999895, 6.434548064000069 ], [ -58.577705637999884, 6.457719165000128 ], [ -58.574596622999877, 6.4756359860001 ], [ -58.576072507999982, 6.496343645000081 ], [ -58.571857584999918, 6.50781277100009 ], [ -58.570228477999933, 6.51790491800017 ], [ -58.573532623999938, 6.532888743000115 ], [ -58.572212473999969, 6.558404933000133 ], [ -58.569621627999936, 6.567816301000107 ], [ -58.567409475999852, 6.589415627000051 ], [ -58.570522514999936, 6.605532519000064 ], [ -58.563857560999963, 6.639978117000112 ], [ -58.553611521999869, 6.659222464000152 ], [ -58.54726759499988, 6.679184134000138 ], [ -58.536575471999925, 6.696815803000163 ], [ -58.521709495999971, 6.718555442000081 ], [ -58.496211578999919, 6.748499121 ], [ -58.485851545999935, 6.784523367000133 ], [ -58.480701537999948, 6.79828360200014 ], [ -58.473255557999892, 6.810646742000017 ], [ -58.464225565999982, 6.819779831000119 ], [ -58.455673509999826, 6.825698628000055 ], [ -58.448684510999954, 6.838753443000087 ], [ -58.412353486999848, 6.87114413400019 ], [ -58.403346628999884, 6.876598741000066 ], [ -58.386070520999965, 6.879925686000092 ], [ -58.371303618999946, 6.886719051000057 ], [ -58.35705555699991, 6.885009311000147 ], [ -58.346691501999942, 6.886545210000122 ], [ -58.337928556999884, 6.889931835000141 ], [ -58.333064538999963, 6.894494440000074 ], [ -58.307796620999966, 6.889716923000094 ], [ -58.292846490999978, 6.889151815000048 ], [ -58.271064606999914, 6.879109457000141 ], [ -58.257953633999932, 6.879016753000087 ], [ -58.244892616999834, 6.872256077000088 ], [ -58.235561546999975, 6.85770609900004 ], [ -58.227088616999936, 6.852355595 ], [ -58.215366524999922, 6.851352784000085 ], [ -58.208770637999976, 6.840500399 ], [ -58.171718601999942, 6.81126264400018 ], [ -58.170822576999967, 6.807347792000087 ], [ -58.161380530999963, 6.809348720000116 ], [ -58.15618861199988, 6.827933411000117 ], [ -58.148773477999896, 6.835465892000116 ], [ -58.13412056999988, 6.825931645000026 ], [ -58.123096522999901, 6.823551688 ], [ -58.103111550999984, 6.819956019000131 ], [ -58.039874617999885, 6.818108983000116 ], [ -58.030013476999954, 6.813896238000154 ], [ -58.018825479999975, 6.802777308000145 ], [ -58.006225634999907, 6.796015627000145 ], [ -57.999999557999899, 6.780365775000064 ], [ -57.98794554299991, 6.772100547999969 ], [ -57.976684622999983, 6.760814316000165 ], [ -57.940875623999887, 6.731311525000081 ], [ -57.923133481999969, 6.710766978000095 ], [ -57.917671498999937, 6.699847705000025 ], [ -57.913944568999966, 6.700449525000067 ], [ -57.91571449199995, 6.697238754000068 ], [ -57.891887590999886, 6.652062139000179 ], [ -57.865394573999879, 6.621558214000061 ], [ -57.83026450899996, 6.594962268000018 ], [ -57.815650493999954, 6.588101848000122 ], [ -57.807243611999979, 6.585686016000068 ], [ -57.79451351299997, 6.585222999000052 ], [ -57.791343476999941, 6.589119746000165 ], [ -57.789417483999955, 6.589346728000123 ], [ -57.781310506999944, 6.584236952000083 ], [ -57.769233524999947, 6.573157753000089 ], [ -57.744201473999965, 6.544802110000035 ], [ -57.73983349699995, 6.541525121000063 ], [ -57.715736530999948, 6.527021411000135 ], [ -57.692409526999938, 6.505060992000097 ], [ -57.646923620999985, 6.477681002000054 ], [ -57.639850635999892, 6.472356147000085 ], [ -57.629772569999943, 6.451950739000154 ], [ -57.616420533999985, 6.435911967000038 ], [ -57.612621519999891, 6.425595688000101 ], [ -57.609035573999961, 6.416519261000076 ], [ -57.601734600999976, 6.40767802900001 ], [ -57.591102491999948, 6.395963649000123 ], [ -57.568462636999982, 6.354339956000103 ], [ -57.565299473999971, 6.345880436000016 ], [ -57.562496565999879, 6.330591677000086 ], [ -57.556827548999877, 6.319047450000141 ], [ -57.548492584999906, 6.310004214000116 ], [ -57.539089597999975, 6.296210116000054 ], [ -57.530677519999983, 6.277444544000105 ], [ -57.520324527999946, 6.274830731000122 ], [ -57.518508504999886, 6.280843070000117 ], [ -57.51624656499996, 6.282309233000035 ], [ -57.513187505999895, 6.288124765000134 ], [ -57.515491522999923, 6.291832248000048 ], [ -57.515949509999984, 6.298034857000175 ], [ -57.51315347499991, 6.311091012000134 ], [ -57.505168538999953, 6.32149312100006 ], [ -57.493617605999987, 6.324682100000075 ], [ -57.453720584999985, 6.324556875000098 ], [ -57.444602582999892, 6.321727312000178 ], [ -57.413684591999868, 6.305398526000033 ], [ -57.405406623999909, 6.304009645000122 ], [ -57.397746569999981, 6.302408701000047 ], [ -57.389862551999954, 6.29832805500007 ], [ -57.368450477999943, 6.281514293000157 ], [ -57.358707520999928, 6.277652414999977 ], [ -57.349559511999928, 6.270474824000019 ], [ -57.336505535999947, 6.266222348999975 ], [ -57.327770586999918, 6.258835713000053 ], [ -57.315521608999973, 6.25126752500006 ], [ -57.307807575999846, 6.242217081000092 ], [ -57.295337482999969, 6.232373709000115 ], [ -57.291793614999904, 6.228053006000152 ], [ -57.256458527999882, 6.200575115000049 ], [ -57.244823607999933, 6.19196656600019 ], [ -57.236293512999964, 6.184162343000082 ], [ -57.225856534999878, 6.169544472000041 ], [ -57.212531487999968, 6.155566307000129 ], [ -57.182041476999984, 6.110873496000181 ], [ -57.173427562999962, 6.090654167000139 ], [ -57.164562526999987, 6.064021004000153 ], [ -57.161136507999856, 6.047282344 ], [ -57.156581613999833, 6.016479688000118 ], [ -57.148864562999904, 6.005979342000103 ], [ -57.146224598999879, 5.99953986100013 ], [ -57.14550358799994, 5.998551970000051 ], [ -57.139690569999971, 5.935473455000079 ], [ -57.134056589999943, 5.897846253000068 ], [ -57.134777601999986, 5.882318443000088 ], [ -57.136959578999893, 5.869679371000075 ], [ -57.142620547999854, 5.851842513000065 ], [ -57.140537477999885, 5.849372868999978 ], [ -57.138992524999878, 5.835101841000153 ], [ -57.142608477999943, 5.820796950000044 ], [ -57.141128569999864, 5.81584039500018 ], [ -57.138446527999974, 5.816480269000181 ], [ -57.136310483999921, 5.835949922000054 ], [ -57.132480624999914, 5.837602498000024 ], [ -57.125598578999927, 5.84057639700012 ], [ -57.119853622999926, 5.845995968000125 ], [ -57.116977623999901, 5.848498972000073 ], [ -57.113750591999974, 5.859697027000152 ], [ -57.108051567999894, 5.872153206000064 ], [ -57.102725538999948, 5.87860576200012 ], [ -57.098819571999968, 5.881322505000128 ], [ -57.093662521999931, 5.882185338 ], [ -57.089515491999919, 5.880350539000176 ], [ -57.08210354299996, 5.883920224 ], [ -57.080688509999902, 5.888275964000172 ], [ -57.07938361499987, 5.909186466000165 ], [ -57.075714520999952, 5.915834824000115 ], [ -57.075782581999874, 5.925767211000107 ], [ -57.068874551999954, 5.942992022000169 ], [ -57.064163587999985, 5.94902548400006 ], [ -57.03342061099994, 5.955234127000153 ], [ -57.022304530999918, 5.961103471000115 ], [ -57.020667544999924, 5.963804455000115 ], [ -57.017566575999922, 5.963410338000131 ], [ -57.015266581999981, 5.959494816000131 ], [ -57.01419051299996, 5.953293046 ], [ -57.008178508999947, 5.95022946 ], [ -57.001354633999881, 5.949240562999989 ], [ -57.008850569999879, 5.95767477000004 ], [ -57.010757620999925, 5.96449143600006 ], [ -57.010684530999924, 5.967850065 ], [ -56.970222568999986, 5.941992899000013 ], [ -56.930942623999954, 5.91617278200016 ], [ -56.86708861499983, 5.884935105000068 ], [ -56.831993586999943, 5.876855789000047 ], [ -56.78530856499998, 5.862563805000036 ], [ -56.721980603999953, 5.853653507000161 ], [ -56.670604566999941, 5.839224564000119 ], [ -56.626075538999942, 5.83204110500003 ], [ -56.566226570999959, 5.825577484000178 ], [ -56.527522629999908, 5.820912955000153 ], [ -56.48536249499989, 5.813796384000057 ], [ -56.398841472999948, 5.794806679000146 ], [ -56.330078517999937, 5.772823462000133 ], [ -56.258834520999926, 5.755462529000113 ], [ -56.217838631999882, 5.749554125000145 ], [ -56.193225508999888, 5.746478302000071 ], [ -56.128841595999972, 5.736357154000018 ], [ -56.07528659899998, 5.718348467000112 ], [ -56.034416606999969, 5.708926202000043 ], [ -55.980461624999975, 5.705664469000112 ], [ -55.976894622999964, 5.704819237000152 ], [ -55.961830498999916, 5.703557426000089 ], [ -55.943920550999962, 5.701474690000055 ], [ -55.935348545999943, 5.69973259600016 ], [ -55.923160587999973, 5.69857371400002 ], [ -55.915950474999875, 5.699027845000046 ], [ -55.885879558999932, 5.695072090000053 ], [ -55.875873578999915, 5.693276351000065 ], [ -55.859935556999972, 5.696276905000161 ], [ -55.81396048299996, 5.694605218000106 ], [ -55.778419536999934, 5.702614629000152 ], [ -55.769195587999945, 5.718737388000022 ], [ -55.766963486999941, 5.720803191000186 ], [ -55.76420248799991, 5.737162152000053 ], [ -55.758006584999919, 5.749099156000057 ], [ -55.75045348499998, 5.758842280000067 ], [ -55.743034494999961, 5.765011025000035 ], [ -55.740005609999912, 5.76919258900017 ], [ -55.734126542999945, 5.772555409000063 ], [ -55.72758061199994, 5.774462124000024 ], [ -55.722396572999969, 5.778565904000118 ], [ -55.715160475999824, 5.779731827000035 ], [ -55.708671540999831, 5.780209930000069 ], [ -55.705001608999908, 5.782221587000151 ], [ -55.694175542999972, 5.783255746000179 ], [ -55.684120611999901, 5.782886775000122 ], [ -55.676193510999951, 5.783312743000181 ], [ -55.662414499999954, 5.786384543000167 ], [ -55.657310591999874, 5.788343226000109 ], [ -55.653587517999938, 5.791783997000152 ], [ -55.649784480999926, 5.79736768600003 ], [ -55.648933549999981, 5.800913399000024 ], [ -55.649360523999974, 5.808797920000018 ], [ -55.649173607999955, 5.813798228000053 ], [ -55.650478501999885, 5.817423066000117 ], [ -55.65324352399989, 5.820386069000051 ], [ -55.657367587999943, 5.825545465000062 ], [ -55.65875261399998, 5.827027553000164 ], [ -55.668727581999917, 5.829539275000116 ], [ -55.675880529999972, 5.830518281000138 ], [ -55.678699531999882, 5.832052169000065 ], [ -55.682266534999883, 5.832898909000107 ], [ -55.692268491999926, 5.834696827000187 ], [ -55.702217475999987, 5.837924531000112 ], [ -55.70859962499992, 5.840305325999964 ], [ -55.717060484999934, 5.844909003000112 ], [ -55.719108519999963, 5.847846022000056 ], [ -55.719932627999981, 5.850648762000162 ], [ -55.681007572999931, 5.848361844000124 ], [ -55.638561614999958, 5.852936687000181 ], [ -55.580532525999899, 5.867577525000058 ], [ -55.541473527999983, 5.876932734000093 ], [ -55.483009584999934, 5.868129557000088 ], [ -55.424514629999976, 5.860495990000061 ], [ -55.326576617999933, 5.837613562 ], [ -55.284820489999959, 5.821126022999977 ], [ -55.23122760699988, 5.807790918000023 ], [ -55.168262582999944, 5.794169990000114 ], [ -55.149463482999977, 5.794768793 ], [ -55.12931053799997, 5.801176255000087 ], [ -55.112235594999902, 5.821718959 ], [ -55.105499561999977, 5.849594654000157 ], [ -55.102130539999962, 5.877006663000088 ], [ -55.092933580999954, 5.877827754000066 ], [ -55.093158550999931, 5.881965397000045 ], [ -55.089664470999935, 5.886327004000066 ], [ -55.091976534999901, 5.895009482000091 ], [ -55.094886563999921, 5.898721157000125 ], [ -55.10419852299998, 5.90261287400017 ], [ -55.113376539999877, 5.912549285000125 ], [ -55.095928602999891, 5.908172591000039 ], [ -55.081352472999981, 5.908524463000163 ], [ -55.011043559999905, 5.90519165 ], [ -54.957042477999948, 5.905868572999964 ], [ -54.889209579999886, 5.899101024000061 ], [ -54.841419487999985, 5.889441887000089 ], [ -54.789932474999887, 5.885514295 ], [ -54.692802477999919, 5.879008597000166 ], [ -54.675231493999945, 5.878465785000174 ], [ -54.600639595999951, 5.864471527000148 ], [ -54.498180552999941, 5.842607332000057 ], [ -54.462181619999967, 5.832146885000043 ], [ -54.415794490999986, 5.816694343000108 ], [ -54.377387604999967, 5.808498854000163 ], [ -54.32848758199998, 5.798810379000088 ], [ -54.279556545999981, 5.7902911810001 ], [ -54.22730661099996, 5.775830051000128 ], [ -54.208843624999986, 5.76708588200006 ], [ -54.180110628999898, 5.749851012000079 ], [ -54.129043548999903, 5.73543229500018 ], [ -54.103786526999954, 5.719476169000131 ], [ -54.076084504999983, 5.706948241000077 ], [ -54.017593572999942, 5.702488398000128 ], [ -54.020297574999915, 5.688080744000104 ], [ -54.023780590999877, 5.679377144000114 ], [ -54.032634562999931, 5.670656779000069 ], [ -54.03777350799993, 5.662568410000063 ], [ -54.036678495999922, 5.643115857000055 ], [ -54.031684557999824, 5.631747648999976 ], [ -54.032298615999935, 5.629881838000074 ], [ -54.028999498999951, 5.623583340000096 ], [ -54.027103512999929, 5.619962526000052 ], [ -54.021652592999942, 5.615305038000145 ], [ -54.014079543999969, 5.617105806000097 ], [ -54.014087589999917, 5.618553696000163 ], [ -54.011615599999914, 5.620969528000046 ], [ -54.009967549999885, 5.621878461 ], [ -54.003780531999951, 5.624587325000164 ], [ -54.004203482999856, 5.627690976000167 ], [ -53.999229493999962, 5.649950461000117 ], [ -53.97599452299994, 5.651340180999966 ], [ -53.951072609999983, 5.662245539000082 ], [ -53.924728622999965, 5.681273968000028 ], [ -53.912670584999887, 5.692572271000074 ], [ -53.871311592999973, 5.705298514999981 ], [ -53.818500572999938, 5.673332618000018 ], [ -53.777088606999939, 5.651056369000116 ], [ -53.743892582999933, 5.627870013000177 ], [ -53.696571541999958, 5.607751602000064 ], [ -53.672218592999968, 5.601171137000165 ], [ -53.655754523999974, 5.604164650000143 ], [ -53.631874481999944, 5.619756499000118 ], [ -53.610641611999938, 5.644220760000053 ], [ -53.592601576999982, 5.634632701000157 ], [ -53.576660537999942, 5.62038966800003 ], [ -53.563018487999898, 5.616698780000149 ], [ -53.555366480999965, 5.612992135000184 ], [ -53.513366607999956, 5.583910116000084 ], [ -53.507980564999912, 5.577299812000092 ], [ -53.485633572999916, 5.560794839000039 ], [ -53.465793607999899, 5.554838323000126 ], [ -53.433155482999894, 5.550154683000187 ], [ -53.408554596999977, 5.539655512000024 ], [ -53.381904502999987, 5.535576710000043 ], [ -53.316219550999961, 5.529099343000155 ], [ -53.309192498999948, 5.527252474000022 ], [ -53.305271611999956, 5.527881285000092 ], [ -53.306934581999883, 5.532638182000085 ], [ -53.302814540999975, 5.538029758000164 ], [ -53.294555516999878, 5.537840494000136 ], [ -53.290756502999898, 5.53405003000006 ], [ -53.291229577999957, 5.528325190000146 ], [ -53.290187538999874, 5.525016518000086 ], [ -53.286674515999948, 5.523781696000071 ], [ -53.285449584999981, 5.530201060000081 ], [ -53.278842465999901, 5.530423180000184 ], [ -53.258991604999949, 5.518873085999985 ], [ -53.257125624999844, 5.516393383000093 ], [ -53.258567479999954, 5.514320371000167 ], [ -53.260837466999931, 5.513901443000123 ], [ -53.269935519999876, 5.518436053000187 ], [ -53.270961632999956, 5.515742277000015 ], [ -53.259998605999954, 5.508107872000153 ], [ -53.255859622999878, 5.50273406600013 ], [ -53.243251563999934, 5.497999464000088 ], [ -53.234355514999947, 5.491601893000166 ], [ -53.223201548999953, 5.489141134000022 ], [ -53.224452630999906, 5.495968865000179 ], [ -53.211437546999946, 5.49206390300003 ], [ -53.198635530999923, 5.493125052000153 ], [ -53.196781621999946, 5.494576798000026 ], [ -53.204849538999952, 5.501598318000106 ], [ -53.202793625999902, 5.505329103000179 ], [ -53.195980479999889, 5.50596411600003 ], [ -53.176559609999913, 5.50145046200015 ], [ -53.157131531999937, 5.493415904000074 ], [ -53.15506757199995, 5.494040859000165 ], [ -53.095535607999921, 5.473765203000141 ], [ -53.109508575999939, 5.434744091000084 ], [ -53.109172628999943, 5.407942285000047 ], [ -53.061122530999967, 5.376194653000141 ], [ -52.996425469999963, 5.354432215000031 ], [ -52.948131625999963, 5.330842857000107 ], [ -52.894340594999903, 5.296610494000163 ], [ -52.8532335619999, 5.267426384000089 ], [ -52.82233451399992, 5.24786788300014 ], [ -52.758956596999894, 5.184264493000057 ], [ -52.717044566999903, 5.143433560000062 ], [ -52.686431508999874, 5.114585899000133 ], [ -52.654552616999979, 5.089194768000084 ], [ -52.61254151299994, 5.051868477000141 ], [ -52.587406531999932, 5.034831588000145 ], [ -52.544231515999968, 4.997481324000091 ], [ -52.510131586999933, 4.968549509000184 ], [ -52.480167623999932, 4.957197395000037 ], [ -52.45264061599994, 4.942427475000102 ], [ -52.431041624999978, 4.924342849000027 ], [ -52.400611627999922, 4.889713351000012 ], [ -52.379219502999888, 4.864658166000027 ], [ -52.339305549999835, 4.835577488000183 ], [ -52.305107552999914, 4.810157187000186 ], [ -52.259311515999968, 4.783242226000141 ], [ -52.211673471999973, 4.779539604000036 ], [ -52.171737558999951, 4.791176534999977 ], [ -52.217010564999953, 4.756434050000166 ], [ -52.240932516999919, 4.735024657000054 ], [ -52.256015583999954, 4.697073579000175 ], [ -52.255466569999896, 4.676119156000027 ], [ -52.23826556299997, 4.626770701000169 ], [ -52.225971489999893, 4.60897307099998 ], [ -52.197524484999974, 4.586063653 ], [ -52.130550563999975, 4.566719059000093 ], [ -52.094421542999953, 4.568023115000187 ], [ -52.045909601999938, 4.555023119000168 ], [ -52.030357483999921, 4.569697149000149 ], [ -52.011180527999954, 4.588918529000182 ], [ -51.976707603999955, 4.606039237000061 ], [ -51.966861549999919, 4.585634667000079 ], [ -51.962100628999906, 4.562031563000062 ], [ -51.961681533999979, 4.5487794390001 ], [ -51.95837755499997, 4.541950200000031 ], [ -51.953205584999978, 4.520623620000094 ], [ -51.944534506999958, 4.508204657000078 ], [ -51.933395627999914, 4.506346725000185 ], [ -51.930301531999874, 4.508004665000044 ], [ -51.930927492999899, 4.516079958000034 ], [ -51.930255598999906, 4.522766370000113 ], [ -51.922592527999939, 4.513178311 ], [ -51.877025484999933, 4.479351800000131 ], [ -51.832389502999945, 4.453694626000129 ], [ -51.793601575999958, 4.427043695000123 ], [ -51.748435522999898, 4.379304062000131 ], [ -51.727012551999906, 4.355469785000082 ], [ -51.716720580999947, 4.342765670000119 ], [ -51.716560485999935, 4.334147564999967 ], [ -51.710365588999935, 4.313854809000134 ], [ -51.703556465999895, 4.301431823000087 ], [ -51.690147600999978, 4.283213254000145 ], [ -51.664981606999959, 4.254434157000105 ], [ -51.659618529999932, 4.245739106000144 ], [ -51.657138491999945, 4.236006542000098 ], [ -51.657344519999924, 4.230207942000106 ], [ -51.662082473999874, 4.218403874999979 ], [ -51.663524496999912, 4.210949681000159 ], [ -51.662490504999823, 4.204736847 ], [ -51.656928609999966, 4.21881877900006 ], [ -51.653217605999941, 4.222340687000155 ], [ -51.649711622999973, 4.220683753000174 ], [ -51.643524604999982, 4.21468013100008 ], [ -51.635688531999904, 4.201221309000118 ], [ -51.634036625999897, 4.196458544000109 ], [ -51.634342565999987, 4.191272828000024 ], [ -51.621456562999981, 4.184243429000105 ], [ -51.617950579999956, 4.18631426200011 ], [ -51.615058488999978, 4.190611999000168 ], [ -51.607234484999879, 4.198533568000016 ], [ -51.596721566999918, 4.215513123999983 ], [ -51.589508603999889, 4.225454397000021 ], [ -51.58744849999988, 4.229181159000177 ], [ -51.587039629999879, 4.236222628000064 ], [ -51.585182535999877, 4.240985225000031 ], [ -51.57569857999988, 4.242643333000103 ], [ -51.571781548999979, 4.24015826699997 ], [ -51.564975610999966, 4.227112337000051 ], [ -51.560230615999956, 4.212203279000164 ], [ -51.553836564999983, 4.205163821000156 ], [ -51.54434959199989, 4.181764565000151 ], [ -51.540016482999931, 4.175759099000118 ], [ -51.535068477999971, 4.170997507000152 ], [ -51.529308601999844, 4.17103556100011 ], [ -51.502872581999895, 4.165553796000097 ], [ -51.50271651099996, 4.17015462300003 ], [ -51.492553620999956, 4.197450458000105 ], [ -51.492240472999981, 4.206652782000162 ], [ -51.50068255799988, 4.229970231000095 ], [ -51.50928456999992, 4.248685680000051 ], [ -51.499271548999957, 4.271375995000142 ], [ -51.498798473999955, 4.285176966000108 ], [ -51.484970512999894, 4.289255600000047 ], [ -51.489654487999928, 4.321769338000138 ], [ -51.485229513999911, 4.340544801000135 ], [ -51.484786613999972, 4.342417821000026 ], [ -51.474426581999978, 4.34458974000006 ], [ -51.449348597999972, 4.332744434000176 ], [ -51.39254762499985, 4.289421729000026 ], [ -51.340202471999817, 4.256503984000176 ], [ -51.310668500999896, 4.234252713000046 ], [ -51.291458519999935, 4.213279515000011 ], [ -51.272300506999954, 4.186557169000025 ], [ -51.255561510999939, 4.151824742000144 ], [ -51.253326559999948, 4.145897395000077 ], [ -51.24114949899996, 4.113664619000133 ], [ -51.239364488999968, 4.07566542800015 ], [ -51.241119491999882, 4.030805818000147 ], [ -51.237007497999912, 3.993948578000015 ], [ -51.231552554999951, 3.973169002000077 ], [ -51.215927513999986, 3.940734557000042 ], [ -51.206298550999975, 3.888837500000136 ], [ -51.200126620999981, 3.834680515000116 ], [ -51.194839483999942, 3.801241918000187 ], [ -51.204505494999921, 3.763400810000178 ], [ -51.209945516999881, 3.699039361000132 ], [ -51.20677162599992, 3.678292139000177 ], [ -51.193427467999925, 3.645898430000159 ], [ -51.184295552999913, 3.643481592000057 ], [ -51.182868616999883, 3.599213744000167 ], [ -51.177471509999975, 3.599862671000096 ], [ -51.159202480999909, 3.605127344000039 ], [ -51.160438476999957, 3.625912788000164 ], [ -51.136207567999975, 3.638258828000119 ], [ -51.120986534999986, 3.662224198000047 ], [ -51.115814564999937, 3.677301230000182 ], [ -51.106979536999972, 3.681588742000031 ], [ -51.097839573999977, 3.678022074000125 ], [ -51.103691483999967, 3.582613048999974 ], [ -51.097221491999903, 3.462882927000067 ], [ -51.095748623999896, 3.399596708000161 ], [ -51.077262504999908, 3.322274322 ], [ -51.051422605999903, 3.191940086000045 ], [ -51.026191568999877, 3.104194635000169 ], [ -50.995277600999884, 3.011774597000169 ], [ -50.96537750799996, 2.930873474000123 ], [ -50.958747589999973, 2.911228137000137 ], [ -50.938499593999893, 2.881067199000029 ], [ -50.918449578999912, 2.835955796000064 ], [ -50.915290606999918, 2.827169382000136 ], [ -50.908477628999947, 2.808223599000087 ], [ -50.905624596999871, 2.803937932000167 ], [ -50.892253616999938, 2.803293028000098 ], [ -50.887313490999929, 2.800184348000073 ], [ -50.879093525999906, 2.784029571000076 ], [ -50.877349586999912, 2.777072088000182 ], [ -50.873405566999907, 2.774426089000031 ], [ -50.86909860999998, 2.763598179000098 ], [ -50.860069622999958, 2.740908702000127 ], [ -50.862907567999969, 2.69723395699998 ], [ -50.855148607999865, 2.676435606000155 ], [ -50.840507602999935, 2.656702929000062 ], [ -50.831848593999894, 2.616342892000091 ], [ -50.818580543999985, 2.577066802000047 ], [ -50.816215505999935, 2.566596798999967 ], [ -50.812065625999935, 2.548241102000134 ], [ -50.781692625999881, 2.50530932900017 ], [ -50.757057541999927, 2.458994788000155 ], [ -50.748168533999944, 2.437037387000146 ], [ -50.74820356999993, 2.434274544000061 ], [ -50.74893162199993, 2.374938883000027 ], [ -50.748367519999931, 2.372538138999971 ], [ -50.746971597999959, 2.36661263600007 ], [ -50.743492604999972, 2.351866689000076 ], [ -50.729057626999861, 2.314880368000047 ], [ -50.705997501999946, 2.257821903000092 ], [ -50.703220577999957, 2.249572434000129 ], [ -50.684730601999945, 2.193600599000035 ], [ -50.681587555999954, 2.169409421000069 ], [ -50.685272575999932, 2.148763787000121 ], [ -50.701408577999928, 2.139757600000053 ], [ -50.712928497999883, 2.134150945000044 ], [ -50.725570587999982, 2.129688252000051 ], [ -50.757438582999953, 2.146173109000188 ], [ -50.775512480999964, 2.165948700000172 ], [ -50.791297616999941, 2.186847132000025 ], [ -50.804595505999941, 2.22380227300016 ], [ -50.808639606999975, 2.267549940000038 ], [ -50.818511476999845, 2.303333458000168 ], [ -50.830337503999829, 2.367885512000043 ], [ -50.841590543999985, 2.476142485000082 ], [ -50.862365593999982, 2.556913354000187 ], [ -50.893230611999968, 2.56157101000008 ], [ -50.896339626999975, 2.561984909000159 ], [ -50.911537526999894, 2.563262981000037 ], [ -50.925407564999887, 2.553079639000146 ], [ -50.943115508999938, 2.509583932000112 ], [ -50.934158606999915, 2.399047081000106 ], [ -50.923919608999881, 2.298856851000039 ], [ -50.909278603999951, 2.183641389000059 ], [ -50.897125514999914, 2.050072409000109 ], [ -50.895683491999876, 1.978738558000146 ], [ -50.897125514999914, 1.953447506000089 ], [ -50.900726547999966, 1.939691629000151 ], [ -50.905395602999931, 1.931700993000163 ], [ -50.918472545999919, 1.924896564000164 ], [ -50.90400655399992, 1.889079183000035 ], [ -50.897430615999951, 1.863703307000094 ], [ -50.898803571999849, 1.844157714000119 ], [ -50.911819493999985, 1.807500466000079 ], [ -50.931549487999973, 1.784735050000108 ], [ -50.959258550999948, 1.763192720000063 ], [ -50.983543606999888, 1.742767362999984 ], [ -50.993019515999947, 1.714117348000116 ], [ -50.973899556999982, 1.684002511000187 ], [ -50.942008593999901, 1.669830724000121 ], [ -50.911361506999981, 1.647628236000173 ], [ -50.895523564999962, 1.631351586000108 ], [ -50.891159610999921, 1.612897987999986 ], [ -50.90744749299995, 1.588933624000163 ], [ -50.923698494999883, 1.568414389000111 ], [ -50.927398601999982, 1.545446131000062 ], [ -50.916175568999961, 1.525775313000167 ], [ -50.899154605999911, 1.511766638000097 ], [ -50.887954538999963, 1.490947163999977 ], [ -50.89054152999995, 1.464529081000023 ], [ -50.913795610999955, 1.431428610000182 ], [ -50.949836620999918, 1.381223357000124 ], [ -51.062431564999883, 1.237535911000123 ], [ -51.093872586999964, 1.188404715000047 ], [ -51.135475492999944, 1.150902404000078 ], [ -51.163215568999874, 1.124739467000154 ], [ -51.208213480999973, 1.090707096000074 ], [ -51.242965521999963, 1.051961916000096 ], [ -51.257148539999889, 1.009547977000182 ], [ -51.248329604999981, 0.978390264000097 ], [ -51.231361614999969, 0.959800879000113 ], [ -51.205184595999981, 0.946868608000045 ], [ -51.167724529999987, 0.918864670000062 ], [ -51.152000582999904, 0.88993604000018 ], [ -51.152374582999926, 0.855431431999989 ], [ -51.167571475999921, 0.824521823000055 ], [ -51.188438559999952, 0.799427746000049 ], [ -51.217262583999855, 0.777873514000134 ], [ -51.285079555999971, 0.74867247200001 ], [ -51.325378572999966, 0.72493525800013 ], [ -51.339218603999939, 0.71471503600003 ], [ -51.35659747499983, 0.694176691000052 ], [ -51.367149619999907, 0.670135381000023 ], [ -51.371948594999878, 0.648317119000069 ], [ -51.373260530999971, 0.632227218000082 ], [ -51.360786581999946, 0.620584251000139 ], [ -51.348274579999952, 0.613566587000037 ], [ -51.338180588999933, 0.593901133000031 ], [ -51.329254532999983, 0.571940714000164 ], [ -51.328330511999923, 0.550080376000096 ], [ -51.32735452299994, 0.533949571000107 ], [ -51.320632571999909, 0.520076515000142 ], [ -51.312690550999946, 0.513098245000037 ], [ -51.295623487999933, 0.503717890000075 ], [ -51.280731527999933, 0.50471366000005 ], [ -51.259033629999919, 0.501043224000114 ], [ -51.246513581999977, 0.494016675000069 ], [ -51.231765622999887, 0.482361471000104 ], [ -51.227371493999954, 0.465057702000024 ], [ -51.224021582999967, 0.34422167200006 ], [ -51.238029586999914, 0.315599819 ], [ -51.263290630999961, 0.307808673000181 ], [ -51.28840650099994, 0.313809948000142 ], [ -51.304275622999967, 0.327774198000043 ], [ -51.316726604999928, 0.341703916000085 ], [ -51.332656579999934, 0.349912313000061 ], [ -51.357856603999892, 0.347867632000089 ], [ -51.373840557999927, 0.350329229000124 ], [ -51.38407854999997, 0.35733968500017 ], [ -51.404502565999906, 0.373659754000187 ], [ -51.423828552999964, 0.38651072000016 ], [ -51.44450352299998, 0.377514423000036 ], [ -51.454956593999896, 0.363806491000048 ], [ -51.460845551999967, 0.346610682000176 ], [ -51.46692662199996, 0.309838434000028 ], [ -51.473052619999976, 0.270784297000091 ], [ -51.489303621999966, 0.246786238000027 ], [ -51.518119598999874, 0.226352667000185 ], [ -51.527397527999881, 0.213789535000046 ], [ -51.54026760499994, 0.185147734000111 ], [ -51.540504476999899, 0.16097868300011 ], [ -51.536117556999955, 0.142521062000128 ], [ -51.508888608999939, 0.119237811000062 ], [ -51.482757522999975, 0.100572989000057 ], [ -51.461234471999944, 0.077348915000186 ], [ -51.430763571999933, 0.035632015000147 ], [ -51.405891614999916, 0.004319237000118 ], [ -51.399131609999984, -0.006102988999885 ], [ -51.376541542999973, -0.036240624999948 ], [ -51.361640530999978, -0.053745223999897 ], [ -51.341094473999874, -0.059713809999948 ], [ -51.289810469999907, -0.079766506999874 ], [ -51.271476565999876, -0.077646555999877 ], [ -51.241767579999873, -0.080235558999959 ], [ -51.223442560999956, -0.07926543699989 ], [ -51.212669467999945, -0.069048399999929 ], [ -51.220325498999955, -0.080947349999974 ], [ -51.219474567999896, -0.084285023999939 ], [ -51.220500512999877, -0.086170783999876 ], [ -51.233509561999938, -0.096078193999915 ], [ -51.237052591999941, -0.10243989099996 ], [ -51.236267542999883, -0.10446445599996 ], [ -51.239047484999958, -0.106022483999936 ], [ -51.241100548999839, -0.109708341999976 ], [ -51.248302614999943, -0.119158434999918 ], [ -51.254245551999986, -0.130479703999811 ], [ -51.257728567999948, -0.137815042999932 ], [ -51.262309613999889, -0.143095808999874 ], [ -51.267715605999911, -0.159377320999909 ], [ -51.268989486999885, -0.173177285999884 ], [ -51.291000532999874, -0.201729233999913 ], [ -51.305030497999951, -0.231499909999968 ], [ -51.321166499999947, -0.244006044999821 ], [ -51.326522535999914, -0.244402172999912 ], [ -51.33026857599998, -0.25049766099994 ], [ -51.341758488999972, -0.271469182999908 ], [ -51.349742586999923, -0.289073693999967 ], [ -51.353610499999945, -0.301011870999901 ], [ -51.352321530999973, -0.308107486999916 ], [ -51.359489566999912, -0.323619204999943 ], [ -51.360706618999984, -0.328224892999913 ], [ -51.365844557999935, -0.335990223999829 ], [ -51.367698466999968, -0.343392617999882 ], [ -51.370353518999877, -0.36090626899994 ], [ -51.375175627999909, -0.365189085999816 ], [ -51.392070526999873, -0.39070628199994 ], [ -51.395954533999941, -0.400553508999963 ], [ -51.400497524999935, -0.404136101999882 ], [ -51.419341551999878, -0.411990615999912 ], [ -51.411334487999966, -0.430958191999878 ], [ -51.409408493999933, -0.439933533999977 ], [ -51.391456468999877, -0.422888766999961 ], [ -51.36190053699994, -0.401797383999849 ], [ -51.357383529999936, -0.394244785999945 ], [ -51.343547521999938, -0.382659821999937 ], [ -51.324985629999958, -0.363939176999963 ], [ -51.316768514999865, -0.350092104999931 ], [ -51.308200532999876, -0.324685047999935 ], [ -51.316406583999935, -0.34300168599998 ], [ -51.324493611999969, -0.350990141999944 ], [ -51.325702617999923, -0.350842284999885 ], [ -51.327724500999977, -0.357268690999945 ], [ -51.330413582999881, -0.358749437999904 ], [ -51.331058485999961, -0.355409751999957 ], [ -51.329429546999904, -0.350390165999954 ], [ -51.334777536999923, -0.349741238999911 ], [ -51.339168480999945, -0.343945655999903 ], [ -51.352035539999918, -0.353248058999895 ], [ -51.353286622999974, -0.35241892099998 ], [ -51.356063547999952, -0.340106911999897 ], [ -51.35548351999995, -0.333416308999915 ], [ -51.34608455699987, -0.309740113999908 ], [ -51.332775602999845, -0.281023210999933 ], [ -51.32453954499988, -0.270731239999975 ], [ -51.319786502999818, -0.267146467999908 ], [ -51.316875467999921, -0.267964205999874 ], [ -51.315174611999964, -0.274639720999971 ], [ -51.315418525999974, -0.276388688999873 ], [ -51.30193355199998, -0.266042570999957 ], [ -51.297378490999904, -0.268402243999901 ], [ -51.297477564999951, -0.278755570999976 ], [ -51.298751613999968, -0.296502238999892 ], [ -51.285312572999885, -0.270055155999955 ], [ -51.281059595999977, -0.253728381999906 ], [ -51.276744591999943, -0.246802917999958 ], [ -51.272479543999907, -0.231939959999977 ], [ -51.267555510999898, -0.223131584999976 ], [ -51.260345565999955, -0.215143295999951 ], [ -51.251254553999956, -0.208605746999979 ], [ -51.244659504999959, -0.201666368999952 ], [ -51.237487612999928, -0.187202389999925 ], [ -51.224708562999979, -0.173744237999927 ], [ -51.221214482999983, -0.168078909999849 ], [ -51.207839479999905, -0.15023014999997 ], [ -51.202266520999956, -0.145805342999893 ], [ -51.188400505999937, -0.140280830999927 ], [ -51.176334588999964, -0.144796496999902 ], [ -51.169494619999909, -0.143288760999951 ], [ -51.155395588999966, -0.139389834999918 ], [ -51.150772465999978, -0.136349047999943 ], [ -51.138084611999943, -0.124970110999925 ], [ -51.135795513999881, -0.124992909999946 ], [ -51.124465527999917, -0.137764080999887 ], [ -51.112171622999938, -0.150423100999944 ], [ -51.111106617999951, -0.154177020999953 ], [ -51.115924535999966, -0.178866083999935 ], [ -51.114650486999949, -0.183662711999887 ], [ -51.124740621999933, -0.195223702999954 ], [ -51.127796495999917, -0.195654867999849 ], [ -51.133239535999962, -0.214766445999942 ], [ -51.152458569999965, -0.308919357999969 ], [ -51.163993576999928, -0.319162378999977 ], [ -51.188148545999866, -0.331575474999966 ], [ -51.210082477999947, -0.352081968999869 ], [ -51.245956519999879, -0.394306979999953 ], [ -51.25749957499994, -0.4045590529999 ], [ -51.274719523999977, -0.41013586899993 ], [ -51.302246531999913, -0.417938078999953 ], [ -51.322997609999959, -0.433851792999917 ], [ -51.346092602999931, -0.455492190999905 ], [ -51.369087515999865, -0.466787475999922 ], [ -51.382842554999911, -0.470107044999963 ], [ -51.385631548999925, -0.46905427799993 ], [ -51.389285555999948, -0.470737195999959 ], [ -51.399032535999936, -0.4724720829999 ], [ -51.396095516999935, -0.477469540999948 ], [ -51.395999627999913, -0.492728627999952 ], [ -51.376720579999926, -0.488005927999893 ], [ -51.37318760799991, -0.488818972999923 ], [ -51.365104603999896, -0.48688409499988 ], [ -51.359920563999879, -0.485388091999937 ], [ -51.352466537999874, -0.482415198999888 ], [ -51.344428627999889, -0.47274784699988 ], [ -51.332012514999917, -0.467022336999833 ], [ -51.306926483999973, -0.461633945999949 ], [ -51.259902498999963, -0.44543994199995 ], [ -51.243099464999943, -0.443448065999974 ], [ -51.241836479999961, -0.445948890999944 ], [ -51.246143604999986, -0.448365896999917 ], [ -51.24305755499995, -0.449562831999913 ], [ -51.23965450299994, -0.453059594999957 ], [ -51.245452599999965, -0.461051738999913 ], [ -51.254123511999978, -0.467039602999932 ], [ -51.257850608999831, -0.473852916999931 ], [ -51.263915585999939, -0.477095707999922 ], [ -51.269699601999946, -0.483831069999951 ], [ -51.280090479999899, -0.494096554999885 ], [ -51.278678464999984, -0.495937387999959 ], [ -51.259757491999949, -0.49999305599988 ], [ -51.243652502999964, -0.486509087999934 ], [ -51.237968566999939, -0.483063287999926 ], [ -51.236473569999873, -0.47955445499997 ], [ -51.226081518999877, -0.470439302999921 ], [ -51.212326480999934, -0.467111519999946 ], [ -51.181014539999978, -0.445126122999909 ], [ -51.170635564999884, -0.436409781999942 ], [ -51.165039470999943, -0.428452338999932 ], [ -51.160705523999923, -0.42740828899997 ], [ -51.150192605999962, -0.416832170999953 ], [ -51.145324563999964, -0.411236747999965 ], [ -51.141426475999936, -0.403895038999963 ], [ -51.136344527999938, -0.3877672509999 ], [ -51.129550492999897, -0.378943956999876 ], [ -51.121707545999982, -0.371993682999971 ], [ -51.108890609999889, -0.364383081999904 ], [ -51.087066480999908, -0.336857247999887 ], [ -51.082298519999938, -0.336407138999959 ], [ -51.078170599999964, -0.332617512999832 ], [ -51.075084550999975, -0.328625715999863 ], [ -51.070804582999983, -0.316892727999914 ], [ -51.069000629999948, -0.30705941399998 ], [ -51.046455489999971, -0.264273653999965 ], [ -51.042537620999838, -0.260068955999884 ], [ -51.032905472999914, -0.242030429999943 ], [ -51.030849559999979, -0.238672471999962 ], [ -51.02969755099997, -0.224873511999874 ], [ -51.032203571999844, -0.222801673999868 ], [ -51.033908618999874, -0.216126157999895 ], [ -51.031684564999978, -0.20733387699994 ], [ -51.032356625999967, -0.200025527999969 ], [ -51.028278494999881, -0.189133076999894 ], [ -51.027934500999947, -0.178474145999928 ], [ -51.025886466999964, -0.174280511999939 ], [ -51.019550586999912, -0.159819381999966 ], [ -51.017520489999981, -0.153120062999903 ], [ -51.00970050899997, -0.143453716999829 ], [ -51.004814529999919, -0.129003817999887 ], [ -50.988960495999834, -0.110508980999953 ], [ -50.987903537999955, -0.108897308999929 ], [ -50.986831491999965, -0.103448736999951 ], [ -50.980979582999851, -0.089697721999926 ], [ -50.970535563999817, -0.075999679999882 ], [ -50.957862628999919, -0.066912523999918 ], [ -50.933784605999961, -0.061402930999975 ], [ -50.915466626999944, -0.060423924999952 ], [ -50.892570620999891, -0.059497891999911 ], [ -50.859313575999863, -0.051780505999886 ], [ -50.838645478999979, -0.045079174999898 ], [ -50.811141604999875, -0.039603276999969 ], [ -50.804653508999934, -0.037504615999978 ], [ -50.803539553999883, -0.036914697999919 ], [ -50.772705549999955, -0.024786418999952 ], [ -50.760478531999922, -0.022818683999958 ], [ -50.746196606999945, -0.017910073999815 ], [ -50.718341530999965, -0.000844350999898 ], [ -50.712226597999916, -0.000000292999971 ], [ -50.709464592999893, -0.000001298999962 ], [ -50.698547498999972, 0.00643298500006 ], [ -50.690536578999911, 0.007520956000064 ], [ -50.676780534999864, 0.008533993000128 ], [ -50.66764861899992, 0.007295986000145 ], [ -50.663085510999963, 0.006084130000033 ], [ -50.659675584999889, 0.00375329100018 ], [ -50.647148495999886, -0.00326403899993 ], [ -50.631660581999881, -0.056314277999945 ], [ -50.625053462999972, -0.08282908699988 ], [ -50.622970560999931, -0.103554515999917 ], [ -50.642639534999944, -0.125218047999908 ], [ -50.643955492999964, -0.12632898499993 ], [ -50.646190611999884, -0.132716498999969 ], [ -50.650745504999975, -0.135430222999958 ], [ -50.650794622999967, -0.140081843999894 ], [ -50.652038497999968, -0.150410192999971 ], [ -50.661292621999849, -0.161817292999899 ], [ -50.679779579999945, -0.178889049999952 ], [ -50.692405575999942, -0.18337169199998 ], [ -50.700237625999932, -0.180331743999886 ], [ -50.710098599999981, -0.192733104999945 ], [ -50.733699524999963, -0.230097113999875 ], [ -50.736350552999852, -0.236804648999964 ], [ -50.739314561999947, -0.239749378999875 ], [ -50.73875448299998, -0.242723109999872 ], [ -50.736541492999947, -0.250804605999917 ], [ -50.738952463999908, -0.263429595999867 ], [ -50.738006481999889, -0.284137087999909 ], [ -50.738174622999964, -0.301377992999903 ], [ -50.747398571999952, -0.309350187999883 ], [ -50.756652528999894, -0.318462657999873 ], [ -50.766879623999955, -0.337446159999956 ], [ -50.767173492999916, -0.34005209399993 ], [ -50.770858512999894, -0.347392293999974 ], [ -50.77457856999996, -0.349927316999867 ], [ -50.766590615999917, -0.39333987599997 ], [ -50.757137504999889, -0.409364732999961 ], [ -50.750568607999867, -0.428546383999901 ], [ -50.765556623999885, -0.452272701999959 ], [ -50.770725575999904, -0.455027329999893 ], [ -50.773727470999972, -0.457317265999905 ], [ -50.776428622999902, -0.473529878999955 ], [ -50.812225551999973, -0.50769250399992 ], [ -50.832176493999953, -0.515305786999875 ], [ -50.845176489999972, -0.526208966999889 ], [ -50.847896584999944, -0.523301116999903 ], [ -50.848472589999915, -0.521526499999879 ], [ -50.859313575999863, -0.525664142999915 ], [ -50.863483572999939, -0.527632883999956 ], [ -50.865089544999933, -0.529067698999881 ], [ -50.869300612999893, -0.530380807999904 ], [ -50.890350589999969, -0.540321073999849 ], [ -50.898151626999891, -0.539377103999925 ], [ -50.90336651199982, -0.541004031999933 ], [ -50.908691534999946, -0.544746718999932 ], [ -50.922523518999924, -0.556127834999927 ], [ -50.92832949599989, -0.564126014999943 ], [ -50.942184613999984, -0.577787175999958 ], [ -50.955978544999823, -0.583413611999902 ], [ -50.967391511999892, -0.581009011999924 ], [ -50.971336537999832, -0.57185463199994 ], [ -50.988468477999959, -0.583234909999874 ], [ -50.997127486999943, -0.592284179999979 ], [ -50.999153559999968, -0.599614656999961 ], [ -51.010082555999986, -0.610978673999909 ], [ -51.018482564999942, -0.627969461999953 ], [ -51.024246463999987, -0.635534967999831 ], [ -51.032093601999975, -0.641859281999871 ], [ -51.038043579999965, -0.652563642999951 ], [ -51.041351581999947, -0.654885429999865 ], [ -51.04799256299998, -0.655348445999891 ], [ -51.05081156499989, -0.668537202999914 ], [ -51.050846600999876, -0.672254073999966 ], [ -51.041480494999917, -0.672340239999812 ], [ -51.030250588999877, -0.673863902999926 ], [ -51.024208577999957, -0.67191024899995 ], [ -51.013030471999912, -0.666397638999968 ], [ -50.999217597999916, -0.651667784999972 ], [ -50.984672481999951, -0.62250881999995 ], [ -50.978424610999923, -0.624974775999931 ], [ -50.972461556999917, -0.616780291999873 ], [ -50.967700468999965, -0.61444827899993 ], [ -50.962303528999939, -0.614200509999932 ], [ -50.960040582999909, -0.610840539999856 ], [ -50.94835252199988, -0.603172271999881 ], [ -50.944663477999939, -0.598475556999972 ], [ -50.920532481999942, -0.586049384999967 ], [ -50.882598502999826, -0.569147947999966 ], [ -50.847030566999877, -0.559127382999975 ], [ -50.813766481999892, -0.550227142999972 ], [ -50.792068583999878, -0.553893889999927 ], [ -50.786903487999894, -0.579296923999948 ], [ -50.785842505999881, -0.579088214999956 ], [ -50.78354251199994, -0.581371779999927 ], [ -50.784351532999892, -0.584513484999889 ], [ -50.78569749899998, -0.587448324999968 ], [ -50.790389520999952, -0.619464177999816 ], [ -50.800762628999905, -0.635245792999967 ], [ -50.797084482999935, -0.664043832999937 ], [ -50.793952500999978, -0.666321362999895 ], [ -50.784828463999986, -0.664582620999909 ], [ -50.785057624999979, -0.661658007999961 ], [ -50.773616494999942, -0.635025850999966 ], [ -50.748004583999887, -0.585714443999962 ], [ -50.742721469999935, -0.569788827999957 ], [ -50.738822543999902, -0.562863196999899 ], [ -50.732849599999895, -0.556548773999964 ], [ -50.729110600999888, -0.556730660999904 ], [ -50.724723511999969, -0.560044530999903 ], [ -50.718318564999947, -0.573035641999923 ], [ -50.706474599999979, -0.578842121999969 ], [ -50.693530594999856, -0.601861342999939 ], [ -50.692455531999883, -0.601826473999836 ], [ -50.684341514999915, -0.604066118999867 ], [ -50.686241523999911, -0.599481552999976 ], [ -50.685848580999902, -0.596342864999883 ], [ -50.693786577999958, -0.560446358999968 ], [ -50.691120629999944, -0.555827762999968 ], [ -50.693874587999971, -0.54769530499982 ], [ -50.699504544999968, -0.544601711999917 ], [ -50.708507546999954, -0.534005309999884 ], [ -50.711048604999974, -0.527125946999831 ], [ -50.708808624999904, -0.520838345999948 ], [ -50.710494560999962, -0.517298835999952 ], [ -50.719272592999971, -0.509000248999882 ], [ -50.723064565999948, -0.501502971999855 ], [ -50.724365604999946, -0.493360622999944 ], [ -50.722953589999918, -0.487707029999967 ], [ -50.718833548999896, -0.482869330999961 ], [ -50.700626546999956, -0.444906181999954 ], [ -50.700492603999976, -0.434662825999965 ], [ -50.702377525999907, -0.43237708099997 ], [ -50.693527576999941, -0.392185016999974 ], [ -50.691707530999906, -0.385692394999921 ], [ -50.692172558999914, -0.378381027999922 ], [ -50.684616608999931, -0.360979358999941 ], [ -50.681125545999919, -0.355937811999979 ], [ -50.67947749599989, -0.354253887999903 ], [ -50.676250630999959, -0.34064586799991 ], [ -50.665523470999972, -0.331581677999907 ], [ -50.662094601999968, -0.31734451199992 ], [ -50.657802564999827, -0.307909506999977 ], [ -50.654727579999928, -0.302453725999953 ], [ -50.654193484999894, -0.290537676999975 ], [ -50.654651471999955, -0.284272204999979 ], [ -50.652221558999884, -0.275685782999915 ], [ -50.641536475999885, -0.26056197999992 ], [ -50.623405580999986, -0.242040152999948 ], [ -50.611011595999969, -0.234215981999967 ], [ -50.606475477999936, -0.229585147999899 ], [ -50.584907499999986, -0.198708395999972 ], [ -50.571315572999936, -0.184190603999866 ], [ -50.566558507999957, -0.182065791999833 ], [ -50.554992486999879, -0.174248493999869 ], [ -50.551685490999944, -0.172343454999975 ], [ -50.545047526999952, -0.171875408999824 ], [ -50.53822750799992, -0.168271693999884 ], [ -50.531787523999981, -0.168642843999976 ], [ -50.528068472999905, -0.166733949999923 ], [ -50.511745554999948, -0.166611070999977 ], [ -50.510986489999937, -0.172847541999943 ], [ -50.506935515999942, -0.178771032999975 ], [ -50.496604484999921, -0.168021744999976 ], [ -50.473617618999924, -0.15789757999994 ], [ -50.429084566999961, -0.167516986999885 ], [ -50.407417514999906, -0.17462618199994 ], [ -50.407539554999971, -0.187276485999917 ], [ -50.413345531999937, -0.196417788999895 ], [ -50.42374462399988, -0.205515003999892 ], [ -50.411895630999879, -0.21038673399994 ], [ -50.396324568999887, -0.208484711999915 ], [ -50.38967151699984, -0.20862083399993 ], [ -50.374057539999967, -0.204502972999819 ], [ -50.362968617999968, -0.204728948999957 ], [ -50.356681519999938, -0.203294302999893 ], [ -50.357315526999912, -0.200411430999964 ], [ -50.36634048999997, -0.186524293999867 ], [ -50.369682521999891, -0.177287100999934 ], [ -50.368400593999979, -0.163508257999922 ], [ -50.353179560999934, -0.128025817999969 ], [ -50.328758549999918, -0.088031901999955 ], [ -50.323020466999878, -0.085790077999945 ], [ -50.315010552999979, -0.085868029999972 ], [ -50.308204614999966, -0.091677526999888 ], [ -50.305248484999879, -0.100888902999884 ], [ -50.304023553999968, -0.09983580099987 ], [ -50.297393468999928, -0.09873894499998 ], [ -50.291980602999899, -0.100786978999963 ], [ -50.280082491999906, -0.110304294999821 ], [ -50.270038624999927, -0.113192866999896 ], [ -50.268363584999975, -0.112762036999868 ], [ -50.165588543999945, -0.133296358999871 ], [ -50.118457604999946, -0.143586652999886 ], [ -50.109119494999959, -0.129542774999891 ], [ -50.10061655699991, -0.131659707999916 ], [ -50.088924471999917, -0.140759939999953 ], [ -50.050056580999978, -0.148387136999816 ], [ -50.045047555999872, -0.151897980999934 ], [ -50.042140543999949, -0.152292935999867 ], [ -50.030322563999903, -0.150942946999976 ], [ -50.012886528999843, -0.151638141999968 ], [ -50.002067503999967, -0.154891828999951 ], [ -49.997047581999936, -0.159657611999933 ], [ -49.99016955999997, -0.163363250999851 ], [ -49.97314859599993, -0.163641194999911 ], [ -49.965045474999954, -0.165247 ], [ -49.950202465999951, -0.171115505999921 ], [ -49.909721561999959, -0.178286893999882 ], [ -49.88119559799992, -0.186604591999924 ], [ -49.882495463999931, -0.188766284999929 ], [ -49.857082538999919, -0.196326593999913 ], [ -49.841896541999859, -0.200378238999974 ], [ -49.810951560999968, -0.203255074999959 ], [ -49.796874489999936, -0.198540421999951 ], [ -49.792720586999963, -0.198922636999953 ], [ -49.745235595999986, -0.219210027999964 ], [ -49.718597572999954, -0.227760406999892 ], [ -49.690353576999883, -0.230027041999961 ], [ -49.685119580999924, -0.235207727999978 ], [ -49.666805624999938, -0.241528353999968 ], [ -49.655807562999883, -0.241017392999879 ], [ -49.638744521999854, -0.246304864999956 ], [ -49.630847595999967, -0.247281021999811 ], [ -49.618434499999978, -0.242368387999932 ], [ -49.609897531999934, -0.245639174999951 ], [ -49.609676584999931, -0.247516720999954 ], [ -49.604499585999974, -0.246009821999962 ], [ -49.576606623999851, -0.231141163999951 ], [ -49.567230626999901, -0.235447785999952 ], [ -49.560398537999845, -0.233298833999925 ], [ -49.559371586999873, -0.231827138999961 ], [ -49.556045479999909, -0.232634986999926 ], [ -49.552696574999914, -0.235948688999883 ], [ -49.546256590999974, -0.236520836999887 ], [ -49.537200614999961, -0.234477831999868 ], [ -49.514873571999942, -0.241888272999915 ], [ -49.507862612999929, -0.236603650999939 ], [ -49.479923549999967, -0.226746531999936 ], [ -49.458354565999969, -0.225093453999932 ], [ -49.446063510999977, -0.230209263999939 ], [ -49.442573621999884, -0.225790659999916 ], [ -49.441783543999975, -0.220977938999965 ], [ -49.436454496999943, -0.213617286999977 ], [ -49.429614528999934, -0.21251137899992 ], [ -49.425186536999945, -0.220412998999961 ], [ -49.417739551999887, -0.217630038999971 ], [ -49.411720506999984, -0.217577065999933 ], [ -49.409946560999913, -0.210685631999979 ], [ -49.392471465999961, -0.238830554999879 ], [ -49.367099612999937, -0.247269789999962 ], [ -49.363998475999836, -0.248168832999909 ], [ -49.365722465999909, -0.245512104999932 ], [ -49.370193540999935, -0.233999895999943 ], [ -49.364158570999848, -0.201904247999892 ], [ -49.303123562999986, -0.16116132499991 ], [ -49.260734602999946, -0.154677754999909 ], [ -49.214958514999921, -0.155116631999817 ], [ -49.180602601999851, -0.152015159999962 ], [ -49.154342602999918, -0.158000508999976 ], [ -49.125808592999874, -0.165155133999974 ], [ -49.097236528999986, -0.167729719999897 ], [ -49.072082604999821, -0.170271782999919 ], [ -49.033126535999941, -0.164894121999964 ], [ -49.011383543999955, -0.163974291999978 ], [ -48.979461568999966, -0.16747189199998 ], [ -48.979198544999974, -0.165163180999912 ], [ -48.964855599999908, -0.17400340699993 ], [ -48.947078588999943, -0.188670395999964 ], [ -48.940029575999972, -0.188186424999969 ], [ -48.936687542999948, -0.190454064999926 ], [ -48.934768590999965, -0.19586776899996 ], [ -48.931415493999907, -0.19918046499987 ], [ -48.923713530999919, -0.201823278999882 ], [ -48.908237519999943, -0.21463216799998 ], [ -48.901359497999977, -0.21770094999988 ], [ -48.895656618999908, -0.223334762999912 ], [ -48.887901513999964, -0.222350894999977 ], [ -48.885150573999908, -0.219637839999905 ], [ -48.869594598999925, -0.219286135999937 ], [ -48.841323612999986, -0.208042817999967 ], [ -48.816101628999888, -0.203706188999888 ], [ -48.799697572999946, -0.208349930999873 ], [ -48.788310589999924, -0.210770456999967 ], [ -48.785411624999881, -0.213716360999967 ], [ -48.776134534999869, -0.21853696099987 ], [ -48.769992611999896, -0.216235290999975 ], [ -48.7629315289999, -0.217004245999874 ], [ -48.754238488999874, -0.214412226999912 ], [ -48.748596462999956, -0.218535954999879 ], [ -48.743740490999983, -0.227266545999896 ], [ -48.723552508999944, -0.23292181599993 ], [ -48.717079500999944, -0.237038670999937 ], [ -48.713962605999882, -0.237634624999941 ], [ -48.711524477999944, -0.23196896099995 ], [ -48.70841261299995, -0.231938953999872 ], [ -48.701080626999953, -0.238972375999879 ], [ -48.676982487999908, -0.2412452129999 ], [ -48.66364654399996, -0.246755811999947 ], [ -48.661174552999967, -0.244433185999981 ], [ -48.657737469999972, -0.235206722999976 ], [ -48.651744576999931, -0.232222094999941 ], [ -48.639282530999878, -0.233143935999919 ], [ -48.637428621999959, -0.231872903999829 ], [ -48.641838508999967, -0.226482502999943 ], [ -48.63956449799997, -0.225415485999974 ], [ -48.623374516999945, -0.225674654999978 ], [ -48.612361533999888, -0.227029337999909 ], [ -48.602554539999971, -0.232365927999922 ], [ -48.593444584999929, -0.230185291999817 ], [ -48.573692461999883, -0.23375195899996 ], [ -48.545448465999925, -0.235353740999869 ], [ -48.539237475999926, -0.233620027999962 ], [ -48.536609580999936, -0.236378847999958 ], [ -48.532646617999944, -0.236204839999971 ], [ -48.442367484999977, -0.247380933999978 ], [ -48.40135147999996, -0.266100405999964 ], [ -48.371917588999963, -0.299631873999942 ], [ -48.358566557999836, -0.33986484199994 ], [ -48.370292505999885, -0.36956980399998 ], [ -48.386527581999985, -0.393489073999945 ], [ -48.415359484999897, -0.417303065999818 ], [ -48.438461518999929, -0.44117321799996 ], [ -48.451194467999983, -0.458248159999926 ], [ -48.461265491999882, -0.53954910099992 ], [ -48.460414560999936, -0.546338609999907 ], [ -48.462688570999944, -0.551027278999925 ], [ -48.463836556999979, -0.560337561999916 ], [ -48.459121568999933, -0.572245731999942 ], [ -48.464530578999927, -0.613483521999967 ], [ -48.471019512999931, -0.629436294999948 ], [ -48.481925541999942, -0.639371532999917 ], [ -48.474376464999978, -0.647031083999934 ], [ -48.472240587999977, -0.653072591999944 ], [ -48.474670501999867, -0.659578121999914 ], [ -48.483577614999945, -0.661757751999971 ], [ -48.486881593999897, -0.663671843999964 ], [ -48.489334473999918, -0.667668502999959 ], [ -48.485763615999872, -0.671814191999886 ], [ -48.479507530999967, -0.674469913999872 ], [ -48.474475538999968, -0.679226476999816 ], [ -48.473586553999951, -0.6852820659999 ], [ -48.475616483999886, -0.690110880999953 ], [ -48.474685589999979, -0.700137145999975 ], [ -48.476261554999951, -0.709142326999881 ], [ -48.47911458699997, -0.714396941999894 ], [ -48.483028600999887, -0.717991772999881 ], [ -48.47720753699997, -0.739677097999902 ], [ -48.478614522999976, -0.744499541999971 ], [ -48.495735565999837, -0.756379715999969 ], [ -48.511020468999902, -0.764895226999954 ], [ -48.516761569999971, -0.77247950799989 ], [ -48.520832492999887, -0.781300957999974 ], [ -48.530719617999921, -0.789554450999958 ], [ -48.525047583999935, -0.796188726999901 ], [ -48.523914518999902, -0.805796064999811 ], [ -48.520954532999951, -0.811203732999957 ], [ -48.517345620999947, -0.840440481999963 ], [ -48.518093621999924, -0.849229745999935 ], [ -48.522285579999959, -0.866417508999916 ], [ -48.521556521999912, -0.877284645999964 ], [ -48.528079485999967, -0.890104934999954 ], [ -48.537605518999897, -0.914665922999916 ], [ -48.544609604999891, -0.920381542999962 ], [ -48.561969531999978, -0.9295448069999 ], [ -48.570682520999981, -0.931095793999873 ], [ -48.586811481999916, -0.938573121999866 ], [ -48.594272548999982, -0.940111033999926 ], [ -48.611450588999844, -0.946971621999921 ], [ -48.619148528999972, -0.945793628999979 ], [ -48.626800535999962, -0.949423327999909 ], [ -48.633029463999947, -0.949484348999931 ], [ -48.635494580999932, -0.952436957999964 ], [ -48.635055536999914, -0.954732928999931 ], [ -48.631099613999879, -0.955948974999956 ], [ -48.616611494999916, -0.950368136999941 ], [ -48.615547495999976, -0.952867954999931 ], [ -48.621837610999933, -0.968404985999825 ], [ -48.627380563999907, -0.975151412999878 ], [ -48.629688604999956, -0.982348784999886 ], [ -48.626296615999934, -0.983056887999965 ], [ -48.628723511999908, -1.000231575999976 ], [ -48.62553453299995, -1.002407349999885 ], [ -48.624423595999872, -1.002099566999902 ], [ -48.621047532999967, -1.005465067999921 ], [ -48.618492560999925, -1.00720816899991 ], [ -48.605964465999932, -1.014188449999949 ], [ -48.595764527999961, -1.026877645999946 ], [ -48.587928621999879, -1.047586143999922 ], [ -48.589286489999893, -1.073951084999976 ], [ -48.60424852299991, -1.084160242999872 ], [ -48.619148528999972, -1.087481990999891 ], [ -48.632949499999938, -1.095395345999975 ], [ -48.664100507999933, -1.126109153999835 ], [ -48.682456540999965, -1.13284166599982 ], [ -48.719268518999968, -1.155491914999914 ], [ -48.728538567999919, -1.169174030999841 ], [ -48.737499492999916, -1.178018111999904 ], [ -48.741466479999985, -1.187001668999926 ], [ -48.746543566999947, -1.225198839999962 ], [ -48.753517477999935, -1.234889157999874 ], [ -48.757667525999921, -1.235346809999896 ], [ -48.766487466999934, -1.247772980999969 ], [ -48.770206517999895, -1.24990097899996 ], [ -48.775608486999943, -1.25016199099997 ], [ -48.780773582999984, -1.253349628999899 ], [ -48.788749466999946, -1.267022692999944 ], [ -48.789836599999887, -1.283977438999898 ], [ -48.784809468999981, -1.288112063999961 ], [ -48.782684488999848, -1.292902656999956 ], [ -48.790080512999907, -1.302178070999958 ], [ -48.795383575999949, -1.334861625999963 ], [ -48.799827492999952, -1.348292451999953 ], [ -48.807369528999914, -1.364055458999871 ], [ -48.803543525999885, -1.373223752999877 ], [ -48.812812569999892, -1.382097840999961 ], [ -48.82450850999993, -1.398108952999905 ], [ -48.825527581999893, -1.40062972599992 ], [ -48.822761553999896, -1.407297026999856 ], [ -48.823348621999969, -1.411277760999951 ], [ -48.828479519999973, -1.418021169999975 ], [ -48.827171607999958, -1.424703892999901 ], [ -48.833667582999965, -1.441083640999921 ], [ -48.832797541999923, -1.445468213999959 ], [ -48.837306502999979, -1.451996878999978 ], [ -48.842689527999937, -1.454559729999914 ], [ -48.855575530999943, -1.454681601999937 ], [ -48.871746568999924, -1.459229119999975 ], [ -48.8822975409999, -1.464350797999941 ], [ -48.888748588999874, -1.463573795999935 ], [ -48.89060551599988, -1.465057727999977 ], [ -48.889919540999983, -1.471954357999948 ], [ -48.890926542999978, -1.475311142999942 ], [ -48.897941524999965, -1.480818555999917 ], [ -48.900165579999964, -1.487743013999875 ], [ -48.896961512999951, -1.497126218999881 ], [ -48.904575466999972, -1.505149711999934 ], [ -48.910808584999927, -1.505627815999958 ], [ -48.917530535999958, -1.497949153999969 ], [ -48.925235516999919, -1.496557590999942 ], [ -48.930000628999835, -1.498277221999899 ], [ -48.933513483999945, -1.500402201999975 ], [ -48.937381564999896, -1.509435378999967 ], [ -48.948123476999967, -1.516858895999917 ], [ -48.957294619999971, -1.514225133999958 ], [ -48.964950482999939, -1.517853994999939 ], [ -48.97099651699989, -1.516027074999954 ], [ -48.978843486999892, -1.521750573999952 ], [ -48.982582486999888, -1.521995492999963 ], [ -48.983901462999881, -1.521047667999937 ], [ -49.011787551999873, -1.530670930999918 ], [ -49.02956355699996, -1.531389930999978 ], [ -49.031494579999844, -1.538143229999946 ], [ -49.045387583999968, -1.541830093999977 ], [ -49.0478515289999, -1.54520062499995 ], [ -49.053653481999902, -1.547347732999924 ], [ -49.056774566999934, -1.545894813999951 ], [ -49.056549596999957, -1.547554765999962 ], [ -49.063484615999926, -1.557829805999972 ], [ -49.081916588999889, -1.572601903999896 ], [ -49.108230567999954, -1.570112814999845 ], [ -49.121650497999894, -1.566078268999888 ], [ -49.129543568999907, -1.568761986999903 ], [ -49.135158605999891, -1.568813116999934 ], [ -49.141200616999868, -1.566986028999963 ], [ -49.160671609999838, -1.575115636999953 ], [ -49.161670564999952, -1.576526311999885 ], [ -49.16208647499991, -1.580034137999974 ], [ -49.157585560999848, -1.589258589999929 ], [ -49.155364523999935, -1.598452699999882 ], [ -49.156398515999967, -1.603434399999969 ], [ -49.157062529999905, -1.605111283999975 ], [ -49.164672627999948, -1.619050388999938 ], [ -49.176757487999851, -1.618960198999844 ], [ -49.178142513999944, -1.620679159999952 ], [ -49.182491547999916, -1.622601129999907 ], [ -49.202663603999895, -1.62194700699996 ], [ -49.211616481999897, -1.620355282999981 ], [ -49.223052582999969, -1.620250173999978 ], [ -49.224941528999921, -1.619726304999972 ], [ -49.23454249599996, -1.625410743999964 ], [ -49.248275573999877, -1.623014860999945 ], [ -49.251548539999874, -1.621573005999949 ], [ -49.261280599999964, -1.623107899999923 ], [ -49.266502525999954, -1.620435078999947 ], [ -49.278972617999955, -1.620757111999922 ], [ -49.281219470999929, -1.625379898999881 ], [ -49.291816543999914, -1.626102586999878 ], [ -49.30166259799995, -1.6174033449999 ], [ -49.30664848899994, -1.618076243999951 ], [ -49.310195542999963, -1.61643456399986 ], [ -49.313739578999844, -1.615419682999971 ], [ -49.318729493999967, -1.615465615999881 ], [ -49.324584587999937, -1.611542717999953 ], [ -49.335426579999933, -1.60808115999987 ], [ -49.344387504999986, -1.605443206999837 ], [ -49.347434494999959, -1.605188396999893 ], [ -49.340866602999938, -1.608540990999927 ], [ -49.338615558999891, -1.613145672999963 ], [ -49.336379602999898, -1.61890135799996 ], [ -49.33988156199996, -1.629215625999905 ], [ -49.350242599999945, -1.636024077999934 ], [ -49.370872474999885, -1.638162971999975 ], [ -49.407447579999939, -1.632148285999904 ], [ -49.424152545999902, -1.628899459999957 ], [ -49.43641661099997, -1.637644802999944 ], [ -49.447853549999934, -1.637326960999928 ], [ -49.451122492999957, -1.644052264999914 ], [ -49.44247454799995, -1.658412476999899 ], [ -49.443065471999887, -1.662183997999932 ], [ -49.44760561399994, -1.665990722999879 ], [ -49.451095502999863, -1.671042327999942 ], [ -49.455688617999954, -1.669200655999816 ], [ -49.466915506999896, -1.669089679999956 ], [ -49.473079558999927, -1.677721866999889 ], [ -49.470333479999908, -1.682510615999831 ], [ -49.466033562999939, -1.699003350999931 ], [ -49.462234548999845, -1.70566595899993 ], [ -49.462627492999957, -1.708390747999943 ], [ -49.466323576999969, -1.713444196999887 ], [ -49.480777498999942, -1.725289334999957 ], [ -49.499591517999932, -1.737798319999968 ], [ -49.503333534999911, -1.737831511999957 ], [ -49.530673626999942, -1.72118957899994 ], [ -49.549240547999887, -1.718771901999901 ], [ -49.558765575999985, -1.723667436999961 ], [ -49.568958472999952, -1.722918429999822 ], [ -49.595420475999958, -1.716242914999953 ], [ -49.606395572999986, -1.717779987999904 ], [ -49.625709488999917, -1.732707821999952 ], [ -49.646888546999833, -1.748741732999918 ], [ -49.651458527999921, -1.753551100999971 ], [ -49.65515159499995, -1.759442907999926 ], [ -49.663661573999946, -1.761189696999963 ], [ -49.671443499999896, -1.775275484999952 ], [ -49.67555951699984, -1.780333292999899 ], [ -49.679702524999982, -1.782251072999884 ], [ -49.686988577999841, -1.78147725499997 ], [ -49.691745474999948, -1.759545669999909 ], [ -49.695922512999971, -1.757279035999943 ], [ -49.701957482999887, -1.756703031999962 ], [ -49.713573627999835, -1.760149669999976 ], [ -49.7232936179999, -1.76650918799993 ], [ -49.734641540999974, -1.777068541999881 ], [ -49.736270479999973, -1.78147725499997 ], [ -49.742874581999899, -1.787600738999913 ], [ -49.770404607999922, -1.802899387999901 ], [ -49.779914546999976, -1.809676994999904 ], [ -49.793418463999956, -1.811253965999924 ], [ -49.802898563999975, -1.821587008999927 ], [ -49.833305593999853, -1.815982700999939 ], [ -49.844688553999958, -1.797034067999903 ], [ -49.852661587999876, -1.788311691999979 ], [ -49.864959515999942, -1.784437743999888 ], [ -49.883911501999933, -1.781038043999956 ], [ -49.892230540999947, -1.780897059999916 ], [ -49.897273596999923, -1.77403362299998 ], [ -49.91660662399994, -1.762216479999893 ], [ -49.921249527999976, -1.761474681999971 ], [ -49.969245478999937, -1.749611438999864 ], [ -49.982830532999969, -1.747901530999968 ], [ -49.99375550499991, -1.748249546999887 ], [ -49.998729493999974, -1.750591450999934 ], [ -50.006843511999875, -1.750029360999974 ], [ -50.011436626999966, -1.74755653099993 ], [ -50.014171474999841, -1.743603122999957 ], [ -50.01717755999988, -1.73149076999988 ], [ -50.034759607999945, -1.71656695899992 ], [ -50.047443606999877, -1.716671061999932 ], [ -50.052635524999914, -1.717339937999839 ], [ -50.06337358199994, -1.726843339999959 ], [ -50.065418597999951, -1.731253896999931 ], [ -50.068492577999962, -1.736926601999869 ], [ -50.073051494999959, -1.739057448999972 ], [ -50.075931516999844, -1.742845901999885 ], [ -50.094188474999896, -1.748224568999944 ], [ -50.12335246899994, -1.767709140999898 ], [ -50.137309510999955, -1.764472552999962 ], [ -50.142085519999966, -1.765138411999885 ], [ -50.158187490999978, -1.78033128199985 ], [ -50.164829478999934, -1.782059126999968 ], [ -50.17231753599998, -1.781489995999948 ], [ -50.178516623999883, -1.786770762999936 ], [ -50.186008536999907, -1.785992921999934 ], [ -50.186431486999936, -1.784949709999978 ], [ -50.191833623999969, -1.785411887999942 ], [ -50.199748486999965, -1.783799880999936 ], [ -50.202472605999958, -1.78089102499996 ], [ -50.205371570999944, -1.782798075999949 ], [ -50.207870551999918, -1.782400102999873 ], [ -50.22290450099996, -1.774148621999871 ], [ -50.248477519999938, -1.774348781999834 ], [ -50.249916524999833, -1.777079437999816 ], [ -50.254280478999931, -1.777323351999939 ], [ -50.256160539999883, -1.775872611999887 ], [ -50.268176500999971, -1.781826109999884 ], [ -50.273521472999903, -1.78981942799993 ], [ -50.282199592999916, -1.79721109399992 ], [ -50.285282623999933, -1.801838574999977 ], [ -50.293765612999891, -1.807345316999886 ], [ -50.289180544999965, -1.808565219999934 ], [ -50.29579151899992, -1.814684511999872 ], [ -50.308879525999942, -1.816042714999924 ], [ -50.318817612999965, -1.822187991999897 ], [ -50.325244520999888, -1.824330070999963 ], [ -50.34767549999998, -1.828269564999914 ], [ -50.356372562999979, -1.832940128999951 ], [ -50.369056561999969, -1.833038197999883 ], [ -50.376724493999916, -1.836863865999874 ], [ -50.396911469999964, -1.834507041999927 ], [ -50.400413596999954, -1.839347926999949 ], [ -50.39393254099997, -1.84369243499998 ], [ -50.397247583999899, -1.845392451999942 ], [ -50.402667489999885, -1.843549438999958 ], [ -50.408073482999896, -1.843799387999866 ], [ -50.41309357199998, -1.839653698999939 ], [ -50.41516457299997, -1.84092472999987 ], [ -50.41679753499983, -1.845121381999888 ], [ -50.412403573999882, -1.848856189999935 ], [ -50.418617581999968, -1.852250692999974 ], [ -50.416305516999955, -1.855372448999958 ], [ -50.418369476999942, -1.857481503999963 ], [ -50.406818543999975, -1.872670349999908 ], [ -50.404487536999966, -1.878510860999882 ], [ -50.401134607999893, -1.882042658999978 ], [ -50.399421514999915, -1.88851600299995 ], [ -50.400844593999977, -1.892921698999942 ], [ -50.405788575999964, -1.899029256999938 ], [ -50.405113496999945, -1.906137948999969 ], [ -50.407077544999936, -1.921221853999953 ], [ -50.40429659699987, -1.93166386099989 ], [ -50.401157573999853, -1.934360654999978 ], [ -50.392417595999859, -1.934920733999888 ], [ -50.381366559999947, -1.93860340699996 ], [ -50.365566504999947, -1.938063443999965 ], [ -50.360423536999974, -1.937479392999933 ], [ -50.346015547999968, -1.914504261999923 ], [ -50.327606541999899, -1.90315700899987 ], [ -50.314491544999953, -1.901897208999969 ], [ -50.303298518999952, -1.894263641999885 ], [ -50.296459556999935, -1.891070806999949 ], [ -50.285655618999954, -1.889312953999877 ], [ -50.27426947399988, -1.882737518999932 ], [ -50.264381510999954, -1.870523576999915 ], [ -50.261043500999961, -1.871752531999903 ], [ -50.259826616999931, -1.86776559599997 ], [ -50.256729503999907, -1.864602935999869 ], [ -50.236362484999972, -1.862978187999886 ], [ -50.230525494999881, -1.864816841999868 ], [ -50.220092539999882, -1.869547420999879 ], [ -50.202606548999938, -1.871711460999961 ], [ -50.200756494999894, -1.868767568999942 ], [ -50.187259618999974, -1.866359950999936 ], [ -50.15797056699995, -1.861942184999975 ], [ -50.146530610999946, -1.861851156999933 ], [ -50.144210499999929, -1.861481012999946 ], [ -50.106315579999944, -1.845835351999938 ], [ -50.097644501999866, -1.837813032999975 ], [ -50.079944603999877, -1.839896773999897 ], [ -50.06947359499992, -1.83272840199993 ], [ -50.050018527999953, -1.831728273999943 ], [ -50.033966511999893, -1.829554510999856 ], [ -50.023620561999962, -1.823888846999921 ], [ -50.008727595999972, -1.822855022999931 ], [ -49.993835468999976, -1.820672040999966 ], [ -49.97553257699991, -1.82310597799983 ], [ -49.963825572999951, -1.832492367999919 ], [ -49.949634507999917, -1.831173391999926 ], [ -49.944419622999931, -1.833014224999943 ], [ -49.937705550999965, -1.840281670999957 ], [ -49.931037579999895, -1.842320484999959 ], [ -49.924526516999947, -1.850427963999948 ], [ -49.914501592999954, -1.855577470999947 ], [ -49.900951575999954, -1.859860287999936 ], [ -49.897392619999835, -1.862551045999908 ], [ -49.893352542999935, -1.873400413999889 ], [ -49.886043522999955, -1.877315935999945 ], [ -49.879215624999972, -1.873283402999903 ], [ -49.875461537999968, -1.874508166999931 ], [ -49.870590478999986, -1.885349487999974 ], [ -49.86618847099993, -1.889288981999925 ], [ -49.84422654399998, -1.904591990999847 ], [ -49.835327476999964, -1.89970433499991 ], [ -49.83053956599997, -1.899874151999938 ], [ -49.823059555999919, -1.899183483999877 ], [ -49.821399603999907, -1.899919246999957 ], [ -49.818115573999876, -1.896673606999968 ], [ -49.792869616999951, -1.888823115999969 ], [ -49.744796551999968, -1.889178005999895 ], [ -49.738094549999914, -1.887798344999965 ], [ -49.734180536999986, -1.883159631999945 ], [ -49.726085629999886, -1.881417704999876 ], [ -49.721343483999931, -1.876354196999955 ], [ -49.715965487999938, -1.87317041499989 ], [ -49.702896591999888, -1.869082727999967 ], [ -49.68897659799984, -1.867499721999934 ], [ -49.685275483999931, -1.862236053999879 ], [ -49.687171470999942, -1.85911446599988 ], [ -49.680145591999974, -1.854240724999954 ], [ -49.67644447899994, -1.8489770569999 ], [ -49.678127564999954, -1.846690138999861 ], [ -49.675678539999922, -1.841227819999972 ], [ -49.670741599999985, -1.834490278999965 ], [ -49.66763358999998, -1.833417394999969 ], [ -49.655471615999886, -1.820548323999958 ], [ -49.653465490999906, -1.811741792999953 ], [ -49.644802626999876, -1.803296354999816 ], [ -49.637981600999979, -1.798215747999905 ], [ -49.615806605999978, -1.789446600999895 ], [ -49.591136485999982, -1.78065431999994 ], [ -49.583229500999892, -1.781005186999892 ], [ -49.55947853999993, -1.786447891999956 ], [ -49.554908558999898, -1.78619978699993 ], [ -49.546203616999946, -1.782776114999876 ], [ -49.531455490999974, -1.775806394999904 ], [ -49.501022476999935, -1.765015364999954 ], [ -49.48464960299998, -1.758592982999971 ], [ -49.480884618999937, -1.76149077499997 ], [ -49.467410541999982, -1.756350153999904 ], [ -49.460369575999891, -1.753148266999915 ], [ -49.455417547999957, -1.74871055199992 ], [ -49.445663526999908, -1.746532765999973 ], [ -49.422466609999958, -1.736074664999819 ], [ -49.412918615999899, -1.734316644999922 ], [ -49.396537527999953, -1.728730105999887 ], [ -49.386558536999928, -1.72864209599993 ], [ -49.372875581999892, -1.724125255999923 ], [ -49.358341529999848, -1.72169450399997 ], [ -49.356273546999887, -1.72021073999997 ], [ -49.348194565999961, -1.716791090999891 ], [ -49.345317560999945, -1.713208329999929 ], [ -49.332248497999956, -1.70974442499994 ], [ -49.318122475999928, -1.707942483999886 ], [ -49.309986497999887, -1.711218466999981 ], [ -49.306457548999958, -1.710559313999966 ], [ -49.285926579999966, -1.704514787999869 ], [ -49.276348579999876, -1.706311867999887 ], [ -49.271530493999933, -1.710035611999956 ], [ -49.266883566999923, -1.718362865999836 ], [ -49.270152508999956, -1.724878453999963 ], [ -49.266281578999951, -1.739491296999972 ], [ -49.273048623999955, -1.750224490999869 ], [ -49.270065504999877, -1.758358960999942 ], [ -49.268558605999885, -1.764203325999972 ], [ -49.270183521999968, -1.768194285999868 ], [ -49.269313480999983, -1.772580702999903 ], [ -49.267192523999938, -1.777583357999958 ], [ -49.268821462999881, -1.781365272999949 ], [ -49.276046495999935, -1.787288596999872 ], [ -49.281562625999982, -1.793438398999967 ], [ -49.288650530999973, -1.817861420999918 ], [ -49.303642570999898, -1.833832130999951 ], [ -49.319122604999905, -1.845844236999937 ], [ -49.324768486999972, -1.849698067999952 ], [ -49.326839487999962, -1.852198892999922 ], [ -49.334838505999926, -1.865035944999818 ], [ -49.358985594999922, -1.886178289999975 ], [ -49.362110536999921, -1.890325152999878 ], [ -49.363609555999972, -1.894249727999977 ], [ -49.362632561999874, -1.917218991999846 ], [ -49.364444560999971, -1.928485275999947 ], [ -49.362930621999851, -1.934346572999971 ], [ -49.363727572999892, -1.938539536999883 ], [ -49.373420573999965, -1.948041764999971 ], [ -49.376239575999875, -1.958530878999852 ], [ -49.382408488999943, -1.966748160999941 ], [ -49.387100509999925, -1.977254541999969 ], [ -49.383693601999937, -1.986431719999928 ], [ -49.38055457899992, -1.988705729999936 ], [ -49.379699624999887, -1.991001365999978 ], [ -49.380721546999894, -1.992893496999955 ], [ -49.376476615999934, -2.002900650999891 ], [ -49.373146485999939, -2.003500459999884 ], [ -49.372707608999917, -2.005798441999957 ], [ -49.377342465999902, -2.015608788999941 ], [ -49.382202628999949, -2.03832190299994 ], [ -49.38026054199986, -2.046049514999936 ], [ -49.38341850799992, -2.065748830999894 ], [ -49.382690622999917, -2.077671920999933 ], [ -49.385757561999924, -2.083978632999901 ], [ -49.389827478999962, -2.09426993299985 ], [ -49.399688619999836, -2.108590749999905 ], [ -49.408687598999961, -2.126041536999878 ], [ -49.412193581999929, -2.129840215999877 ], [ -49.412490468999977, -2.143239022999978 ], [ -49.410366493999959, -2.148661778999951 ], [ -49.402786571999911, -2.159059026999898 ], [ -49.398811537999904, -2.161535879999974 ], [ -49.393608554999901, -2.161907700999961 ], [ -49.392181619999974, -2.158338015999959 ], [ -49.388050514999918, -2.155160100999979 ], [ -49.384727593999969, -2.154504133999978 ], [ -49.382610491999969, -2.158670106999978 ], [ -49.363449628999888, -2.135981803999925 ], [ -49.358955587999958, -2.127692436999894 ], [ -49.357402588999946, -2.127873317999956 ], [ -49.355625625999949, -2.128081189999818 ], [ -49.34775149799998, -2.124453501999938 ], [ -49.343475553999951, -2.113740255999915 ], [ -49.339351489999956, -2.10972750399992 ], [ -49.333400506999965, -2.100465332999875 ], [ -49.328418470999964, -2.0989554169999 ], [ -49.324058539999896, -2.098288552999975 ], [ -49.310630563999894, -2.087703214999976 ], [ -49.294136486999946, -2.071020377999957 ], [ -49.291450589999954, -2.068693561999908 ], [ -49.280406593999942, -2.047247120999828 ], [ -49.275546598999881, -2.032134381999924 ], [ -49.263576570999874, -2.021770158999857 ], [ -49.264102618999971, -2.009219096999914 ], [ -49.261527530999899, -2.005101402999912 ], [ -49.260623625999983, -2.002699652999979 ], [ -49.241668622999896, -1.982645948999959 ], [ -49.226676582999971, -1.960953583999924 ], [ -49.216480500999921, -1.938050368999939 ], [ -49.213371484999982, -1.93697564099989 ], [ -49.205387554999959, -1.931743991999952 ], [ -49.201637490999985, -1.923475579999888 ], [ -49.198036625999862, -1.907327843999894 ], [ -49.192520494999883, -1.896185444999901 ], [ -49.190036601999964, -1.895116751999922 ], [ -49.183662499999969, -1.886896116999935 ], [ -49.179149515999882, -1.879741658999933 ], [ -49.178157600999953, -1.874708325999961 ], [ -49.174037560999977, -1.870276478999813 ], [ -49.170303589999889, -1.86898767699995 ], [ -49.161800484999958, -1.866398674999857 ], [ -49.157684466999967, -1.861756106999962 ], [ -49.154331538999884, -1.853092906999905 ], [ -49.153758551999942, -1.851613835999842 ], [ -49.137123490999954, -1.826416828999925 ], [ -49.118659499999978, -1.80817998699996 ], [ -49.114005531999908, -1.796743885999888 ], [ -49.118438552999976, -1.777192426999932 ], [ -49.112525622999954, -1.750841566999952 ], [ -49.088386579999849, -1.736088411999958 ], [ -49.073478526999963, -1.733902745999956 ], [ -49.071216586999924, -1.735549622999883 ], [ -49.070701601999929, -1.730169110999952 ], [ -49.060005622999938, -1.717722822999974 ], [ -49.051948602999971, -1.71178944199994 ], [ -49.049293550999948, -1.70653264699996 ], [ -49.036148547999971, -1.688626219999946 ], [ -49.032443578999846, -1.684615478999888 ], [ -49.028091526999901, -1.682900541999857 ], [ -49.020004498999924, -1.680523768999933 ], [ -49.021060618999911, -1.678859793999834 ], [ -49.012416529999939, -1.669153549999976 ], [ -49.010387605999938, -1.663902790999941 ], [ -49.011489490999907, -1.656799294999928 ], [ -49.010318539999901, -1.648420073999944 ], [ -49.014537486999927, -1.641972714999895 ], [ -49.013118597999949, -1.637773883999955 ], [ -49.002838528999973, -1.62533295999998 ], [ -48.986122499999965, -1.611785960999896 ], [ -48.973186540999905, -1.594089080999879 ], [ -48.971115539999971, -1.593441159999941 ], [ -48.964424601999951, -1.59586788799993 ], [ -48.954971491999913, -1.587322705999952 ], [ -48.942405509999901, -1.589707356999895 ], [ -48.926452568999878, -1.600158751999913 ], [ -48.9207225319999, -1.599054687999967 ], [ -48.911521549999975, -1.593373098999905 ], [ -48.903449608999892, -1.585403920999909 ], [ -48.896560522999948, -1.583162096999956 ], [ -48.888549602999944, -1.582075130999897 ], [ -48.880584615999965, -1.589014508999981 ], [ -48.885444610999969, -1.626847569999882 ], [ -48.884376588999885, -1.634928227999978 ], [ -48.889045475999922, -1.648613193999836 ], [ -48.899452614999859, -1.66231006199996 ], [ -48.911064567999972, -1.686323207999976 ], [ -48.923919557999909, -1.721796427999891 ], [ -48.921783513999912, -1.742466201999946 ], [ -48.922214510999879, -1.748285756999962 ], [ -48.920204530999854, -1.748009656999955 ], [ -48.912338617999978, -1.744377777999887 ], [ -48.907768468999905, -1.743706890999817 ], [ -48.904640509999922, -1.744932827999889 ], [ -48.898414599999967, -1.743199952999873 ], [ -48.899063526999896, -1.740695272999858 ], [ -48.89543550399992, -1.728524246999939 ], [ -48.885391468999956, -1.712944299999947 ], [ -48.883586509999986, -1.70560275899993 ], [ -48.883857580999972, -1.698909305999962 ], [ -48.887058461999914, -1.689942010999914 ], [ -48.885665557999971, -1.68323363899998 ], [ -48.877838535999956, -1.675627061999876 ], [ -48.868946510999876, -1.670520302999932 ], [ -48.860263529999884, -1.664997802999949 ], [ -48.854679505999968, -1.661805135999941 ], [ -48.85517454099994, -1.653231621999964 ], [ -48.855628504999913, -1.649050895999892 ], [ -48.853389530999948, -1.644008343999928 ], [ -48.848636488999944, -1.641033605999951 ], [ -48.839088494999885, -1.639267706999931 ], [ -48.829578554999955, -1.633528114999933 ], [ -48.825466560999985, -1.628676668999958 ], [ -48.818515616999946, -1.616056372999935 ], [ -48.812332621999985, -1.610345949999953 ], [ -48.803420479999943, -1.607542202999866 ], [ -48.799503615999868, -1.603736315999924 ], [ -48.796241546999966, -1.597218883999972 ], [ -48.796924504999879, -1.590740510999865 ], [ -48.780277541999908, -1.57028497899995 ], [ -48.771579472999917, -1.56706331099997 ], [ -48.767246531999945, -1.563254573999927 ], [ -48.764175570999896, -1.558412683999961 ], [ -48.76118054899996, -1.545202635999942 ], [ -48.741188536999971, -1.527017258999877 ], [ -48.737499492999916, -1.521749567999962 ], [ -48.736392578999983, -1.506675553999969 ], [ -48.734168524999916, -1.499960140999974 ], [ -48.726764621999962, -1.491728775999889 ], [ -48.711433617999887, -1.486559320999902 ], [ -48.706916610999883, -1.480448578999926 ], [ -48.705722524999942, -1.474996988999976 ], [ -48.707065472999943, -1.464758661999895 ], [ -48.706283608999911, -1.459520307999924 ], [ -48.705932574999906, -1.452822831999924 ], [ -48.70907562099984, -1.450132743999973 ], [ -48.708709499999941, -1.444900423999968 ], [ -48.700050490999956, -1.437701877999871 ], [ -48.693675550999899, -1.430109382999888 ], [ -48.68900247199997, -1.418975364999937 ], [ -48.682395520999876, -1.414517701999898 ], [ -48.67379350899995, -1.401045468999939 ], [ -48.665378580999914, -1.390085459999966 ], [ -48.664840462999962, -1.380874082999924 ], [ -48.66278454899998, -1.378763184999912 ], [ -48.658008540999958, -1.378297318999898 ], [ -48.656001577999973, -1.370537687999956 ], [ -48.652484530999857, -1.369037997999953 ], [ -48.648940494999977, -1.370050866999975 ], [ -48.645153550999908, -1.375033405999943 ], [ -48.642620539999939, -1.379192170999943 ], [ -48.635734470999864, -1.381844036999894 ], [ -48.633216547999893, -1.38432977399998 ], [ -48.623825462999946, -1.409970015999932 ], [ -48.611190582999825, -1.426999528999886 ], [ -48.605960609999897, -1.430504337999878 ], [ -48.597633524999878, -1.431678139999917 ], [ -48.591632584999957, -1.428899370999943 ], [ -48.587200569999936, -1.414419632999966 ], [ -48.590042537999921, -1.400013655999942 ], [ -48.593826463999903, -1.395657077999886 ], [ -48.593452463999881, -1.391261440999926 ], [ -48.598278595999943, -1.386706714999889 ], [ -48.604507523999928, -1.386977449999904 ], [ -48.613029571999903, -1.365513071999942 ], [ -48.613510525999914, -1.358823810999979 ], [ -48.602317499999913, -1.334028631999956 ], [ -48.601146547999917, -1.326278053999943 ], [ -48.602962570999978, -1.310187314999951 ], [ -48.601135483999883, -1.305777594999938 ], [ -48.597621621999963, -1.303650938999965 ], [ -48.587387485999955, -1.309198584999933 ], [ -48.580562604999898, -1.305782791999945 ], [ -48.573924472999977, -1.304462809999961 ], [ -48.566688543999931, -1.300417032999974 ], [ -48.563156577999962, -1.300382163999927 ], [ -48.558990603999973, -1.301386986999944 ], [ -48.55395157199996, -1.306566667999959 ], [ -48.541645596999956, -1.311255168999935 ], [ -48.537269572999946, -1.312258314999895 ], [ -48.534744607999983, -1.315369844999964 ], [ -48.533031514999834, -1.320792600999937 ], [ -48.533828465999932, -1.324357256999974 ], [ -48.525634484999841, -1.333270740999922 ], [ -48.523513527999967, -1.337643243999878 ], [ -48.52429153699984, -1.343088798999872 ], [ -48.522796539999945, -1.347257622999905 ], [ -48.52480350299993, -1.354599163999922 ], [ -48.52328151699993, -1.361487411999917 ], [ -48.533443568999985, -1.379487213999937 ], [ -48.523796500999822, -1.383441795999943 ], [ -48.520408535999877, -1.391503342999954 ], [ -48.517158536999943, -1.415606510999908 ], [ -48.517425583999909, -1.451144774999875 ], [ -48.509773576999976, -1.499375083999894 ], [ -48.517860604999953, -1.509630509999965 ], [ -48.52256352299986, -1.507910542999923 ], [ -48.518192528999975, -1.521480508999957 ], [ -48.515357600999948, -1.534842435999849 ], [ -48.511779533999913, -1.539201360999925 ], [ -48.50778958099994, -1.543554921999942 ], [ -48.501712532999932, -1.548305616999926 ], [ -48.498378547999948, -1.549319323999953 ], [ -48.495853582999985, -1.552432195999927 ], [ -48.493167517999893, -1.550731506999909 ], [ -48.485694548999845, -1.549610511999902 ], [ -48.479083573999958, -1.545150835999948 ], [ -48.487716598999896, -1.534148749999929 ], [ -48.492340559999946, -1.528963872999896 ], [ -48.490028495999979, -1.51032050799995 ], [ -48.490913624999905, -1.504889704999925 ], [ -48.490520512999979, -1.502374128999975 ], [ -48.488235606999922, -1.502141949999952 ], [ -48.481899557999895, -1.512541376999934 ], [ -48.475181462999956, -1.519377824999879 ], [ -48.46913157299997, -1.521408424999947 ], [ -48.464107627999965, -1.525124122999898 ], [ -48.461978623999983, -1.530125939999948 ], [ -48.463405558999966, -1.532858607999913 ], [ -48.460285479999982, -1.533037644999979 ], [ -48.454086559999894, -1.52941783599988 ], [ -48.44889061799995, -1.529366873999948 ], [ -48.44599953199986, -1.527245246999883 ], [ -48.435008509999932, -1.524414342999876 ], [ -48.424266597999974, -1.517611757999873 ], [ -48.416385596999874, -1.515857928999878 ], [ -48.409728521999909, -1.516208794999955 ], [ -48.397449536999943, -1.517758776999869 ], [ -48.382751533999908, -1.511752136999974 ], [ -48.374027481999917, -1.510828451999942 ], [ -48.36413147199994, -1.502776794999875 ], [ -48.337039483999831, -1.488694023999869 ], [ -48.330253494999965, -1.481510565999884 ], [ -48.318733574999953, -1.478083875999971 ], [ -48.317142521999983, -1.462130096999942 ], [ -48.319560533999834, -1.448764984999968 ], [ -48.324344588999963, -1.448396012999922 ], [ -48.336349485999847, -1.453539483999975 ], [ -48.349208498999928, -1.456598375999931 ], [ -48.36935054699984, -1.458685134999939 ], [ -48.373111506999976, -1.456631567999921 ], [ -48.378730567999924, -1.456060425999908 ], [ -48.386806530999877, -1.459072210999977 ], [ -48.395748512999887, -1.458744310999919 ], [ -48.404045591999932, -1.460500989999957 ], [ -48.431758510999884, -1.474798169999872 ], [ -48.458148596999933, -1.475480121999908 ], [ -48.474819531999856, -1.471463345999894 ], [ -48.49555552299995, -1.47648175899991 ], [ -48.501182461999917, -1.474865057999978 ], [ -48.505382465999901, -1.470513340999901 ], [ -48.507934587999955, -1.443341557999929 ], [ -48.507163619999915, -1.437057979999963 ], [ -48.50045759499983, -1.420700025999906 ], [ -48.499626612999975, -1.400163692999911 ], [ -48.494880611999974, -1.375429366999924 ], [ -48.490726540999901, -1.332712673999936 ], [ -48.49192062599991, -1.316826787999958 ], [ -48.483394554999961, -1.289469764999978 ], [ -48.440017534999981, -1.30364171899987 ], [ -48.405067512999949, -1.314164024999911 ], [ -48.396129554999959, -1.315883990999964 ], [ -48.359981590999951, -1.320919502999914 ], [ -48.353656606999834, -1.315227855999922 ], [ -48.336276562999956, -1.294098418999965 ], [ -48.331237530999942, -1.257970236999938 ], [ -48.329788466999844, -1.248976957999957 ], [ -48.320430574999875, -1.213721499999963 ], [ -48.316955605999965, -1.205644026999948 ], [ -48.28859761599989, -1.182702757999948 ], [ -48.280776461999892, -1.178180217999909 ], [ -48.238849511999888, -1.160269431999893 ], [ -48.23345961299998, -1.153582014999927 ], [ -48.210105618999876, -1.104128785999876 ], [ -48.210308627999893, -1.09633730399986 ], [ -48.227077463999933, -1.074739988999909 ], [ -48.234165536999967, -1.069337517999941 ], [ -48.258445562999896, -1.056751251999913 ], [ -48.267085460999965, -1.054260484999872 ], [ -48.29681355699995, -1.050096690999965 ], [ -48.298927472999878, -1.039408590999926 ], [ -48.299610597999958, -1.033141944999954 ], [ -48.298412488999929, -1.028319500999885 ], [ -48.30217361699988, -1.026057727999898 ], [ -48.303146587999947, -1.012056596999969 ], [ -48.308464569999956, -0.999770738999871 ], [ -48.306842503999917, -0.995571739999889 ], [ -48.31335457299997, -0.988319382999975 ], [ -48.316120600999966, -0.9818638079999 ], [ -48.310672530999852, -0.963568292999923 ], [ -48.276596573999825, -0.976543310999944 ], [ -48.267826588999924, -0.978499144999944 ], [ -48.240482473999919, -0.978909019999946 ], [ -48.231418618999953, -0.979445125999973 ], [ -48.21359651399996, -0.983286719999967 ], [ -48.204975558999877, -0.985829621999926 ], [ -48.183296603999906, -1.002482451999867 ], [ -48.16827053399993, -1.012796550999894 ], [ -48.13590951499998, -1.029562201999966 ], [ -48.109027577999939, -1.024594750999881 ], [ -48.108440508999934, -1.01586851899998 ], [ -48.108306565999953, -1.006759904999967 ], [ -48.11176259299998, -0.999076548999881 ], [ -48.137153556999976, -0.972932554999886 ], [ -48.143032623999943, -0.966001223999967 ], [ -48.16981850399992, -0.929153706999955 ], [ -48.174667602999875, -0.921464484999944 ], [ -48.196186462999833, -0.881313323999962 ], [ -48.200748564999913, -0.87343886199983 ], [ -48.226787617999946, -0.835002973999906 ], [ -48.225383480999938, -0.833299938999971 ], [ -48.213386462999836, -0.828366517999882 ], [ -48.193031513999983, -0.82836450699989 ], [ -48.185115476999954, -0.830791234999879 ], [ -48.179298603999882, -0.830941270999972 ], [ -48.168144469999902, -0.824760790999903 ], [ -48.159908579999978, -0.817776318999961 ], [ -48.162425497999948, -0.815083548999894 ], [ -48.159236518999933, -0.801878530999943 ], [ -48.16127751199997, -0.784962676999896 ], [ -48.158615587999918, -0.78138075399994 ], [ -48.148464599999954, -0.778765096999962 ], [ -48.143928480999818, -0.775581314999954 ], [ -48.139697463999937, -0.762783322999951 ], [ -48.13640253799997, -0.760031543999958 ], [ -48.131664583999907, -0.756427660999975 ], [ -48.132747525999889, -0.751839071999882 ], [ -48.130313587999979, -0.746168713999964 ], [ -48.11697747799991, -0.730347871999925 ], [ -48.111156580999932, -0.726215090999915 ], [ -48.090690487999893, -0.744314804999931 ], [ -48.083103524999899, -0.749231461999955 ], [ -48.058856522999918, -0.761823258999925 ], [ -48.051807509999946, -0.767404935999878 ], [ -48.039127533999931, -0.780477016999953 ], [ -48.032646478999936, -0.786860506999972 ], [ -48.011581582999895, -0.804248261999817 ], [ -48.005176467999945, -0.810625884999922 ], [ -47.994468586999915, -0.825354564999827 ], [ -47.989646477999884, -0.833035908999875 ], [ -47.977798489999941, -0.857644337999943 ], [ -47.972095610999986, -0.863730605999933 ], [ -47.95449847499998, -0.86841055799988 ], [ -47.937282548999974, -0.874354835999952 ], [ -47.922244576999901, -0.831398252999918 ], [ -47.921237574999907, -0.822836808999966 ], [ -47.927745619999882, -0.805834956999831 ], [ -47.930465546999926, -0.797306704999926 ], [ -47.925781571999892, -0.779715940999949 ], [ -47.924823520999951, -0.770729701999926 ], [ -47.924686559999884, -0.761629301999847 ], [ -47.922477593999986, -0.754884048999941 ], [ -47.877273486999911, -0.760097425999902 ], [ -47.868663595999919, -0.762160211999969 ], [ -47.847602554999867, -0.77953220899991 ], [ -47.839908470999887, -0.784006636999948 ], [ -47.82231854399987, -0.788684408999927 ], [ -47.813632545999894, -0.786381397999946 ], [ -47.804965489999972, -0.78362358399994 ], [ -47.779472601999942, -0.773867383999971 ], [ -47.771209553999881, -0.770063843999878 ], [ -47.763862480999933, -0.77089482599996 ], [ -47.757526599999892, -0.777421310999955 ], [ -47.753013615999976, -0.785220503999938 ], [ -47.75003854299996, -0.793734840999889 ], [ -47.741775495999889, -0.83845849699992 ], [ -47.739894595999942, -0.847352031999947 ], [ -47.730407622999962, -0.882480252999869 ], [ -47.7107616159999, -0.913088112999958 ], [ -47.682411503999958, -0.959726530999944 ], [ -47.65705457099989, -0.985820569999817 ], [ -47.653049529999976, -0.993837859999871 ], [ -47.646530588999894, -1.010821606999912 ], [ -47.643741593999891, -1.019466031999912 ], [ -47.636608594999984, -1.045804988999976 ], [ -47.633087524999894, -1.052665576999914 ], [ -47.615375556999879, -1.04849692099998 ], [ -47.612060514999882, -1.041491493999956 ], [ -47.606910505999906, -0.996310688999927 ], [ -47.608314473999883, -0.987475492999977 ], [ -47.635707539999942, -0.891264822999915 ], [ -47.637699582999858, -0.882452256999954 ], [ -47.636913527999923, -0.827897298999972 ], [ -47.632930614999964, -0.82046808299998 ], [ -47.626403626999945, -0.814132369999868 ], [ -47.620143518999953, -0.808747835999952 ], [ -47.610656545999973, -0.843859124999938 ], [ -47.599761579999949, -0.878556515999946 ], [ -47.591472548999946, -0.881410386999903 ], [ -47.582679596999924, -0.88374122599987 ], [ -47.573753540999974, -0.885084174999974 ], [ -47.555568498999946, -0.885342169999888 ], [ -47.548713610999926, -0.881738453999958 ], [ -47.540351488999931, -0.865592561999961 ], [ -47.535697520999975, -0.857789344999958 ], [ -47.526119519999952, -0.842335294999884 ], [ -47.520515546999889, -0.835407819999944 ], [ -47.512882482999828, -0.830474398999968 ], [ -47.505413536999924, -0.827002446999927 ], [ -47.492740601999856, -0.840038485999912 ], [ -47.485729475999904, -0.845752093999977 ], [ -47.47823756299988, -0.850899588999937 ], [ -47.474010568999972, -0.857737209999812 ], [ -47.474777512999935, -0.912263166999878 ], [ -47.475440521999985, -0.921277567999937 ], [ -47.480094489999942, -0.938851233999969 ], [ -47.475704551999911, -0.945875603999923 ], [ -47.463024575999953, -0.958906613999943 ], [ -47.455783617999941, -0.961822342999881 ], [ -47.447120585999983, -0.959065534999979 ], [ -47.439521551999974, -0.954536959999928 ], [ -47.426490542999943, -0.941863018999925 ], [ -47.420429587999934, -0.935261264999951 ], [ -47.41112148499991, -0.900122985999928 ], [ -47.408111542999904, -0.893953569999894 ], [ -47.39543961499993, -0.906980555999951 ], [ -47.393176500999914, -0.915116030999968 ], [ -47.394203618999882, -0.99688384399991 ], [ -47.389217559999906, -1.023686654999892 ], [ -47.369903475999934, -1.084300220999978 ], [ -47.365619484999968, -1.092045601999928 ], [ -47.352935486999968, -1.105065714999967 ], [ -47.346767578999959, -1.111665122999966 ], [ -47.341766600999904, -1.138466090999941 ], [ -47.346698511999932, -1.174475584999925 ], [ -47.347763516999976, -1.183490991999975 ], [ -47.348228544999984, -1.219842970999935 ], [ -47.344993465999892, -1.225080821999939 ], [ -47.318038605999959, -1.220937982999942 ], [ -47.313411627999926, -1.214327678999837 ], [ -47.295505535999951, -1.162826247999874 ], [ -47.291778605999866, -1.1548548909999 ], [ -47.268222608999849, -1.14113304499989 ], [ -47.259551529999953, -1.139661181999884 ], [ -47.223209608999923, -1.140125036999905 ], [ -47.214244492999967, -1.141540069999905 ], [ -47.196361534999937, -1.144753858999934 ], [ -47.187423575999901, -1.145606801999975 ], [ -47.169559560999858, -1.142270803999963 ], [ -47.162788491999947, -1.139400001999945 ], [ -47.172584589999929, -1.113976180999941 ], [ -47.178783510999949, -1.107378449999828 ], [ -47.210460566999984, -1.074836045999859 ], [ -47.226413507999894, -1.052776720999873 ], [ -47.231407612999931, -1.025989666999862 ], [ -47.221061494999844, -1.000815458999966 ], [ -47.226127516999952, -1.002204507999977 ], [ -47.241832521999982, -1.011343799999963 ], [ -47.249328624999919, -1.016378305999979 ], [ -47.255836502999955, -1.022715862999974 ], [ -47.26179854999998, -1.029541414999926 ], [ -47.272891495999886, -1.043932136999899 ], [ -47.280029524999918, -1.044855318999907 ], [ -47.313133515999937, -1.030013147999966 ], [ -47.318736482999952, -0.994108091999919 ], [ -47.327045463999923, -0.949449311999956 ], [ -47.328224461999866, -0.940475981999896 ], [ -47.327602524999918, -0.89505847199996 ], [ -47.327899579999894, -0.886005010999952 ], [ -47.332008555999948, -0.859063058999823 ], [ -47.331012618999978, -0.850210930999935 ], [ -47.321708538999928, -0.815089415999921 ], [ -47.320926506999967, -0.806097142999931 ], [ -47.320796586999961, -0.797015685999952 ], [ -47.32228454299991, -0.788071524999907 ], [ -47.325595561999933, -0.770209855999951 ], [ -47.329204474999926, -0.761919315999933 ], [ -47.333152518999952, -0.753737907999891 ], [ -47.335792482999977, -0.745521463999978 ], [ -47.325309571999981, -0.720372568999949 ], [ -47.316497508999817, -0.720087583999828 ], [ -47.298335601999895, -0.720348596999941 ], [ -47.294174489999932, -0.728187854999931 ], [ -47.290229462999946, -0.736367418999976 ], [ -47.285827622999875, -0.7442636749999 ], [ -47.26910756999996, -0.765775996999935 ], [ -47.266078517999972, -0.773797645999821 ], [ -47.266464587999963, -0.801037322999889 ], [ -47.264133580999896, -0.80975483799989 ], [ -47.261379622999982, -0.8184081469999 ], [ -47.253524605999985, -0.822758689999887 ], [ -47.245456520999824, -0.826932374999899 ], [ -47.237144522999984, -0.829454321999947 ], [ -47.219287548999887, -0.826140619999933 ], [ -47.210323605999918, -0.824893559999964 ], [ -47.192165553999871, -0.825143675999868 ], [ -47.184154466999985, -0.827097329999958 ], [ -47.170459609999966, -0.850641593999967 ], [ -47.173129581999945, -0.858218163999879 ], [ -47.188548594999986, -0.880672611999898 ], [ -47.191539593999948, -0.888840775999938 ], [ -47.19190957099994, -0.916077937999944 ], [ -47.185920533999877, -0.922204270999885 ], [ -47.171535510999945, -0.933292690999963 ], [ -47.16317757999991, -0.93668317099997 ], [ -47.146026529999972, -0.94265494199982 ], [ -47.137432564999983, -0.945384759999911 ], [ -47.110671494999963, -0.940399873999922 ], [ -47.077106498999967, -0.926541067999949 ], [ -47.068443466999952, -0.924088187999871 ], [ -47.037059608999982, -0.920029502999967 ], [ -47.02801151299991, -0.919753569999955 ], [ -46.991706471999919, -0.920230667999931 ], [ -46.98277253699996, -0.918740700999933 ], [ -46.938167568999972, -0.910426355999959 ], [ -46.929145622999897, -0.909529324999824 ], [ -46.874877493999918, -0.905273496999939 ], [ -46.829738598999938, -0.900848857999961 ], [ -46.820972468999969, -0.902622971999847 ], [ -46.798404529999914, -0.909384317999979 ], [ -46.794910616999914, -0.910431384999924 ], [ -46.78888352599995, -0.915542837999908 ], [ -46.784709505999842, -0.933190431999833 ], [ -46.775253545999931, -0.957945711999969 ], [ -46.774127520999912, -0.96679113499988 ], [ -46.774242519999859, -0.975857503999976 ], [ -46.771530471999881, -0.984415594999916 ], [ -46.765003483999976, -1.001336477999928 ], [ -46.759334466999974, -1.008001096999976 ], [ -46.744956485999921, -1.019059173999835 ], [ -46.73744160699988, -1.024111784999889 ], [ -46.714244521999888, -1.038311567999926 ], [ -46.698120589999917, -1.046620044999941 ], [ -46.689605582999889, -1.048948872999972 ], [ -46.571758537999983, -1.050364743999978 ], [ -46.562755535999884, -1.050756849999971 ], [ -46.504489573999876, -1.07583902499988 ], [ -46.49604748899992, -1.079093549999868 ], [ -46.443767546999879, -1.094001602999867 ], [ -46.435363515999882, -1.097268197999881 ], [ -46.395103558999949, -1.118021790999933 ], [ -46.347892488999889, -1.144942786999934 ], [ -46.338893509999878, -1.145254761999979 ], [ -46.284557486999972, -1.145857587999842 ], [ -46.279781478999951, -1.152294051999945 ], [ -46.269351540999935, -1.177373208999938 ], [ -46.267024556999957, -1.185827531999905 ], [ -46.277324574999966, -1.229909468999892 ], [ -46.280815469999879, -1.238202691999959 ], [ -46.293224542999951, -1.262367885999936 ], [ -46.296119484999963, -1.270897310999885 ], [ -46.298412605999886, -1.279658746999814 ], [ -46.301197576999925, -1.288208119999922 ], [ -46.315422504999958, -1.31135642199996 ], [ -46.314819510999826, -1.319716532999962 ], [ -46.312046608999879, -1.328336984999908 ], [ -46.304550505999885, -1.327451184999916 ], [ -46.253284606999955, -1.309415508999962 ], [ -46.246902624999962, -1.303259838999907 ], [ -46.229293587999848, -1.282576486999972 ], [ -46.223655584999904, -1.275527976999967 ], [ -46.211250535999966, -1.251366637999979 ], [ -46.206745597999941, -1.243628297999976 ], [ -46.1921465019999, -1.232918069999869 ], [ -46.184753495999985, -1.228736337999976 ], [ -46.176696474999915, -1.232870124999977 ], [ -46.175037528999894, -1.240860592999979 ], [ -46.175228467999943, -1.258961312999872 ], [ -46.175662482999883, -1.267975379999882 ], [ -46.179397458999858, -1.285689358999889 ], [ -46.179836502999933, -1.293791473999875 ], [ -46.154724488999875, -1.304135747999908 ], [ -46.145828607999931, -1.303149030999975 ], [ -46.118984556999919, -1.29901608199998 ], [ -46.083103472999937, -1.294197492999956 ], [ -46.0572585459999, -1.285874262999926 ], [ -46.049186604999932, -1.282200474999968 ], [ -46.03625852499988, -1.269537430999833 ], [ -46.028388588999974, -1.265383862999954 ], [ -46.011520510999958, -1.258834075999914 ], [ -46.002841553999872, -1.256477251999968 ], [ -45.976020468999877, -1.252286635999951 ], [ -45.971702615999959, -1.259138170999961 ], [ -45.961261613999966, -1.284182291999969 ], [ -45.956962535999878, -1.291989699999931 ], [ -45.944297479999932, -1.304905876999953 ], [ -45.93593552599998, -1.306608576999963 ], [ -45.926891619999935, -1.306696586999976 ], [ -45.918788498999902, -1.310619485999894 ], [ -45.910739524999883, -1.314740866999955 ], [ -45.903533602999971, -1.319803536999871 ], [ -45.893688554999926, -1.334973607999871 ], [ -45.879947597999887, -1.358366661999924 ], [ -45.873561593999966, -1.364476398999955 ], [ -45.866085605999956, -1.369564045999937 ], [ -45.86109552399995, -1.376369480999927 ], [ -45.856872553999949, -1.393955216999927 ], [ -45.840644518999909, -1.386076730999832 ], [ -45.833049508999977, -1.381357886999922 ], [ -45.813686473999951, -1.362358291999954 ], [ -45.803417468999953, -1.347488459999909 ], [ -45.799079498999902, -1.339573260999884 ], [ -45.794959625999923, -1.33152579599988 ], [ -45.790512522999961, -1.323773373999813 ], [ -45.775371620999977, -1.313889097999891 ], [ -45.768959464999909, -1.319607735999853 ], [ -45.762626601999955, -1.326059118999922 ], [ -45.758834460999879, -1.333532758999866 ], [ -45.759170575999917, -1.369684074999896 ], [ -45.759933495999974, -1.378673162999917 ], [ -45.76474353499998, -1.414506469999935 ], [ -45.765075458999888, -1.423527744999944 ], [ -45.765235552999911, -1.44160566599993 ], [ -45.763069501999837, -1.450301722999939 ], [ -45.760284530999968, -1.458903231999955 ], [ -45.75247159099996, -1.475196142999948 ], [ -45.747695582999938, -1.48258747299991 ], [ -45.724555494999947, -1.496742495999968 ], [ -45.715942585999983, -1.498916090999955 ], [ -45.680091509999897, -1.503709030999914 ], [ -45.671157574999938, -1.502570935999927 ], [ -45.653297582999869, -1.499751095999898 ], [ -45.645503586999894, -1.496704273999967 ], [ -45.637687461999974, -1.482921574999921 ], [ -45.630325468999956, -1.466369830999895 ], [ -45.624385548999896, -1.447184157999914 ], [ -45.621341576999839, -1.428936586999839 ], [ -45.616332551999903, -1.406860162999919 ], [ -45.614292563999868, -1.393413242999941 ], [ -45.606536621999908, -1.386750635999874 ], [ -45.603752488999874, -1.398315817999958 ], [ -45.605823488999818, -1.41464544199988 ], [ -45.60884047199994, -1.430007290999868 ], [ -45.611049605999938, -1.46268782899989 ], [ -45.611171478999893, -1.477113754999891 ], [ -45.606262532999892, -1.494569570999943 ], [ -45.604354476999958, -1.508749571999886 ], [ -45.602405516999966, -1.517477814999893 ], [ -45.59445561699988, -1.533707693999929 ], [ -45.591407621999963, -1.542172075999929 ], [ -45.584171524999931, -1.568293941999968 ], [ -45.580841561999932, -1.576472499999966 ], [ -45.573459619999937, -1.580455076999897 ], [ -45.546344497999883, -1.580672168999911 ], [ -45.537692529999902, -1.5830080369999 ], [ -45.52914449799988, -1.585933656999941 ], [ -45.511661523999919, -1.590520401999925 ], [ -45.506336500999964, -1.59569002399985 ], [ -45.502189470999838, -1.64066362899996 ], [ -45.501731483999947, -1.649673839999934 ], [ -45.501869616999841, -1.667740696999886 ], [ -45.502563470999974, -1.676717043999929 ], [ -45.507221461999961, -1.703417093999917 ], [ -45.507614573999831, -1.712421436999932 ], [ -45.507747510999877, -1.73048997099994 ], [ -45.505863593999891, -1.739265319999959 ], [ -45.498599501999877, -1.765378301999931 ], [ -45.494823621999956, -1.77339659799992 ], [ -45.4780345019999, -1.794680261999929 ], [ -45.47074861699997, -1.799482756999851 ], [ -45.436984466999888, -1.812406812999825 ], [ -45.428520587999913, -1.812605966999968 ], [ -45.39458846499997, -1.800151799999981 ], [ -45.387195458999884, -1.795564216999878 ], [ -45.37625455999995, -1.78118925299998 ], [ -45.373733618999893, -1.773455605999914 ], [ -45.386409570999945, -1.730118987999958 ], [ -45.388771591999898, -1.721415721999904 ], [ -45.392993555999908, -1.685543355999926 ], [ -45.394294594999906, -1.676614952999898 ], [ -45.403766480999877, -1.632470318999879 ], [ -45.399814581999863, -1.625043951999885 ], [ -45.382724551999956, -1.60401928899995 ], [ -45.367736534999949, -1.593989168999883 ], [ -45.359378603999915, -1.590719387999968 ], [ -45.343582571999946, -1.585589830999936 ], [ -45.339202524999962, -1.594296951999979 ], [ -45.342193522999935, -1.599566654999876 ], [ -45.347923559999913, -1.603901271999973 ], [ -45.349773613999957, -1.608258017999958 ], [ -45.345748623999896, -1.625515852999911 ], [ -45.346683540999891, -1.62987544899994 ], [ -45.351947543999984, -1.632376440999963 ], [ -45.352722534999884, -1.649836950999941 ], [ -45.355743539999821, -1.660393287999909 ], [ -45.368186475999948, -1.683307399999933 ], [ -45.365001519999964, -1.685852312999941 ], [ -45.364356616999885, -1.693439778999959 ], [ -45.371120476999977, -1.722130698999933 ], [ -45.365920511999946, -1.732270957999958 ], [ -45.354118624999956, -1.746581883999909 ], [ -45.348197480999943, -1.750060540999812 ], [ -45.337711551999973, -1.753334344999871 ], [ -45.324691606999977, -1.752943412999969 ], [ -45.317386609999971, -1.753441129999942 ], [ -45.294750609999937, -1.747125701999892 ], [ -45.28446551199994, -1.745799684999952 ], [ -45.280590557999972, -1.746968791999961 ], [ -45.272331533999875, -1.738738265999928 ], [ -45.275283472999945, -1.73550653999996 ], [ -45.273155474999896, -1.721038703999966 ], [ -45.27583349299988, -1.707925719999935 ], [ -45.274898575999885, -1.703563106999979 ], [ -45.272605621999901, -1.701736186999938 ], [ -45.26002455299988, -1.696976439999901 ], [ -45.252239608999957, -1.692420874999925 ], [ -45.241279599999928, -1.69270686599998 ], [ -45.233730522999963, -1.68998811199998 ], [ -45.22390760299993, -1.689349074999882 ], [ -45.210460515999898, -1.69447460899994 ], [ -45.205890533999877, -1.693578750999905 ], [ -45.195968539999967, -1.704156042999955 ], [ -45.179954578999968, -1.704159059999938 ], [ -45.154785567999966, -1.694996633999892 ], [ -45.127319579999948, -1.668651641999929 ], [ -45.112445556999887, -1.658344414999931 ], [ -45.083866619999981, -1.67209526299996 ], [ -45.050712504999922, -1.680113558999892 ], [ -45.022140608999848, -1.708742619999839 ], [ -45.00727848799994, -1.721336764999933 ], [ -44.97641347099983, -1.723618318999911 ], [ -44.947837551999953, -1.705290951999871 ], [ -44.91469550599993, -1.713292316999969 ], [ -44.895267595999883, -1.736177426999973 ], [ -44.907829553999932, -1.778539397999907 ], [ -44.912383609999949, -1.815178708999952 ], [ -44.882648472999904, -1.850641031999885 ], [ -44.854064506999975, -1.866636888999949 ], [ -44.799198579999938, -1.881449722999946 ], [ -44.761501473999886, -1.874532138999939 ], [ -44.707801469999936, -1.882463430999906 ], [ -44.692928620999908, -1.904179097999872 ], [ -44.702014603999942, -1.943092082999897 ], [ -44.683696624999982, -1.969374043999949 ], [ -44.679084565999915, -1.994535175999886 ], [ -44.715595465999968, -2.024359998999898 ], [ -44.710914508999906, -2.086147365999977 ], [ -44.709732492999933, -2.104455956999914 ], [ -44.726833586999931, -2.123954610999874 ], [ -44.756526478999831, -2.13661748699991 ], [ -44.77819051299997, -2.16414667499987 ], [ -44.783832539999878, -2.197363989999928 ], [ -44.810108464999985, -2.207738438999968 ], [ -44.85236750699994, -2.231897597999875 ], [ -44.875179526999943, -2.260593378999886 ], [ -44.892307610999922, -2.274385297999913 ], [ -44.90598251799986, -2.296189812999955 ], [ -44.927642528999854, -2.329477367999857 ], [ -44.910476558999903, -2.330575229999909 ], [ -44.881908518999978, -2.316744251999978 ], [ -44.846431609999854, -2.32007790199998 ], [ -44.837234482999975, -2.338377607999973 ], [ -44.839477480999903, -2.35442140899994 ], [ -44.853172504999975, -2.365919368999869 ], [ -44.819976479999866, -2.373831884999902 ], [ -44.806156565999913, -2.404713498999854 ], [ -44.792362467999908, -2.426428830999896 ], [ -44.770561472999873, -2.446967510999912 ], [ -44.752212480999958, -2.460643423999841 ], [ -44.731620491999934, -2.460566477999976 ], [ -44.708763544999954, -2.455899769999917 ], [ -44.692794509999828, -2.444388566999976 ], [ -44.674587507999888, -2.41798674599994 ], [ -44.656375475999937, -2.392733411999927 ], [ -44.633586589999936, -2.370902242999875 ], [ -44.62675450099988, -2.362864667999929 ], [ -44.593669619999901, -2.344433197999876 ], [ -44.568569507999939, -2.331754898999918 ], [ -44.529712513999925, -2.333900833999905 ], [ -44.526222624999832, -2.352192493999837 ], [ -44.546943526999939, -2.37723158499989 ], [ -44.526390597999978, -2.384990209999955 ], [ -44.541515574999949, -2.395731115999979 ], [ -44.550216492999937, -2.400061877999917 ], [ -44.553207490999966, -2.40487661099985 ], [ -44.552989561999937, -2.407636435999848 ], [ -44.546569526999974, -2.402146959999925 ], [ -44.524578597999948, -2.389366736999875 ], [ -44.510868486999982, -2.38965473899998 ], [ -44.499484520999943, -2.400508968999873 ], [ -44.49108551899991, -2.414569778999919 ], [ -44.492942612999911, -2.421458361999953 ], [ -44.511295460999918, -2.43931399499985 ], [ -44.513843558999895, -2.447579557999916 ], [ -44.510444529999972, -2.455640768999899 ], [ -44.504775513999959, -2.466241026999967 ], [ -44.504112504999966, -2.471992688999876 ], [ -44.505496524999842, -2.475895134999917 ], [ -44.510322489999908, -2.48162181899994 ], [ -44.516273472999956, -2.484585659999937 ], [ -44.520412624999949, -2.490315361999876 ], [ -44.531017575999897, -2.51326149199997 ], [ -44.535610523999878, -2.518990187999975 ], [ -44.540878549999945, -2.521726878999971 ], [ -44.548885613999914, -2.52284167199997 ], [ -44.560310483999956, -2.522101884999927 ], [ -44.566013530999953, -2.519548086999919 ], [ -44.573333613999864, -2.520895896999889 ], [ -44.578830465999943, -2.523861581999938 ], [ -44.582736600999908, -2.528672458999949 ], [ -44.586662516999922, -2.539230639999914 ], [ -44.590396486999964, -2.558298128999979 ], [ -44.592933521999839, -2.563116884999886 ], [ -44.606456548999972, -2.572483158999944 ], [ -44.623855535999951, -2.579304518999891 ], [ -44.630744621999895, -2.586401978999959 ], [ -44.641967486999818, -2.592559492999953 ], [ -44.655239560999973, -2.595260477999886 ], [ -44.661430601999939, -2.600520959999926 ], [ -44.665348470999902, -2.608091494999883 ], [ -44.666084569999896, -2.619813418999968 ], [ -44.664031506999947, -2.620973473999868 ], [ -44.660362579999855, -2.617999574999828 ], [ -44.658950563999895, -2.608119322999812 ], [ -44.652980469999932, -2.602399008999896 ], [ -44.645648483999935, -2.598062044999892 ], [ -44.633533616999841, -2.597886192999908 ], [ -44.624603536999928, -2.594246602999931 ], [ -44.616569482999978, -2.585775012999932 ], [ -44.609474536999926, -2.583277372999873 ], [ -44.595741458999896, -2.579658570999868 ], [ -44.591152534999935, -2.575309871999934 ], [ -44.574359558999902, -2.549171911999906 ], [ -44.56472757899985, -2.540706357999966 ], [ -44.556259509999961, -2.537984585999936 ], [ -44.550548583999955, -2.538698556999918 ], [ -44.548274573999834, -2.541467434999959 ], [ -44.54354449799996, -2.559652140999901 ], [ -44.546314548999931, -2.565617708999866 ], [ -44.556419603999984, -2.577300740999931 ], [ -44.565174501999877, -2.59450660899995 ], [ -44.571136549999949, -2.599079272999859 ], [ -44.5777964749999, -2.607098574999895 ], [ -44.580829549999862, -2.621800432999976 ], [ -44.584983621999925, -2.631439621999959 ], [ -44.602672621999886, -2.653206082999873 ], [ -44.612350535999951, -2.672246749999942 ], [ -44.620220471999914, -2.69543595499988 ], [ -44.623207614999956, -2.698870523999915 ], [ -44.625953525999876, -2.70000962499995 ], [ -44.629169494999985, -2.703904191999868 ], [ -44.629890505999924, -2.712177632999897 ], [ -44.62902448799997, -2.724138776999951 ], [ -44.63249258399992, -2.733091151999929 ], [ -44.63137846199993, -2.740224654999963 ], [ -44.643581506999965, -2.76063492399993 ], [ -44.652992539999957, -2.770250307999902 ], [ -44.658294596999895, -2.780343628999958 ], [ -44.659267567999848, -2.794597557999907 ], [ -44.648956485999975, -2.844311966999953 ], [ -44.649455544999967, -2.854655905999891 ], [ -44.652023591999978, -2.866602296999872 ], [ -44.659175534999974, -2.882437052999933 ], [ -44.665573608999978, -2.89262827399989 ], [ -44.679630563999979, -2.906722108999929 ], [ -44.685840547999817, -2.915891407999936 ], [ -44.687705521999931, -2.924161831999868 ], [ -44.682044551999979, -2.937753925999971 ], [ -44.685092546999897, -2.955445441999871 ], [ -44.686347485999931, -2.982347662999928 ], [ -44.685039572999983, -2.997298463999925 ], [ -44.681655463999846, -3.008352517999981 ], [ -44.676666554999883, -3.018492775999903 ], [ -44.672790594999981, -3.021500705999927 ], [ -44.662277508999921, -3.023386633999905 ], [ -44.654731616999982, -3.023191503999954 ], [ -44.648998562999907, -3.019307832999914 ], [ -44.633434541999975, -3.016156068999919 ], [ -44.628177579999942, -3.017328026999905 ], [ -44.620193481999877, -3.022192548999953 ], [ -44.615638587999968, -3.026813155999832 ], [ -44.608814545999962, -3.036040457999889 ], [ -44.608375501999944, -3.040413129999934 ], [ -44.610923599999921, -3.048219530999972 ], [ -44.624046475999933, -3.068857955999817 ], [ -44.66654557499993, -3.114203716999896 ], [ -44.677127559999917, -3.128412719999972 ], [ -44.684290484999906, -3.134424051999872 ], [ -44.690212548999966, -3.139394018999951 ], [ -44.714733470999874, -3.150780162999865 ], [ -44.717967544999965, -3.158815558999891 ], [ -44.716426615999922, -3.172160553999902 ], [ -44.717590526999857, -3.177676013999928 ], [ -44.720348507999972, -3.180191925999964 ], [ -44.74437355699996, -3.181921615999897 ], [ -44.759712607999916, -3.185302372999956 ], [ -44.775730591999945, -3.186378273999878 ], [ -44.793395620999945, -3.198025430999905 ], [ -44.798000470999909, -3.205363116999933 ], [ -44.797817577999979, -3.215941245999886 ], [ -44.791953597999907, -3.235287684999946 ], [ -44.78332157899996, -3.248665872999936 ], [ -44.778362509999909, -3.266626446999965 ], [ -44.762401521999834, -3.278659507999976 ], [ -44.75878556899994, -3.288793730999942 ], [ -44.760642495999946, -3.295456338999827 ], [ -44.765006617999973, -3.299574870999891 ], [ -44.782371573999967, -3.294435254999883 ], [ -44.786766540999906, -3.304764441999907 ], [ -44.787139535999927, -3.306069503999822 ], [ -44.78976860399996, -3.30541638699998 ], [ -44.789771620999943, -3.304203524999878 ], [ -44.797054488999891, -3.30056980199987 ], [ -44.79948457099988, -3.298146090999978 ], [ -44.803127512999936, -3.295724223999969 ], [ -44.805557594999925, -3.29087562899997 ], [ -44.807987508999986, -3.289663772999972 ], [ -44.810417589999986, -3.283604997999873 ], [ -44.812847503999933, -3.278755563999823 ], [ -44.814063549999901, -3.271484095999938 ], [ -44.816493463999961, -3.262999597999908 ], [ -44.820133556999963, -3.273909817999879 ], [ -44.821346585999891, -3.284820205999949 ], [ -44.828632470999935, -3.288456778999944 ], [ -44.837131553999882, -3.28845862299994 ], [ -44.840774495999938, -3.29088451299998 ], [ -44.848060548999968, -3.293311576999827 ], [ -44.856559463999929, -3.29695016099987 ], [ -44.862632487999974, -3.300587739999912 ], [ -44.861419458999876, -3.293313253999941 ], [ -44.861419458999876, -3.287249951999911 ], [ -44.863849540999865, -3.279976304999934 ], [ -44.872352477999982, -3.275128714999937 ], [ -44.875995588999956, -3.27633973199994 ], [ -44.87842147899994, -3.282403367999905 ], [ -44.880851560999986, -3.286041952999881 ], [ -44.882064589999914, -3.290890715999979 ], [ -44.884494502999985, -3.295742161999954 ], [ -44.888141468999947, -3.296955190999938 ], [ -44.895427522999967, -3.289678692999871 ], [ -44.897857603999967, -3.283617235999827 ], [ -44.90028349399995, -3.283617235999827 ], [ -44.90271357599994, -3.287253807999889 ], [ -44.90271357599994, -3.29089272799996 ], [ -44.90028349399995, -3.294531311999947 ], [ -44.90271357599994, -3.304231520999963 ], [ -44.905143488999897, -3.309081121999952 ], [ -44.910003484999947, -3.312719873999924 ], [ -44.913646594999932, -3.313933740999914 ], [ -44.914859623999916, -3.315146769999899 ], [ -44.919719618999977, -3.316360637999878 ], [ -44.92579247599997, -3.316360637999878 ], [ -44.929439608999928, -3.315148781999824 ], [ -44.930656493999891, -3.312722891999897 ], [ -44.937942546999977, -3.295745178999937 ], [ -44.939159599999925, -3.293318282999849 ], [ -44.944015570999909, -3.29210542099986 ], [ -44.947662536999928, -3.29210542099986 ], [ -44.948879589999933, -3.293318282999849 ], [ -44.950092618999918, -3.296957034999934 ], [ -44.948879589999933, -3.300594947999912 ], [ -44.94887556599997, -3.33819415399995 ], [ -44.952522531999875, -3.343044593999821 ], [ -44.956165474999978, -3.346685356999956 ], [ -44.958595556999853, -3.347898385999883 ], [ -44.968315546999918, -3.347900397999979 ], [ -44.970748477999962, -3.345473501999948 ], [ -44.97439561199991, -3.344260639999959 ], [ -44.979251583999883, -3.343047778999903 ], [ -44.98046846799997, -3.341834749999975 ], [ -44.987758544999963, -3.340623899999969 ], [ -44.993835591999982, -3.340623899999969 ], [ -44.998695586999929, -3.344262651999884 ], [ -44.999912471999835, -3.345475513999872 ], [ -44.99626952899996, -3.349116108999908 ], [ -44.993835591999982, -3.350329137999893 ], [ -44.990188457999864, -3.351540155999942 ], [ -44.987758544999963, -3.355179912999972 ], [ -44.986545515999978, -3.357606473999965 ], [ -44.987758544999963, -3.360033537999925 ], [ -44.99261853999991, -3.3648849839999 ], [ -44.996265505999986, -3.367311879999875 ], [ -44.998100471999919, -3.370062820999863 ], [ -44.997894612999914, -3.373343497999883 ], [ -45.001789514999984, -3.37917596099993 ], [ -45.003734619999875, -3.380590825999832 ], [ -45.006568540999979, -3.380767851999906 ], [ -45.009048578999909, -3.380236941999954 ], [ -45.011115555999879, -3.381414934999896 ], [ -45.013893485999972, -3.385579399999926 ], [ -45.017784533999929, -3.395580853999945 ], [ -45.021949500999938, -3.398358616999928 ], [ -45.028060578999941, -3.397523611999929 ], [ -45.031394564999914, -3.393912855999872 ], [ -45.031669490999832, -3.383636809999871 ], [ -45.036666614999945, -3.382802642999934 ], [ -45.043060497999875, -3.390024322999921 ], [ -45.048614514999883, -3.391413036999893 ], [ -45.054725592999944, -3.391690980999954 ], [ -45.058891565999943, -3.394468742999948 ], [ -45.061668490999921, -3.398356772999932 ], [ -45.062782612999911, -3.404469023999923 ], [ -45.062782612999911, -3.410022873999935 ], [ -45.073059496999974, -3.42752244299993 ], [ -45.077224464999972, -3.430298361999917 ], [ -45.081947499999956, -3.428077492999932 ], [ -45.085281484999882, -3.42446774299998 ], [ -45.089446620999979, -3.423077854999974 ], [ -45.093055532999983, -3.42613439999991 ], [ -45.092506517999936, -3.432520907999958 ], [ -45.087226589999943, -3.440855536999834 ], [ -45.08583854699998, -3.446408882999947 ], [ -45.090278607999892, -3.455853275999971 ], [ -45.093337499999961, -3.460019919999922 ], [ -45.09750347399995, -3.462519738999902 ], [ -45.108062491999874, -3.472519181999928 ], [ -45.111114510999982, -3.476406875999885 ], [ -45.116111465999893, -3.485296219999896 ], [ -45.12194862399997, -3.493349551999927 ], [ -45.125556529999983, -3.501960783999834 ], [ -45.128334459999962, -3.501961789999939 ], [ -45.139167566999959, -3.498906083999941 ], [ -45.155555528999912, -3.48751708899988 ], [ -45.166671608999934, -3.478072527999927 ], [ -45.175559611999859, -3.47307322599994 ], [ -45.181671527999981, -3.473629951999897 ], [ -45.186668482999835, -3.475296944999968 ], [ -45.19639551399996, -3.47918547699993 ], [ -45.200561487999948, -3.48196340699991 ], [ -45.206672565999952, -3.480850625999949 ], [ -45.215560567999944, -3.475851826999872 ], [ -45.223060527999905, -3.496128320999958 ], [ -45.226669607999895, -3.499461132999954 ], [ -45.242782474999956, -3.503906726999901 ], [ -45.246948615999941, -3.50640654599988 ], [ -45.252227538999932, -3.50640654599988 ], [ -45.261672602999909, -3.503349832999902 ], [ -45.26667056399998, -3.505017831999908 ], [ -45.271118504999947, -3.50779341599997 ], [ -45.276672521999956, -3.515849765999974 ], [ -45.276115459999971, -3.520571626999867 ], [ -45.272224580999818, -3.523347377999926 ], [ -45.2730555629999, -3.528348020999886 ], [ -45.276672521999956, -3.531680833999872 ], [ -45.275283472999945, -3.536959253999896 ], [ -45.275001504999977, -3.543346766999946 ], [ -45.276390553999875, -3.548623341999871 ], [ -45.279167478999966, -3.552791159999856 ], [ -45.280837488999964, -3.558345679999888 ], [ -45.287223493999932, -3.572511765999877 ], [ -45.291114540999956, -3.575843572999929 ], [ -45.297225618999846, -3.574733640999966 ], [ -45.305839532999983, -3.569734003999883 ], [ -45.308059563999961, -3.574454523999862 ], [ -45.304168516999937, -3.584177698999952 ], [ -45.30722858199988, -3.588342498999907 ], [ -45.311393549999877, -3.590844329999868 ], [ -45.321670600999937, -3.601398654999969 ], [ -45.332504545999939, -3.603897467999957 ], [ -45.338615623999829, -3.603065479999941 ], [ -45.348892507999892, -3.599176611999894 ], [ -45.360000540999977, -3.596121910999841 ], [ -45.369728577999922, -3.585565574999919 ], [ -45.381111537999914, -3.576121516999933 ], [ -45.387779509999973, -3.569178953999881 ], [ -45.391944476999981, -3.570289723999963 ], [ -45.398895589999938, -3.576956186999894 ], [ -45.404449605999957, -3.576955180999903 ], [ -45.408615579999946, -3.575289528999917 ], [ -45.412223485999846, -3.578621335999912 ], [ -45.412506458999985, -3.592510148999963 ], [ -45.413612534999913, -3.598619717999895 ], [ -45.415840612999887, -3.60334325599996 ], [ -45.416389459999834, -3.616951275999952 ], [ -45.415000578999923, -3.622507806999977 ], [ -45.416389459999834, -3.628063499999939 ], [ -45.4194485189999, -3.631951194999886 ], [ -45.423614492999889, -3.634451180999974 ], [ -45.432502494999881, -3.646672163999938 ], [ -45.436950603999946, -3.647227045999955 ], [ -45.441947558999857, -3.645006343999967 ], [ -45.446113532999959, -3.647506162999946 ], [ -45.44972261199996, -3.650839812999891 ], [ -45.452506577999884, -3.655006624999942 ], [ -45.456672550999883, -3.657504431999939 ], [ -45.460281463999877, -3.660838082999931 ], [ -45.463058555999964, -3.665004894999868 ], [ -45.470283588999962, -3.67139425199997 ], [ -45.476112531999945, -3.679447583999945 ], [ -45.476951559999918, -3.685837108999976 ], [ -45.478614529999959, -3.691114019999929 ], [ -45.483612490999917, -3.700002357999949 ], [ -45.486946476999947, -3.703333828999973 ], [ -45.495559552999907, -3.708334472999866 ], [ -45.500556507999818, -3.710278570999947 ], [ -45.518615485999931, -3.700835183999914 ], [ -45.53139453599988, -3.692780844999902 ], [ -45.537506619999874, -3.691947851999942 ], [ -45.55000353399987, -3.692780844999902 ], [ -45.560562552999897, -3.696113489999959 ], [ -45.564727520999895, -3.698614314999929 ], [ -45.570281537999904, -3.699724078999907 ], [ -45.575004571999898, -3.698890246999952 ], [ -45.581390576999979, -3.699447307999947 ], [ -45.595840474999932, -3.705279771999869 ], [ -45.606948507999903, -3.707501646999958 ], [ -45.620002483999883, -3.707778751999967 ], [ -45.623893530999965, -3.705001827999979 ], [ -45.626113561999944, -3.700000345999968 ], [ -45.625839473999918, -3.693057615999976 ], [ -45.626945549999959, -3.687503263999872 ], [ -45.628890486999978, -3.682780396999817 ], [ -45.631950551999921, -3.679169807999926 ], [ -45.648338513999875, -3.667782656999862 ], [ -45.653892530999883, -3.66750370799997 ], [ -45.67250052299994, -3.675835989999882 ], [ -45.678337512999917, -3.67694692699996 ], [ -45.68305954199991, -3.678891696999926 ], [ -45.705284493999841, -3.683614395999882 ], [ -45.717781575999936, -3.684724494999898 ], [ -45.731391606999978, -3.684169277999956 ], [ -45.743896568999901, -3.685003276999964 ], [ -45.7480625419999, -3.687781039999948 ], [ -45.753616558999909, -3.688891138999963 ], [ -45.763336548999973, -3.692780844999902 ], [ -45.769447459999981, -3.693057615999976 ], [ -45.790840590999892, -3.686391152999875 ], [ -45.808616595999979, -3.68833608999995 ], [ -45.823890602999938, -3.693334721999918 ], [ -45.828056575999938, -3.696114327999965 ], [ -45.846946535999962, -3.704445771999872 ], [ -45.853340586999934, -3.704724889999966 ], [ -45.863616464999893, -3.701112959999932 ], [ -45.881111508999822, -3.69777947699987 ], [ -45.886672565999959, -3.697502370999871 ], [ -45.892227588999958, -3.698613308999938 ], [ -45.896392556999956, -3.701391071999922 ], [ -45.908058489999917, -3.717499915999952 ], [ -45.915840583999966, -3.723332546999927 ], [ -45.929450614999951, -3.737220354999977 ], [ -45.938613543999963, -3.74166427199998 ], [ -45.944168566999849, -3.743052985999952 ], [ -45.950279476999981, -3.743331935999947 ], [ -45.955558566999969, -3.741943053999933 ], [ -45.960555522999982, -3.739722352999877 ], [ -45.966949573999955, -3.732498828999951 ], [ -45.97917156199992, -3.723888266999893 ], [ -45.984725578999928, -3.723610490999931 ], [ -46.003059482999959, -3.732777610999904 ], [ -46.009170560999962, -3.733054883999955 ], [ -46.025558522999916, -3.736664466999969 ], [ -46.038894465999931, -3.736943583999903 ], [ -46.04444848299994, -3.73805452199997 ], [ -46.049171517999923, -3.73999811799996 ], [ -46.056945564999921, -3.745831921999923 ], [ -46.075561604999962, -3.747497741999894 ], [ -46.090835610999932, -3.752497378999863 ], [ -46.098617537999985, -3.758331853999948 ], [ -46.105277462999936, -3.765551354999843 ], [ -46.11083952599995, -3.773606866999955 ], [ -46.124168595999947, -3.801937699999883 ], [ -46.129951606999896, -3.804413378999925 ], [ -46.131668555999966, -3.815547730999867 ], [ -46.13806160099989, -3.829714656999897 ], [ -46.141944600999921, -3.833048306999956 ], [ -46.146667468999908, -3.834992069999942 ], [ -46.158058474999962, -3.837211933999924 ], [ -46.165000534999876, -3.843879569999956 ], [ -46.168060599999933, -3.848046213999908 ], [ -46.168617493999932, -3.875267282999971 ], [ -46.170280462999926, -3.880820628999913 ], [ -46.172500493999962, -3.885544501999959 ], [ -46.175559553999904, -3.88943202899992 ], [ -46.183891500999891, -3.89470960999995 ], [ -46.186668592999979, -3.898875415999953 ], [ -46.188613529999884, -3.904154002999974 ], [ -46.189170590999879, -3.910262734999947 ], [ -46.198615486999927, -3.934706710999876 ], [ -46.205558552999946, -3.962760605999904 ], [ -46.214729527999964, -3.974148929999842 ], [ -46.223892624999905, -3.978593517999968 ], [ -46.229446473999985, -3.97970261099988 ], [ -46.244171465999898, -3.985258136999846 ], [ -46.256950515999961, -3.993312307999929 ], [ -46.259727607999878, -3.997202180999977 ], [ -46.26611361199997, -4.018867388999979 ], [ -46.269172503999926, -4.023033194999869 ], [ -46.275558507999961, -4.037198108999917 ], [ -46.29000052799995, -4.057475608999937 ], [ -46.295562590999964, -4.058586713999944 ], [ -46.327506526999969, -4.060253538999916 ], [ -46.333061548999979, -4.061365481999815 ], [ -46.34194955199996, -4.065807220999886 ], [ -46.347778494999886, -4.066918828999917 ], [ -46.355003527999941, -4.060531482999977 ], [ -46.361114605999944, -4.059697650999908 ], [ -46.370834595999838, -4.063586183999973 ], [ -46.376396491999969, -4.064698294999971 ], [ -46.402503605999925, -4.064975064999942 ], [ -46.426948587999959, -4.07441929099997 ], [ -46.429168618999881, -4.077196382999944 ], [ -46.430839466999942, -4.082751740999868 ], [ -46.434448546999931, -4.086083546999873 ], [ -46.439170575999924, -4.087751545999936 ], [ -46.452506519999986, -4.086639434999938 ], [ -46.461395527999855, -4.091083184999832 ], [ -46.464446540999973, -4.095251001999884 ], [ -46.465835589999983, -4.100805521999916 ], [ -46.468055620999962, -4.105249103999881 ], [ -46.470558623999864, -4.11691537199988 ], [ -46.469169574999967, -4.135525040999823 ], [ -46.466117556999848, -4.146080203999816 ], [ -46.463340464999931, -4.150245674999951 ], [ -46.458618602999934, -4.165523537999889 ], [ -46.458061541999939, -4.171632268999872 ], [ -46.458892523999964, -4.177744687999962 ], [ -46.460555493999891, -4.183299206999834 ], [ -46.465003601999967, -4.192744773999948 ], [ -46.468612513999972, -4.196076580999943 ], [ -46.47277848799996, -4.19857623199988 ], [ -46.483337505999884, -4.208575506999978 ], [ -46.495834588999969, -4.20940749499988 ], [ -46.50639360699995, -4.212741144999939 ], [ -46.511672529999942, -4.211075157999971 ], [ -46.515006515999971, -4.207465574999901 ], [ -46.523055489999933, -4.213297032999947 ], [ -46.528060491999952, -4.222186543999953 ], [ -46.531394477999982, -4.225519356999939 ], [ -46.535278483999889, -4.228851833999954 ], [ -46.543617471999937, -4.233851470999923 ], [ -46.555557492999924, -4.235518463999938 ], [ -46.559448539999892, -4.238294382999925 ], [ -46.568893603999982, -4.242740982999976 ], [ -46.572227589999954, -4.246071615999938 ], [ -46.576393562999954, -4.248572439999975 ], [ -46.581672485999945, -4.25051637099989 ], [ -46.587783563999835, -4.251072426999883 ], [ -46.598892602999911, -4.253850188999877 ], [ -46.603057570999908, -4.256627951999917 ], [ -46.60806257299987, -4.265239183999938 ], [ -46.619728505999944, -4.281348195999897 ], [ -46.623336579999943, -4.284681846999945 ], [ -46.627502552999943, -4.287179821999871 ], [ -46.63806157199997, -4.290514309999878 ], [ -46.643890514999896, -4.298569821999934 ], [ -46.648055482999894, -4.308012203999965 ], [ -46.65111554799995, -4.311899897999922 ], [ -46.660835537999958, -4.315790441999866 ], [ -46.667503509999904, -4.323010948999979 ], [ -46.670280601999934, -4.32717658699994 ], [ -46.674446574999934, -4.328287691999947 ], [ -46.680000591999942, -4.328010753999877 ], [ -46.689170561999958, -4.332455341999832 ], [ -46.694450489999952, -4.333845061999966 ], [ -46.700836494999919, -4.334121328999913 ], [ -46.705833617999929, -4.336065930999951 ], [ -46.713615543999879, -4.341900740999904 ], [ -46.724449488999937, -4.351898842999901 ], [ -46.736389509999981, -4.360508398999968 ], [ -46.749450526999965, -4.36050940399997 ], [ -46.755004543999974, -4.359120354999959 ], [ -46.761672515999976, -4.358842243999959 ], [ -46.772224492999953, -4.361897111999951 ], [ -46.778335570999957, -4.362453 ], [ -46.784728616999985, -4.361341224999933 ], [ -46.789451483999983, -4.359119349999958 ], [ -46.802223492999985, -4.358008411999947 ], [ -46.807784549999951, -4.359120354999959 ], [ -46.817222572999867, -4.363841881999974 ], [ -46.827506497999877, -4.366620817999888 ], [ -46.833618581999986, -4.367175699999962 ], [ -46.839729491999947, -4.366340694999963 ], [ -46.844726614999956, -4.364119824999875 ], [ -46.850280463999923, -4.365230930999928 ], [ -46.853057555999953, -4.369396735999885 ], [ -46.859168465999915, -4.382173606999913 ], [ -46.861671469999976, -4.393838868999921 ], [ -46.865280549999909, -4.418283012999893 ], [ -46.868339609999964, -4.429114108999897 ], [ -46.87277950399988, -4.438557327999888 ], [ -46.875839568999936, -4.442724307999981 ], [ -46.882781460999865, -4.449389764999921 ], [ -46.895561516999976, -4.457169008999927 ], [ -46.905281506999984, -4.46077976499987 ], [ -46.909728608999956, -4.463556689999962 ], [ -46.917777582999975, -4.47633473399992 ], [ -46.921951603999958, -4.47883337899998 ], [ -46.928062513999919, -4.479389601999912 ], [ -46.931114531999924, -4.483279139999979 ], [ -46.930000576999873, -4.488832653999907 ], [ -46.922500617999958, -4.495220166999957 ], [ -46.920562554999947, -4.500220977999902 ], [ -46.919448599999953, -4.505774491999944 ], [ -46.920562554999947, -4.517442603999939 ], [ -46.923339478999935, -4.521331303999887 ], [ -46.930557470999929, -4.527995922999935 ], [ -46.933616530999984, -4.5321613939999 ], [ -46.935836560999917, -4.536884260999955 ], [ -46.937499530999958, -4.549105243999975 ], [ -46.939727607999885, -4.553827942999931 ], [ -46.954727526999932, -4.566327036999894 ], [ -46.957778539999879, -4.570215736999955 ], [ -46.96000661699992, -4.57521436899998 ], [ -46.968055590999938, -4.587713462999886 ], [ -46.966392621999944, -4.599657674999889 ], [ -46.956947557999968, -4.630766437999966 ], [ -46.956672463999951, -4.63715495699995 ], [ -46.957504618999963, -4.643265364999934 ], [ -46.961944512999878, -4.652709589999972 ], [ -46.963615529999856, -4.658263271999942 ], [ -46.962501574999976, -4.663540852999972 ], [ -46.95916758899989, -4.667151608999916 ], [ -46.954444553999906, -4.66937549599993 ], [ -46.950836479999964, -4.672986251999873 ], [ -46.952224522999984, -4.686040227999968 ], [ -46.953895538999973, -4.691594914999939 ], [ -46.953613571999881, -4.704650902999958 ], [ -46.945838518999892, -4.737146367999969 ], [ -46.938056591999953, -4.749646467999924 ], [ -46.936668548999933, -4.755200987999899 ], [ -46.940002534999905, -4.766311199999961 ], [ -46.941947471999981, -4.778534361999959 ], [ -46.942779626999936, -4.791587499999935 ], [ -46.941673550999894, -4.79714201999991 ], [ -46.934722605999866, -4.81741951999993 ], [ -46.936950515999968, -4.836585076999938 ], [ -46.939445473999911, -4.847972394999942 ], [ -46.938056591999953, -4.859915433999902 ], [ -46.931945513999949, -4.887415284999918 ], [ -46.934722605999866, -4.90602411499998 ], [ -46.935005579999938, -4.912968354999975 ], [ -46.941947471999981, -4.934077842999898 ], [ -46.941390577999925, -4.940188417999934 ], [ -46.938896626999963, -4.944354055999895 ], [ -46.935005579999938, -4.954075386999932 ], [ -46.932228486999975, -4.964631723999901 ], [ -46.92750561999992, -4.97351905599993 ], [ -46.923889499999973, -4.983518330999914 ], [ -46.923339478999935, -4.989627899999959 ], [ -46.917503494999949, -5.017403850999926 ], [ -46.917228568999974, -5.036015531999851 ], [ -46.908615492999957, -5.047957563999944 ], [ -46.906951516999982, -5.052680263999889 ], [ -46.906394623999972, -5.059067776999939 ], [ -46.907226610999885, -5.079623052999978 ], [ -46.90666954999989, -5.085733627999957 ], [ -46.899169590999918, -5.105453396999962 ], [ -46.898055467999939, -5.111007915999949 ], [ -46.89527854399995, -5.11517456099989 ], [ -46.893615573999909, -5.119896253999968 ], [ -46.891113575999952, -5.131008478999945 ], [ -46.890281587999937, -5.150449799999933 ], [ -46.892501618999972, -5.169615691999979 ], [ -46.895835604999945, -5.180447792999871 ], [ -46.900283545999969, -5.189891180999894 ], [ -46.901946514999906, -5.195448549999981 ], [ -46.902229487999875, -5.202112162999981 ], [ -46.900283545999969, -5.20711180099994 ], [ -46.897506620999934, -5.211280623999869 ], [ -46.896118577999971, -5.216834975999973 ], [ -46.898612528999934, -5.221554825999874 ], [ -46.902778502999922, -5.22405766199995 ], [ -46.914451476999943, -5.233500713999945 ], [ -46.918617617999928, -5.242942257999971 ], [ -46.919723525999984, -5.249054843999943 ], [ -46.919174510999937, -5.255165083999941 ], [ -46.920005492999962, -5.275995621999925 ], [ -46.919448599999953, -5.282107202999896 ], [ -46.916946600999893, -5.293216577999829 ], [ -46.91611461399998, -5.305439403999969 ], [ -46.915000490999887, -5.310993252999936 ], [ -46.91472657099996, -5.324048066999978 ], [ -46.910278461999894, -5.340160096999966 ], [ -46.910835522999889, -5.349879416999954 ], [ -46.913063600999976, -5.354602953999972 ], [ -46.915267538999956, -5.357415752999941 ], [ -46.930301487999884, -5.290096497999969 ], [ -46.923412568999936, -5.252160339999932 ], [ -46.92475853499991, -5.208748618999891 ], [ -46.922363489999896, -5.174373092999872 ], [ -46.920070536999901, -5.1365750679999 ], [ -46.929260622999948, -5.100252593999812 ], [ -46.946819536999953, -5.091615209999929 ], [ -46.978931613999862, -5.097118767999973 ], [ -47.00580952699994, -5.085316879999937 ], [ -47.017047479999917, -5.057049749999919 ], [ -47.059417497999902, -5.028532000999974 ], [ -47.089122627999927, -5.037391169999978 ], [ -47.113285474999884, -5.076974371999938 ], [ -47.127040513999873, -5.117404481999927 ], [ -47.149002608999922, -5.153499806999946 ], [ -47.181571498999858, -5.181896520999942 ], [ -47.205696460999945, -5.222632570999963 ], [ -47.212188579999975, -5.274305662999836 ], [ -47.223739512999828, -5.311252085999968 ], [ -47.26008646299988, -5.329469649999965 ], [ -47.284461539999938, -5.324454086999935 ], [ -47.303386535999834, -5.308983104999868 ], [ -47.3329966149999, -5.283515027999954 ], [ -47.371890489999942, -5.256023055999947 ], [ -47.421493586999873, -5.217381978999981 ], [ -47.459117603999914, -5.193272775999901 ], [ -47.493007481999825, -5.178208818999963 ], [ -47.53963852399994, -5.161211995999906 ], [ -47.560714484999892, -5.150355922999893 ], [ -47.593482528999971, -5.134105088999888 ], [ -47.606460564999907, -5.124165995999931 ], [ -47.66036659599996, -5.094759093999926 ], [ -47.70149257199995, -5.068422986999906 ], [ -47.729843520999907, -5.045159684999874 ], [ -47.789890469999932, -5.00215297799997 ], [ -47.820003462999978, -4.997255263999932 ], [ -47.828868498999952, -5.04904335599997 ], [ -47.848869563999983, -5.074797591999868 ], [ -47.868083567999918, -5.087927507999837 ], [ -47.908649464999939, -5.11997923499996 ], [ -47.918651589999968, -5.132858364999947 ], [ -47.94272257199998, -5.177057815999945 ], [ -47.936943584999938, -5.216996914999868 ], [ -47.911777590999918, -5.240611417999958 ], [ -47.904922535999845, -5.247040672999958 ], [ -47.862564587999884, -5.275643749999972 ], [ -47.830570527999896, -5.304529631999912 ], [ -47.804130484999916, -5.340438878999919 ], [ -47.776168623999865, -5.349961223999969 ], [ -47.7270126169999, -5.373768343999927 ], [ -47.678626571999985, -5.410182683999949 ], [ -47.66892250799998, -5.425938649999864 ], [ -47.686859612999967, -5.427390730999946 ], [ -47.68898760999997, -5.425622651999902 ], [ -47.700492610999959, -5.418749156999979 ], [ -47.710838560999889, -5.413036721999958 ], [ -47.731513531999894, -5.406180156999881 ], [ -47.76484651599992, -5.400487671999883 ], [ -47.800468598999885, -5.392489156999886 ], [ -47.823463511999933, -5.390204417999939 ], [ -47.846443505999957, -5.379910098999972 ], [ -47.864837591999901, -5.352431202999981 ], [ -47.870574501999954, -5.324959012999955 ], [ -47.880912573999922, -5.302050935999887 ], [ -47.897003480999899, -5.282592179999881 ], [ -47.922271565999836, -5.274578744999872 ], [ -47.968223506999891, -5.260831753999923 ], [ -48.007293568999955, -5.261970686999916 ], [ -48.034866509999972, -5.268836303999933 ], [ -48.06589547699997, -5.281434303999902 ], [ -48.086570614999971, -5.287157969999896 ], [ -48.10955060799995, -5.276844708999931 ], [ -48.134826572999884, -5.268818198999838 ], [ -48.142867499999966, -5.269960148999928 ], [ -48.162399513999901, -5.271096064999938 ], [ -48.184219619999908, -5.266504457999872 ], [ -48.220985496999845, -5.255031308999946 ], [ -48.273811602999956, -5.227504132999911 ], [ -48.308250496999904, -5.209150614999942 ], [ -48.381767498999977, -5.202214086999959 ], [ -48.424278499999957, -5.213644152999962 ], [ -48.487503530999959, -5.236502608999956 ], [ -48.507041579999964, -5.253684336999811 ], [ -48.524299582999959, -5.281172452999897 ], [ -48.542724514999975, -5.31554781199992 ], [ -48.557678500999941, -5.330447650999872 ], [ -48.579528613999969, -5.341885762999823 ], [ -48.612838464999925, -5.34070793799998 ], [ -48.656494601999896, -5.332635662999962 ], [ -48.665695583999934, -5.336066374999973 ], [ -48.669143563999967, -5.346379636999927 ], [ -48.670303618999924, -5.35212006699993 ], [ -48.637016566999876, -5.373936484999945 ], [ -48.607154528999899, -5.387721362999912 ], [ -48.579574546999936, -5.391185099999973 ], [ -48.546256481999933, -5.386618471999896 ], [ -48.510620484999947, -5.382062739999981 ], [ -48.449706511999977, -5.364920070999915 ], [ -48.400291504999984, -5.369525759999874 ], [ -48.365821598999958, -5.370692687999963 ], [ -48.337104527999884, -5.382166842999879 ], [ -48.322181554999986, -5.39936064099993 ], [ -48.310699520999947, -5.423432963999915 ], [ -48.302673512999945, -5.44520730399995 ], [ -48.292335608999906, -5.470425265999893 ], [ -48.27740458999989, -5.491051788999926 ], [ -48.261306473999923, -5.504797941999868 ], [ -48.208450527999901, -5.519698618999882 ], [ -48.163627462999898, -5.533444772999928 ], [ -48.148689569999931, -5.539181346999953 ], [ -48.130287604999864, -5.547196793999944 ], [ -48.109603581999977, -5.560937917999922 ], [ -48.106147555999939, -5.580405223999946 ], [ -48.107292523999888, -5.601021855999932 ], [ -48.114189488999898, -5.617071523999869 ], [ -48.130279557999984, -5.636544360999949 ], [ -48.137184569999931, -5.657170715999939 ], [ -48.149818611999933, -5.682375936999961 ], [ -48.157867585999952, -5.691551103999927 ], [ -48.168212530999938, -5.709882828999923 ], [ -48.230285553999977, -5.725945572999933 ], [ -48.247535509999977, -5.73282409799998 ], [ -48.257881628999883, -5.743134341999962 ], [ -48.262481616999878, -5.762611872999969 ], [ -48.253272587999902, -5.80271391499997 ], [ -48.247512543999903, -5.823348484999826 ], [ -48.231407554999919, -5.855413287999966 ], [ -48.215286472999935, -5.880605432999914 ], [ -48.196884507999926, -5.897787998999888 ], [ -48.194572610999955, -5.906950257999938 ], [ -48.199172599999883, -5.92184422899993 ], [ -48.209518549999984, -5.937897081999949 ], [ -48.23481748099988, -5.960822425999936 ], [ -48.29000057899998, -5.982638675999965 ], [ -48.29345660499996, -6.004404130999887 ], [ -48.280292490999898, -6.03913856999992 ], [ -48.272281570999951, -6.082552637999868 ], [ -48.293296510999937, -6.109753589999968 ], [ -48.338199539999891, -6.117689910999957 ], [ -48.368305491999877, -6.115110128999959 ], [ -48.402370551999979, -6.134428571999933 ], [ -48.437568510999938, -6.19276561199996 ], [ -48.438384572999951, -6.242099985999971 ], [ -48.410865610999963, -6.273416451999935 ], [ -48.393062615999952, -6.288957506999907 ], [ -48.383026627999868, -6.315040480999926 ], [ -48.394950555999969, -6.34060779999993 ], [ -48.405738568999936, -6.351965948999919 ], [ -48.428985608999881, -6.357501357999979 ], [ -48.434692511999913, -6.409084595999957 ], [ -48.435775620999891, -6.436503645999949 ], [ -48.421981522999886, -6.453769527999953 ], [ -48.434623612999985, -6.475566834999938 ], [ -48.451805507999893, -6.55122725699988 ], [ -48.45442149999991, -6.618268400999966 ], [ -48.455566467999972, -6.627438873999949 ], [ -48.458991481999931, -6.645788535999941 ], [ -48.461265491999882, -6.671002474999909 ], [ -48.468147536999879, -6.697381496999924 ], [ -48.4727175189999, -6.718025286999932 ], [ -48.470375614999966, -6.747819096999876 ], [ -48.465705553999896, -6.787931029999982 ], [ -48.467971516999967, -6.820029695999892 ], [ -48.475997524999968, -6.841819290999979 ], [ -48.489784581999857, -6.865920279999955 ], [ -48.505882529999894, -6.885442905999923 ], [ -48.510467598999924, -6.899203811999939 ], [ -48.520797623999954, -6.920992233999925 ], [ -48.53458451399996, -6.951973088999921 ], [ -48.544914538999933, -6.981798917999981 ], [ -48.549484519999851, -7.00474337299994 ], [ -48.544837592999954, -7.026507821999871 ], [ -48.540515547999917, -7.031360440999947 ], [ -48.53874260799995, -7.035181080999962 ], [ -48.517105562999973, -7.060915199999954 ], [ -48.492465617999983, -7.071644370999877 ], [ -48.457672504999948, -7.074045115999922 ], [ -48.438922522999974, -7.081511546999877 ], [ -48.425403518999985, -7.106334050999976 ], [ -48.431674523999959, -7.119093821999968 ], [ -48.451278621999847, -7.123731528999883 ], [ -48.458160499999906, -7.139797457999919 ], [ -48.463352585999985, -7.151049827999884 ], [ -48.472576534999973, -7.151326765999954 ], [ -48.487155514999927, -7.154676341999902 ], [ -48.499649578999936, -7.149067674999912 ], [ -48.512329554999951, -7.145660934999967 ], [ -48.516944462999959, -7.146815122999897 ], [ -48.520187588999931, -7.155337506999899 ], [ -48.524574509999979, -7.154033449999929 ], [ -48.536811584999953, -7.206012648999945 ], [ -48.526649533999887, -7.234380529999953 ], [ -48.505638616999875, -7.276179739999975 ], [ -48.489498591999904, -7.310097278999933 ], [ -48.489849625999909, -7.335338374999935 ], [ -48.506114540999818, -7.36230429799997 ], [ -48.508399615999963, -7.364588198999968 ], [ -48.536025529999847, -7.387584620999917 ], [ -48.555564584999956, -7.415149515999929 ], [ -48.56305649799998, -7.446901337999918 ], [ -48.56602855299991, -7.451190022999867 ], [ -48.584522551999896, -7.488457305999873 ], [ -48.582935521999957, -7.537727640999947 ], [ -48.564796580999939, -7.561263857999961 ], [ -48.557640614999912, -7.603484006999963 ], [ -48.564811500999951, -7.632375923999973 ], [ -48.589984534999985, -7.677879599999869 ], [ -48.610641567999949, -7.700470002999907 ], [ -48.647117598999955, -7.718071496999926 ], [ -48.66555761799998, -7.727292092999903 ], [ -48.673599550999938, -7.742230823999932 ], [ -48.677047530999971, -7.75370011699988 ], [ -48.680404482999904, -7.770676823999906 ], [ -48.680389563999825, -7.794990042999871 ], [ -48.683807535999904, -7.815642716999889 ], [ -48.688369470999874, -7.831706466999947 ], [ -48.697547486999895, -7.853526739999893 ], [ -48.717109507999851, -7.883397663999972 ], [ -48.747024519999854, -7.920178125999939 ], [ -48.764259556999832, -7.952341834999856 ], [ -48.781234587999961, -7.934581922999882 ], [ -48.79745457599995, -7.91857516999994 ], [ -48.814796565999984, -7.908291077999877 ], [ -48.843704576999983, -7.900340674999939 ], [ -48.87258157399998, -7.89926645099996 ], [ -48.881782556999951, -7.914206354999919 ], [ -48.881744502999823, -7.931406354999922 ], [ -48.874763550999887, -7.946297308999931 ], [ -48.881690523999964, -7.953207852999924 ], [ -48.890930565999952, -7.954363717999968 ], [ -48.899009547999981, -7.953249762999917 ], [ -48.908256462999987, -7.949830783999914 ], [ -48.918662595999876, -7.944127234999883 ], [ -48.932548559999987, -7.937279722999904 ], [ -48.945243622999897, -7.938455870999974 ], [ -48.960235494999836, -7.947666073999869 ], [ -48.968292514999973, -7.967176629999926 ], [ -48.967357597999978, -7.996325703999958 ], [ -48.977455611999972, -8.028142234999905 ], [ -48.963787577999938, -8.056421435999937 ], [ -49.007156549999934, -8.078392582999982 ], [ -49.035224526999968, -8.0712071129999 ], [ -49.04887059999993, -8.068931425999949 ], [ -49.080154544999971, -8.053490618999888 ], [ -49.076782505999915, -8.012179403999937 ], [ -49.097640535999915, -7.975508073999947 ], [ -49.105796462999876, -7.94340639099994 ], [ -49.09088857799992, -7.889442356999893 ], [ -49.071372489999931, -7.82860164199991 ], [ -49.04376954199995, -7.764304230999926 ], [ -49.040344527999878, -7.739053076999937 ], [ -49.042686599999968, -7.718414483999879 ], [ -49.057739491999939, -7.69894097599996 ], [ -49.078536502999953, -7.68405723099994 ], [ -49.095848484999976, -7.688671635999924 ], [ -49.110832478999953, -7.702474785999868 ], [ -49.120056594999937, -7.710518227999898 ], [ -49.124679549999883, -7.709381138999959 ], [ -49.16394859899998, -7.689937638999936 ], [ -49.188232480999943, -7.664720347999889 ], [ -49.220596517999979, -7.625759417999973 ], [ -49.247177544999886, -7.599406210999973 ], [ -49.281822464999834, -7.583366265999928 ], [ -49.311820625999985, -7.57421892699989 ], [ -49.323364518999938, -7.577677635999976 ], [ -49.335205465999934, -7.581829359999972 ], [ -49.334045577999973, -7.58642700199988 ], [ -49.329429495999875, -7.593309717999944 ], [ -49.325958549999939, -7.604768784999862 ], [ -49.301704506999954, -7.627701336999962 ], [ -49.267051539999898, -7.655188279999891 ], [ -49.242774530999895, -7.686149017999924 ], [ -49.228912539999953, -7.699898859999905 ], [ -49.215049541999917, -7.706750394999972 ], [ -49.196563589999926, -7.714752765999947 ], [ -49.178085516999943, -7.723904294999898 ], [ -49.171142618999966, -7.735362356999929 ], [ -49.158439508999891, -7.74681857499985 ], [ -49.126106484999923, -7.755942778999838 ], [ -49.121452517999955, -7.769698990999927 ], [ -49.123718480999969, -7.799537895999947 ], [ -49.126007578999918, -7.816747619999944 ], [ -49.137496485999975, -7.843162683999878 ], [ -49.136314469999945, -7.858075430999918 ], [ -49.130508492999979, -7.879859997999915 ], [ -49.132797590999928, -7.895932967999954 ], [ -49.13735147899996, -7.925765669999976 ], [ -49.145393579999961, -7.946442315999946 ], [ -49.147682509999981, -7.969390625999949 ], [ -49.140678591999915, -7.999214275999975 ], [ -49.144096563999938, -8.02675150999994 ], [ -49.145217559999935, -8.043973302999973 ], [ -49.154418542999906, -8.066935359999945 ], [ -49.18319646599997, -8.119786611999871 ], [ -49.18778254099982, -8.140458396999975 ], [ -49.186576551999963, -8.161099838999974 ], [ -49.183059505999836, -8.186334061999958 ], [ -49.18188453099998, -8.201255860999936 ], [ -49.187629486999924, -8.213887891999889 ], [ -49.187622613999906, -8.219622454999978 ], [ -49.194526619999976, -8.231118737999964 ], [ -49.201423584999986, -8.246048751999979 ], [ -49.210929501999829, -8.262648607999893 ], [ -49.254028576999985, -8.303930486999946 ], [ -49.269237540999939, -8.336536257999967 ], [ -49.285644612999874, -8.368026900999951 ], [ -49.304847552999945, -8.384678556999972 ], [ -49.32880051799998, -8.398026737999885 ], [ -49.365325498999937, -8.417486331999953 ], [ -49.390438518999986, -8.467615644999967 ], [ -49.403083625999898, -8.508184894999943 ], [ -49.414932619999888, -8.537247802999957 ], [ -49.445236552999859, -8.570307537999895 ], [ -49.51510658899997, -8.637852768999949 ], [ -49.554271533999952, -8.684957388999976 ], [ -49.572875503999967, -8.721114739999905 ], [ -49.596286494999958, -8.752174552999975 ], [ -49.599449489999984, -8.750838644999931 ], [ -49.606391548999909, -8.748552564999954 ], [ -49.615653552999959, -8.746273859999974 ], [ -49.624916560999964, -8.745143811999981 ], [ -49.651534467999909, -8.748646776999919 ], [ -49.678153548999887, -8.744099091999942 ], [ -49.684711549999975, -8.737613342999964 ], [ -49.688728492999985, -8.731431856999905 ], [ -49.692665472999977, -8.679851468999914 ], [ -49.694240599999887, -8.62934916099988 ], [ -49.687690477999922, -8.578611991999935 ], [ -49.661254625999902, -8.547943949999876 ], [ -49.656455483999935, -8.546576022999943 ], [ -49.64720957399993, -8.545402053999965 ], [ -49.62060558099995, -8.546513158999971 ], [ -49.609024472999977, -8.551082804999965 ], [ -49.602088615999946, -8.545324101999938 ], [ -49.599800523999932, -8.533840055999974 ], [ -49.603385463999984, -8.456930562999901 ], [ -49.575622588999977, -8.456875409999952 ], [ -49.554809484999964, -8.457993555999906 ], [ -49.53630861299996, -8.457961368999918 ], [ -49.523590583999976, -8.456781531999923 ], [ -49.510887473999901, -8.447579375999965 ], [ -49.503967541999941, -8.439531742999975 ], [ -49.497032522999916, -8.428032609999946 ], [ -49.495925608999983, -8.40737121899997 ], [ -49.499412480999922, -8.391309312999908 ], [ -49.506378512999959, -8.375252268999873 ], [ -49.512176610999973, -8.362628283999925 ], [ -49.515655603999903, -8.3534521119999 ], [ -49.508750591999956, -8.33163368299995 ], [ -49.502998593999905, -8.312104853999926 ], [ -49.501861504999965, -8.296034230999908 ], [ -49.503051567999933, -8.273066642999936 ], [ -49.506538606999982, -8.257005910999965 ], [ -49.504249509999852, -8.2420810939999 ], [ -49.499641474999976, -8.231746709999982 ], [ -49.482330497999897, -8.216793897999821 ], [ -49.463844544999915, -8.211011054999972 ], [ -49.44765456399989, -8.214432044999967 ], [ -49.432601503999877, -8.233915610999929 ], [ -49.434875514999931, -8.259178667999947 ], [ -49.435996509999939, -8.287879644999975 ], [ -49.431312534999904, -8.31885949499997 ], [ -49.42436259599998, -8.332617550999942 ], [ -49.409316576999913, -8.344063541999901 ], [ -49.388496599999883, -8.354356854999935 ], [ -49.379211462999933, -8.372698470999978 ], [ -49.368728551999936, -8.40824612199998 ], [ -49.357185497999922, -8.39789782399987 ], [ -49.343345466999949, -8.379499043999886 ], [ -49.338722511999947, -8.374902407999969 ], [ -49.334144483999978, -8.358827593999877 ], [ -49.326087463999841, -8.336997262999944 ], [ -49.319206591999944, -8.309450137999931 ], [ -49.297302498999898, -8.283003053999948 ], [ -49.269592597999917, -8.263430471999925 ], [ -49.247627484999896, -8.262224483999887 ], [ -49.243034537999847, -8.249592284999892 ], [ -49.240737560999946, -8.243854871999929 ], [ -49.232665620999967, -8.230055744999959 ], [ -49.22923256099989, -8.216283942999894 ], [ -49.226943462999941, -8.203657778999968 ], [ -49.22470851199995, -8.168077102999973 ], [ -49.212058543999888, -8.132474801999933 ], [ -49.198249525999984, -8.103755718999935 ], [ -49.185584469999924, -8.078479754999933 ], [ -49.172943554999961, -8.049774753999941 ], [ -49.170646577999946, -8.033700945999954 ], [ -49.175300545999903, -8.016500106999956 ], [ -49.176574594999977, -7.95568939899988 ], [ -49.165588601999957, -7.903931314999966 ], [ -49.159469477999949, -7.825995708999869 ], [ -49.175620566999839, -7.835199373999956 ], [ -49.195243607999942, -7.835244300999932 ], [ -49.214881568999886, -7.824946796999939 ], [ -49.231071549999967, -7.813502649999862 ], [ -49.253021574999821, -7.800911689999907 ], [ -49.273796624999932, -7.802103595999938 ], [ -49.284179623999819, -7.817033609999953 ], [ -49.296852558999888, -7.836568137999961 ], [ -49.309539574999974, -7.851501001999964 ], [ -49.319900612999959, -7.866447108999921 ], [ -49.336059580999972, -7.874500440999952 ], [ -49.3499145319999, -7.879119036999896 ], [ -49.368385564999983, -7.877997035999954 ], [ -49.37993649799995, -7.875712128999908 ], [ -49.401878475999922, -7.86541412299988 ], [ -49.415756560999966, -7.860837267999898 ], [ -49.429611511999951, -7.853979697999875 ], [ -49.438850547999948, -7.852844955999956 ], [ -49.449241593999943, -7.852853840999899 ], [ -49.435432575999926, -7.803478395999832 ], [ -49.429679572999817, -7.777067354999929 ], [ -49.418159484999933, -7.758683661999953 ], [ -49.41932658099995, -7.746063700999912 ], [ -49.421638477999977, -7.741473099999951 ], [ -49.435485548999964, -7.740339195999923 ], [ -49.448188490999939, -7.740363000999935 ], [ -49.460876512999903, -7.734634304999872 ], [ -49.456275518999973, -7.722006296999893 ], [ -49.445892519999973, -7.708216222999965 ], [ -49.432060535999881, -7.69787714499995 ], [ -49.397460542999966, -7.659952888999953 ], [ -49.390548489999958, -7.645028071999889 ], [ -49.392867594999984, -7.635850725999944 ], [ -49.405555616999948, -7.638156251999931 ], [ -49.442459627999938, -7.671478005999973 ], [ -49.467834498999935, -7.707087514999898 ], [ -49.486282564999954, -7.735803244999886 ], [ -49.518569487999969, -7.781761052999968 ], [ -49.53472158299985, -7.798989718999962 ], [ -49.550872504999916, -7.811636837999913 ], [ -49.572799563999979, -7.824295019999852 ], [ -49.580886591999956, -7.825449040999956 ], [ -49.587821610999981, -7.820860283999878 ], [ -49.59360462099994, -7.805942172999949 ], [ -49.588996585999951, -7.781824922999931 ], [ -49.586700614999984, -7.761161519999973 ], [ -49.589012510999851, -7.742784867999944 ], [ -49.598251547999837, -7.733620597999959 ], [ -49.6086425929999, -7.72787295899991 ], [ -49.618896510999946, -7.722760165999944 ], [ -49.625961616999916, -7.718711705999965 ], [ -49.635192606999965, -7.716423613999837 ], [ -49.640960529999973, -7.716424619999941 ], [ -49.650165535999975, -7.717444529999909 ], [ -49.639919497999983, -7.712234003999924 ], [ -49.587161619999904, -7.655606033999902 ], [ -49.578308485999969, -7.564614774999825 ], [ -49.619636464999985, -7.53821060599995 ], [ -49.684177622999982, -7.549209004999966 ], [ -49.739425595999933, -7.561087837999935 ], [ -49.790798615999904, -7.586644260999833 ], [ -49.836559616999978, -7.606298649999871 ], [ -49.87522852099994, -7.591278949999946 ], [ -49.915439527999922, -7.602729970999917 ], [ -49.928058483999962, -7.620137842999895 ], [ -49.919105604999856, -7.60394685599988 ], [ -49.90641054199989, -7.590174885999943 ], [ -49.891403582999885, -7.580980608999823 ], [ -49.882163539999908, -7.578683798999919 ], [ -49.869468476999884, -7.579838657999915 ], [ -49.869445510999924, -7.532748119999894 ], [ -49.86367054699997, -7.504032054999868 ], [ -49.849807549999923, -7.475320180999972 ], [ -49.830184508999878, -7.456945540999925 ], [ -49.811729569999954, -7.448913162999929 ], [ -49.787513580999985, -7.455809456999873 ], [ -49.758666589999962, -7.468433608999931 ], [ -49.734443560999978, -7.473025383999868 ], [ -49.698677476999933, -7.469574553999905 ], [ -49.622543476999965, -7.433961020999959 ], [ -49.589080571999887, -7.41557850099997 ], [ -49.564865588999965, -7.404085235999901 ], [ -49.54756148599995, -7.402932388999886 ], [ -49.531417604999945, -7.409817786999952 ], [ -49.517578579999849, -7.425881703999892 ], [ -49.507186528999853, -7.45342480599993 ], [ -49.508323617999963, -7.478685849999977 ], [ -49.507179487999963, -7.487869230999877 ], [ -49.502555526999913, -7.494748929999957 ], [ -49.496780562999959, -7.49934053599992 ], [ -49.49102051999995, -7.50277711699988 ], [ -49.486404604999962, -7.503927280999903 ], [ -49.479209579999974, -7.490575914999965 ], [ -49.474594503999867, -7.482526605999965 ], [ -49.456138558999953, -7.464155150999943 ], [ -49.448066617999984, -7.450370104999877 ], [ -49.437690492999877, -7.420524997999962 ], [ -49.42501856399997, -7.397553888999937 ], [ -49.404548614999953, -7.378746071999956 ], [ -49.416953496999952, -7.359683611999969 ], [ -49.42156957799989, -7.351650228999972 ], [ -49.427360467999961, -7.311474928999871 ], [ -49.431976548999955, -7.269002148999903 ], [ -49.438903521999976, -7.240314078999972 ], [ -49.45620762599998, -7.239161231999901 ], [ -49.468887600999892, -7.250649468999939 ], [ -49.474647476999962, -7.262127646999886 ], [ -49.481567576999964, -7.267867238999884 ], [ -49.489639516999887, -7.27016404799997 ], [ -49.505775518999883, -7.264424288999862 ], [ -49.516166563999889, -7.255246271999965 ], [ -49.523086495999962, -7.251806338999813 ], [ -49.538070488999892, -7.262134519999961 ], [ -49.556533474999981, -7.271329802999958 ], [ -49.58190147199997, -7.275918727999965 ], [ -49.58535749899994, -7.275918727999965 ], [ -49.595741502999886, -7.265589372999955 ], [ -49.598052561999964, -7.260999777999928 ], [ -49.595741502999886, -7.254114211999877 ], [ -49.571517467999854, -7.241473128999871 ], [ -49.553062528999931, -7.225402337999981 ], [ -49.543838579999942, -7.197846160999973 ], [ -49.539222497999845, -7.176039801999877 ], [ -49.538070488999892, -7.166846529999873 ], [ -49.535758591999922, -7.163400729999978 ], [ -49.518455493999909, -7.154219360999946 ], [ -49.506935573999954, -7.151925736999885 ], [ -49.491943534999962, -7.145040002999906 ], [ -49.481574617999911, -7.135858633999931 ], [ -49.474639597999953, -7.111742557999946 ], [ -49.471183571999973, -7.087642406999919 ], [ -49.475799485999914, -7.073859372999948 ], [ -49.494232464999982, -7.06582498299997 ], [ -49.51383957999991, -7.075003166999977 ], [ -49.542655557999922, -7.084193420999895 ], [ -49.556495588999951, -7.087632347999886 ], [ -49.576095495999937, -7.087627151999811 ], [ -49.593376465999881, -7.079585720999944 ], [ -49.603752590999875, -7.058925335999902 ], [ -49.600280471999952, -7.037101876999884 ], [ -49.577209617999983, -7.01185876999989 ], [ -49.543777558999977, -6.985458792999964 ], [ -49.517250511999976, -6.956762676999972 ], [ -49.498802613999942, -6.917729494999946 ], [ -49.49762747099993, -6.881005191999918 ], [ -49.496459535999918, -6.851155389999974 ], [ -49.489540610999882, -6.833938793999948 ], [ -49.482627551999883, -6.825898368999901 ], [ -49.466499596999938, -6.821312629999909 ], [ -49.448059577999913, -6.82820707999997 ], [ -49.421577624999941, -6.855768956999896 ], [ -49.411186579999935, -6.839692298999921 ], [ -49.393905609999877, -6.816747844999895 ], [ -49.363937623999959, -6.773133114999951 ], [ -49.370849508999925, -6.769689493999977 ], [ -49.376602511999977, -6.767395534999935 ], [ -49.391578625999898, -6.766244531999916 ], [ -49.412322494999955, -6.769678429999942 ], [ -49.431907482999918, -6.775408801999959 ], [ -49.451499510999895, -6.77884286799997 ], [ -49.46186054899988, -6.771952272999954 ], [ -49.468765560999941, -6.763914865999823 ], [ -49.471061531999908, -6.752438530999882 ], [ -49.468749466999952, -6.736358687999939 ], [ -49.450309615999913, -6.714565236999931 ], [ -49.438781480999978, -6.696206689999883 ], [ -49.432998470999962, -6.666360743999917 ], [ -49.434143606999953, -6.639952887999925 ], [ -49.443328495999879, -6.612400900999944 ], [ -49.460594545999868, -6.600914676999935 ], [ -49.480171486999893, -6.606641359999912 ], [ -49.497459497999898, -6.627285652999888 ], [ -49.511306568999942, -6.6548327779999 ], [ -49.528625592999958, -6.699599516999967 ], [ -49.545906562999903, -6.708766803999936 ], [ -49.55397062399993, -6.708763953999892 ], [ -49.562026470999967, -6.691539142999943 ], [ -49.565444610999918, -6.654790699999978 ], [ -49.571182526999962, -6.629535690999887 ], [ -49.578071612999906, -6.619200300999978 ], [ -49.593040518999885, -6.606558211999868 ], [ -49.606811482999944, -6.5640604539999 ], [ -49.606773596999915, -6.535351429999935 ], [ -49.596382550999977, -6.513551943999971 ], [ -49.579109627999912, -6.506686661999879 ], [ -49.552635554999938, -6.514746867999975 ], [ -49.529617506999955, -6.52395120299991 ], [ -49.510040566999919, -6.52626209399989 ], [ -49.492767475999983, -6.518230721999942 ], [ -49.482360504999917, -6.475763809999933 ], [ -49.496131468999977, -6.435577780999893 ], [ -49.505180570999983, -6.302397552999935 ], [ -49.514320533999921, -6.242690909999965 ], [ -49.532691485999919, -6.222005210999839 ], [ -49.555694613999947, -6.20589033199991 ], [ -49.568336535999833, -6.19898883999997 ], [ -49.582115545999955, -6.185193903999959 ], [ -49.585548605999861, -6.164525638999976 ], [ -49.582061566999982, -6.141563079999969 ], [ -49.571685608999985, -6.130097977999981 ], [ -49.54865247399988, -6.122097618999874 ], [ -49.529106545999866, -6.124426614999948 ], [ -49.514152560999889, -6.134777761999942 ], [ -49.500366508999889, -6.146270859999902 ], [ -49.487716540999941, -6.146288964999883 ], [ -49.479659519999984, -6.140564124999969 ], [ -49.470420483999931, -6.126789137999936 ], [ -49.458900563999862, -6.115330237999956 ], [ -49.445098586999961, -6.116493980999962 ], [ -49.429008517999875, -6.124549492999904 ], [ -49.40598259099994, -6.11998588199998 ], [ -49.388709500999937, -6.111975296999901 ], [ -49.430007472999932, -6.026976428999944 ], [ -49.432273603999931, -6.002873427999873 ], [ -49.417228590999969, -5.947782530999973 ], [ -49.397613595999985, -5.904191605999927 ], [ -49.386039528999902, -5.85945487399988 ], [ -49.380256518999886, -5.838793314999975 ], [ -49.380187619999958, -5.802058953999847 ], [ -49.386955502999911, -5.726297779999925 ], [ -49.399520478999932, -5.691834076999953 ], [ -49.417922611999927, -5.68491364199997 ], [ -49.42483550299994, -5.690654239999958 ], [ -49.429473545999883, -5.715892317999874 ], [ -49.428352549999886, -5.73310924999987 ], [ -49.430686574999982, -5.748033898999893 ], [ -49.441131598999959, -5.791628680999963 ], [ -49.459541611999953, -5.803084897999895 ], [ -49.490592539999966, -5.812210275999973 ], [ -49.496437575999892, -5.858125000999905 ], [ -49.501068576999899, -5.878787565999971 ], [ -49.513740505999976, -5.887945632999902 ], [ -49.539062570999931, -5.897083080999948 ], [ -49.568977583999924, -5.900481774999946 ], [ -49.600028511999938, -5.902721754999902 ], [ -49.639175519999981, -5.924457202999918 ], [ -49.661079611999924, -5.945089592999977 ], [ -49.66798361799988, -5.950817282999878 ], [ -49.697891589999927, -5.951904080999896 ], [ -49.723175600999923, -5.94266973799995 ], [ -49.745025545999908, -5.936884212999928 ], [ -49.762275502999955, -5.937996155999883 ], [ -49.785293549999949, -5.948290306999979 ], [ -49.795677554999827, -5.957457594999937 ], [ -49.814140539999983, -5.981528743999945 ], [ -49.830299508999985, -6.009063798999932 ], [ -49.838401623999971, -6.02971244999992 ], [ -49.857963476999885, -6.030817184999933 ], [ -49.869453557999975, -6.025062672999979 ], [ -49.883224521999864, -6.008945948999951 ], [ -49.894668501999945, -5.98480455899994 ], [ -49.903793543999825, -5.956058822999978 ], [ -49.919837512999948, -5.929608553999913 ], [ -49.935890533999952, -5.912345855999945 ], [ -49.954292498999962, -5.91115109999987 ], [ -49.976165578999883, -5.920284523999896 ], [ -49.984260484999879, -5.938638209999965 ], [ -49.977439627999956, -5.966229088999967 ], [ -49.967170622999959, -5.998409561999949 ], [ -49.955726474999949, -6.024864691999937 ], [ -49.951164540999969, -6.039806775999978 ], [ -49.950073551999935, -6.06279079299992 ], [ -49.953567464999935, -6.081154536999918 ], [ -49.953582551999943, -6.088047142999926 ], [ -49.950157538999974, -6.102995093999937 ], [ -49.950210512999888, -6.123666543999946 ], [ -49.954879567999967, -6.146624911999879 ], [ -49.962974474999953, -6.164996534999943 ], [ -49.975669537999977, -6.181044190999899 ], [ -49.986038621999967, -6.189061648999882 ], [ -49.996414579999964, -6.19938496899988 ], [ -50.006813504999968, -6.216588657999921 ], [ -50.017204549999974, -6.231506600999921 ], [ -50.026878606999901, -6.234918203999939 ], [ -49.942954466999936, -6.282209906999924 ], [ -49.896980565999911, -6.311032757999897 ], [ -49.879753574999825, -6.331745445999957 ], [ -49.885566592999851, -6.362753961999886 ], [ -49.917823508999902, -6.371880345999898 ], [ -49.950050585999975, -6.371817313999941 ], [ -49.9765315329999, -6.369471386999976 ], [ -49.990325462999976, -6.36255313099997 ], [ -50.012206588999959, -6.365951824999911 ], [ -50.031799622999927, -6.376249160999976 ], [ -50.051376563999952, -6.378503892999845 ], [ -50.067504518999897, -6.384223535999979 ], [ -50.131561536999982, -6.404721982999945 ], [ -50.161514603999933, -6.41040759599997 ], [ -50.194885474999978, -6.403438042999937 ], [ -50.220207539999933, -6.404528863999928 ], [ -50.243247547999943, -6.41136045099995 ], [ -50.255927522999968, -6.415940154999873 ], [ -50.264465496999946, -6.421686619999946 ], [ -50.285232500999939, -6.438875556999903 ], [ -50.300254546999952, -6.46297755199987 ], [ -50.322174564999898, -6.476710628999911 ], [ -50.345184565999944, -6.470905155999958 ], [ -50.384277594999958, -6.448962841999901 ], [ -50.399223533999987, -6.442026313999918 ], [ -50.4171215799999, -6.424707457999943 ], [ -50.466766585999892, -6.47170294499989 ], [ -50.503784590999885, -6.531360637999967 ], [ -50.507331476999923, -6.56354144699992 ], [ -50.508598485999926, -6.602618381999946 ], [ -50.519012497999881, -6.619824417999894 ], [ -50.531707559999916, -6.626684837999903 ], [ -50.560508617999972, -6.631202515999973 ], [ -50.591636491999964, -6.640317835999952 ], [ -50.627342560999921, -6.641362723999976 ], [ -50.671081510999954, -6.632037520999972 ], [ -50.732047618999957, -6.612301994999939 ], [ -50.788459503999945, -6.601774491999947 ], [ -50.829925616999958, -6.60393249699996 ], [ -50.872573578999834, -6.618744325999899 ], [ -50.897956495999836, -6.628997739999875 ], [ -50.924537522999856, -6.650755148999963 ], [ -50.9395215159999, -6.657600649999949 ], [ -50.959129469999937, -6.664428882999971 ], [ -50.981002548999982, -6.660901442999943 ], [ -50.99708557699995, -6.651641115999951 ], [ -51.008544476999987, -6.634354278999979 ], [ -51.011939482999878, -6.618244428999844 ], [ -51.011749548999887, -6.569948070999942 ], [ -51.023147596999877, -6.54229583699987 ], [ -51.042602496999962, -6.510028358999932 ], [ -51.056350493999901, -6.493868384999871 ], [ -51.080512503999955, -6.488021839999931 ], [ -51.094314480999913, -6.486829094999905 ], [ -51.104690605999906, -6.490234662999967 ], [ -51.124359579999918, -6.510852132999958 ], [ -51.145644090603142, -6.531948719326348 ], [ -51.145480007595467, -6.552424452039903 ], [ -51.137853325737822, -6.560075547960041 ], [ -51.1375, -6.570833333333306 ], [ -51.138117472330705, -6.581326802571587 ], [ -51.142284138997375, -6.587030877007351 ], [ -51.14095221625432, -6.603344896104574 ], [ -51.13132697211369, -6.611882358127144 ], [ -51.125768364800322, -6.613471645779052 ], [ -51.124382527669248, -6.622993469238255 ], [ -51.12145080566404, -6.627006530761692 ], [ -51.120098198784703, -6.640864054361952 ], [ -51.110339694552927, -6.64228430853947 ], [ -51.102160305447029, -6.649382358127143 ], [ -51.091666666666647, -6.65 ], [ -51.09081590440536, -6.653315734863254 ], [ -51.084184095594594, -6.655017598470025 ], [ -51.082766045464389, -6.660543823242161 ], [ -51.080602392949515, -6.663335617328113 ], [ -51.063934607999897, -6.65121782999995 ], [ -51.052406473999952, -6.651262086999964 ], [ -51.024810565999985, -6.662862305999909 ], [ -51.006446486999948, -6.677877143999979 ], [ -50.99958053499995, -6.688252263999971 ], [ -51.000653667491477, -6.716340242189903 ], [ -50.979166666666643, -6.71666666666664 ], [ -50.976742214626711, -6.717019992404488 ], [ -50.973257785373242, -6.72048000759546 ], [ -50.964242214626715, -6.721186659071154 ], [ -50.960757785373239, -6.724646674262127 ], [ -50.955876329210049, -6.72535807291664 ], [ -50.950353325737822, -6.730908881293376 ], [ -50.949641927083313, -6.73579016791447 ], [ -50.944091118706574, -6.741313340928793 ], [ -50.939242214626709, -6.742019992404487 ], [ -50.935757785373241, -6.74548000759546 ], [ -50.933333333333309, -6.745833333333307 ], [ -50.921599324544246, -6.746553887261259 ], [ -50.917309570312476, -6.752031622992595 ], [ -50.915921698676193, -6.765636528862821 ], [ -50.908309936523416, -6.767928229437908 ], [ -50.90480957031248, -6.772864956325929 ], [ -50.903523763020807, -6.777135043674019 ], [ -50.900974941713756, -6.780729973726096 ], [ -50.87424459499988, -6.762462951999964 ], [ -50.835006559999954, -6.741891414999941 ], [ -50.809593466999956, -6.724731479999889 ], [ -50.79114556899998, -6.719036143999915 ], [ -50.775039573999891, -6.72254682099998 ], [ -50.756660574999955, -6.73984539199995 ], [ -50.756736514999943, -6.765132587999858 ], [ -50.764877522999939, -6.788109060999943 ], [ -50.777633605999938, -6.813356359999943 ], [ -50.786933494999914, -6.839778297999942 ], [ -50.788139482999952, -6.857014004999883 ], [ -50.776657616999955, -6.867406223999978 ], [ -50.757072629999925, -6.867454168999927 ], [ -50.738624563999963, -6.866359323999973 ], [ -50.71903253499994, -6.864120517999879 ], [ -50.707488474999934, -6.858404897999947 ], [ -50.695922621999955, -6.844635945999869 ], [ -50.685523529999841, -6.834320504999937 ], [ -50.66592462899996, -6.82748020199989 ], [ -50.653335513999878, -6.823830385999884 ], [ -50.652076551999983, -6.789342038999848 ], [ -50.642768615999898, -6.757175144999962 ], [ -50.627731481999945, -6.739980508999963 ], [ -50.612747487999968, -6.735414717999902 ], [ -50.590896536999935, -6.745818000999861 ], [ -50.566764534999948, -6.765423775999977 ], [ -50.551856481999948, -6.791895837999959 ], [ -50.542701599999987, -6.809155349999969 ], [ -50.528907501999981, -6.82527928199994 ], [ -50.515113570999972, -6.834507588999941 ], [ -50.502456561999963, -6.84028707899995 ], [ -50.494407587999945, -6.843756851999956 ], [ -50.500198477999845, -6.855231006999873 ], [ -50.533599523999953, -6.855160095999963 ], [ -50.54859960999994, -6.864314642999886 ], [ -50.556724523999947, -6.886137765999877 ], [ -50.561355524999954, -6.895319134999966 ], [ -50.579833598999926, -6.906774514999938 ], [ -50.585617614999933, -6.91595772799991 ], [ -50.585639574999902, -6.9216993309999 ], [ -50.587951471999986, -6.926303007999934 ], [ -50.587974605999932, -6.934347455999955 ], [ -50.550010619999966, -6.959714614999882 ], [ -50.531608485999982, -6.971250795999879 ], [ -50.523582478999913, -6.986210481999876 ], [ -50.517875575999881, -7.008071155999971 ], [ -50.525985569999875, -7.02758674099988 ], [ -50.527198598999973, -7.049425956999869 ], [ -50.523773585999947, -7.062076092999916 ], [ -50.516876620999938, -7.075884272999929 ], [ -50.508819599999924, -7.080495660999929 ], [ -50.499603529999888, -7.079368964999958 ], [ -50.493812472999934, -7.069027540999969 ], [ -50.490318560999924, -7.055250541999953 ], [ -50.484519624999905, -7.040324718999898 ], [ -50.483337608999932, -7.027675588999955 ], [ -50.478691519999984, -7.01159490799995 ], [ -50.419990536999876, -7.039303802999939 ], [ -50.395805561999964, -7.053130758999885 ], [ -50.380828608999934, -7.054309756999942 ], [ -50.354309608999984, -7.050917097999957 ], [ -50.33011658599986, -7.05554759599994 ], [ -50.32552347099994, -7.064748075999944 ], [ -50.32099154399998, -7.101532393999946 ], [ -50.335990623999976, -7.114143469999874 ], [ -50.359054603999937, -7.114108433999945 ], [ -50.39246352899994, -7.104852129999927 ], [ -50.410896507999894, -7.103680004999944 ], [ -50.42358352399998, -7.107098982999958 ], [ -50.429374580999934, -7.115130354999906 ], [ -50.431732577999924, -7.135816724999927 ], [ -50.423667510999906, -7.143878271999881 ], [ -50.401779511999962, -7.151955575999978 ], [ -50.361442607999891, -7.152033527999947 ], [ -50.337219578999964, -7.149768737999921 ], [ -50.331466575999912, -7.156673246999958 ], [ -50.323432520999972, -7.171623041999908 ], [ -50.313102495999942, -7.194629521999957 ], [ -50.299293477999925, -7.209575460999872 ], [ -50.2819975889999, -7.208456644999956 ], [ -50.278533515999982, -7.205016711999974 ], [ -50.25886554799996, -7.171720271999959 ], [ -50.247322493999945, -7.156790089999845 ], [ -50.238082618999897, -7.152212565999889 ], [ -50.232315533999952, -7.151073632999896 ], [ -50.225410521999891, -7.156827137999869 ], [ -50.219673611999951, -7.172916033999968 ], [ -50.225471542999969, -7.193601564999881 ], [ -50.237029515999893, -7.21311228899998 ], [ -50.232459534999975, -7.236106531999951 ], [ -50.237113502999932, -7.260223613999926 ], [ -50.259040561999882, -7.271689051999942 ], [ -50.275192488999949, -7.279715394999926 ], [ -50.284431525999935, -7.279701480999847 ], [ -50.299415518999922, -7.27623254599996 ], [ -50.317863584999884, -7.279648506999877 ], [ -50.334022552999897, -7.287675687999979 ], [ -50.345573485999978, -7.29569934899996 ], [ -50.354804475999913, -7.300276873999962 ], [ -50.36173262199992, -7.304875520999872 ], [ -50.369811602999846, -7.310603042999958 ], [ -50.37718023125673, -7.270687337870552 ], [ -50.382766045464379, -7.276956176757791 ], [ -50.38390062120223, -7.285543823242166 ], [ -50.386932712131049, -7.28945617675779 ], [ -50.388067287868893, -7.293877156575499 ], [ -50.391099378797712, -7.297789510091124 ], [ -50.392517428927924, -7.303315904405361 ], [ -50.39914923773869, -7.305017428927929 ], [ -50.400567287868896, -7.310543823242166 ], [ -50.404733954535565, -7.315920003255187 ], [ -50.403599378797715, -7.3188771565755 ], [ -50.400567287868896, -7.322789510091124 ], [ -50.399432712131052, -7.327210489908833 ], [ -50.396400621202233, -7.331122843424458 ], [ -50.395129055447022, -7.340747070312478 ], [ -50.389710489908829, -7.345266045464388 ], [ -50.383333333333304, -7.345833333333312 ], [ -50.382482571072018, -7.349149237738693 ], [ -50.379166666666642, -7.35 ], [ -50.379519992404482, -7.356591118706576 ], [ -50.382980007595457, -7.360075547960048 ], [ -50.383686659071152, -7.373257785373243 ], [ -50.387146674262127, -7.376742214626715 ], [ -50.3875, -7.383333333333312 ], [ -50.386649237738688, -7.386649237738695 ], [ -50.383333333333304, -7.3875 ], [ -50.382980007595457, -7.394091118706577 ], [ -50.379180230034692, -7.397917344835049 ], [ -50.391313340928789, -7.410075547960048 ], [ -50.391666666666637, -7.425 ], [ -50.391666666666637, -7.433333333333312 ], [ -50.391313340928789, -7.435757785373243 ], [ -50.387853325737822, -7.439242214626716 ], [ -50.3875, -7.441666666666646 ], [ -50.386612616644939, -7.445124986436611 ], [ -50.376956176757787, -7.446400621202237 ], [ -50.373043823242156, -7.449432712131056 ], [ -50.370833333333309, -7.45 ], [ -50.364213053385392, -7.450355021158833 ], [ -50.358347574869761, -7.456249660915779 ], [ -50.362146674262128, -7.460075547960049 ], [ -50.362853325737817, -7.473257785373244 ], [ -50.366668023003442, -7.477099270290778 ], [ -50.360757785373238, -7.482980007595466 ], [ -50.345833333333303, -7.483333333333313 ], [ -50.346186659071151, -7.485757785373243 ], [ -50.349646674262125, -7.489242214626715 ], [ -50.350353325737821, -7.498257785373244 ], [ -50.353813340928795, -7.501742214626717 ], [ -50.354519992404484, -7.510757785373244 ], [ -50.357980007595458, -7.514242214626716 ], [ -50.358691406249974, -7.519123670789911 ], [ -50.364242214626707, -7.524646674262133 ], [ -50.369091118706571, -7.525353325737827 ], [ -50.372575547960039, -7.528813340928799 ], [ -50.377424452039904, -7.529519992404493 ], [ -50.380908881293372, -7.532980007595466 ], [ -50.383333333333304, -7.533333333333314 ], [ -50.383686659071152, -7.535757785373244 ], [ -50.387146674262127, -7.539242214626716 ], [ -50.3875, -7.541666666666647 ], [ -50.381173027886256, -7.542284138997376 ], [ -50.377160305447021, -7.545215861002585 ], [ -50.371493191189209, -7.546836005316821 ], [ -50.370165337456569, -7.57835422092012 ], [ -50.358936903211777, -7.579988606770813 ], [ -50.346450805664034, -7.593673027886265 ], [ -50.345215861002579, -7.597993638780363 ], [ -50.341049194335909, -7.603697374131925 ], [ -50.342284138997371, -7.610493638780363 ], [ -50.345215861002579, -7.614506361219599 ], [ -50.345833333333303, -7.654166666666647 ], [ -50.368801540798586, -7.653523763020814 ], [ -50.372865125868024, -7.650642903645815 ], [ -50.381301540798582, -7.649357096354148 ], [ -50.390773857964383, -7.641245863172724 ], [ -50.39230957031247, -7.656301540798593 ], [ -50.395190429687474, -7.660365125868037 ], [ -50.396578301323757, -7.673969862196161 ], [ -50.402134874131917, -7.675642903645814 ], [ -50.407414415147542, -7.679386054144946 ], [ -50.408976236979136, -7.689634874131926 ], [ -50.413304307725667, -7.695161607530363 ], [ -50.441666666666642, -7.695833333333315 ], [ -50.442284138997366, -7.70216030544703 ], [ -50.449382527669243, -7.710339694552933 ], [ -50.450971815321154, -7.715898301866301 ], [ -50.460493638780356, -7.717284138997377 ], [ -50.464506361219591, -7.720215861002586 ], [ -50.47426486545136, -7.721635945638003 ], [ -50.475617472330704, -7.735493638780364 ], [ -50.482715861002575, -7.743673027886267 ], [ -50.483333333333306, -7.75 ], [ -50.494091118706571, -7.749646674262134 ], [ -50.49791666666664, -7.745847913953975 ], [ -50.501742214626709, -7.749646674262134 ], [ -50.508333333333304, -7.75 ], [ -50.511649237738688, -7.750850762261266 ], [ -50.5125, -7.754166666666649 ], [ -50.5125, -7.758333333333315 ], [ -50.513098483615423, -7.778251139322899 ], [ -50.519982571072021, -7.780017428927934 ], [ -50.52173292371959, -7.786838785807274 ], [ -50.52916666666664, -7.7875 ], [ -50.533333333333303, -7.7875 ], [ -50.533994547526014, -7.79493374294703 ], [ -50.541270616319416, -7.79680107964408 ], [ -50.545266045464381, -7.801956176757795 ], [ -50.546400621202231, -7.814710489908837 ], [ -50.553599378797713, -7.822789510091129 ], [ -50.555134412977402, -7.828770616319427 ], [ -50.560289510091117, -7.832766045464393 ], [ -50.567233954535567, -7.834548272026892 ], [ -50.566099378797716, -7.84804382324217 ], [ -50.561932712131053, -7.853420003255192 ], [ -50.563067287868897, -7.86054382324217 ], [ -50.570266045464386, -7.868622843424462 ], [ -50.570833333333304, -7.870833333333316 ], [ -50.567327880859352, -7.871732923719601 ], [ -50.566005452473931, -7.886600409613698 ], [ -50.558729383680529, -7.888467746310747 ], [ -50.554733954535564, -7.893622843424462 ], [ -50.553599378797713, -7.898043823242171 ], [ -50.550567287868894, -7.901956176757796 ], [ -50.550284178921878, -7.907218144903417 ], [ -50.498924595999938, -7.910350846999961 ], [ -50.464286548999951, -7.923037862999934 ], [ -50.453918469999905, -7.940287651999824 ], [ -50.450500496999894, -7.973622313999954 ], [ -50.458656591999898, -8.024183461999939 ], [ -50.473709483999983, -8.057500353999956 ], [ -50.489906505999954, -8.07702784199995 ], [ -50.537345563999963, -8.121793574999913 ], [ -50.549624962725908, -8.133983293554792 ], [ -50.550830417209177, -8.140877956814204 ], [ -50.557556432891779, -8.141856837789838 ], [ -50.572051503999944, -8.156246046999911 ], [ -50.582481609999888, -8.171171030999972 ], [ -50.594055508999986, -8.184960937999904 ], [ -50.58713557699997, -8.197605038999939 ], [ -50.584838600999888, -8.204506530999936 ], [ -50.586013575999914, -8.218295766999915 ], [ -50.589492568999844, -8.229780985999923 ], [ -50.595283625999912, -8.240127942999948 ], [ -50.612647575999972, -8.260793524999883 ], [ -50.624237568999888, -8.281473020999954 ], [ -50.620819596999979, -8.315966731999879 ], [ -50.616218601999947, -8.328614688999949 ], [ -50.590805509999939, -8.342432591999966 ], [ -50.571151622999935, -8.343592646999923 ], [ -50.553817511999853, -8.342461592999882 ], [ -50.535301552999954, -8.333278547999896 ], [ -50.52024849299994, -8.316056753999874 ], [ -50.501747620999936, -8.302271540999868 ], [ -50.473998491999907, -8.298837809999895 ], [ -50.445106574999897, -8.312653030999968 ], [ -50.276359584999966, -8.352941150999925 ], [ -50.161910564999914, -8.369023843999969 ], [ -50.156135600999846, -8.387397478999958 ], [ -50.161910564999914, -8.394290923999961 ], [ -50.171165526999971, -8.403493414999957 ], [ -50.189659525999957, -8.411532665999971 ], [ -50.209320620999904, -8.433366350999904 ], [ -50.220153559999972, -8.458094305999907 ], [ -50.250839539999902, -8.504582016999962 ], [ -50.266006593999919, -8.485075651999921 ], [ -50.279876463999983, -8.474731377999888 ], [ -50.284500592999962, -8.458646337999937 ], [ -50.278709535999894, -8.441415491999976 ], [ -50.283325617999935, -8.423024087999977 ], [ -50.293739628999958, -8.409238035999977 ], [ -50.321479537999949, -8.398886553999887 ], [ -50.344596491999937, -8.398888732999978 ], [ -50.366561603999969, -8.395427006999967 ], [ -50.401245583999923, -8.385083570999939 ], [ -50.428977613999962, -8.374720520999915 ], [ -50.456710481999892, -8.358614693999868 ], [ -50.467109573999949, -8.355161684999871 ], [ -50.485610612999949, -8.348261198999865 ], [ -50.498329480999985, -8.349402143999953 ], [ -50.506423549999852, -8.356287877999875 ], [ -50.513374493999947, -8.366635001999896 ], [ -50.51339762799995, -8.38961633599996 ], [ -50.507652503999907, -8.419494300999929 ], [ -50.498420507999981, -8.440196762999904 ], [ -50.48223857399995, -8.455145551999919 ], [ -50.474159591999921, -8.468943840999941 ], [ -50.467239492999965, -8.491929031999973 ], [ -50.460319561999938, -8.516075450999892 ], [ -50.449920469999938, -8.528716366999959 ], [ -50.440673553999943, -8.533322054999928 ], [ -50.41870156799996, -8.537914834999981 ], [ -50.396713488999922, -8.536778918999971 ], [ -50.37242860099991, -8.534481103999894 ], [ -50.359710571999926, -8.541379410999923 ], [ -50.355087616999981, -8.549421846999962 ], [ -50.346992542999942, -8.560910250999882 ], [ -50.335418474999869, -8.56665973399987 ], [ -50.322708492999936, -8.568958553999948 ], [ -50.292625506999968, -8.564360744999931 ], [ -50.278747589999966, -8.566656547999969 ], [ -50.278755468999975, -8.57814880799998 ], [ -50.279907476999881, -8.582740414999932 ], [ -50.279914517999941, -8.594229824999957 ], [ -50.276451618999943, -8.614920384999948 ], [ -50.272277598999835, -8.621327846999918 ], [ -50.262763467999889, -8.649020816999951 ], [ -50.242828619999841, -8.694444696999881 ], [ -50.247844518999898, -8.78020128999998 ], [ -50.257942532999891, -8.805647574999966 ], [ -50.256782476999945, -8.819440666999981 ], [ -50.256381486999885, -8.820767521999926 ], [ -50.271968473999834, -8.886081993999937 ], [ -50.270523601999912, -8.93432152299988 ], [ -50.254043605999982, -8.979838106999978 ], [ -50.218971543999942, -9.024825122999971 ], [ -50.184585624999954, -9.04684035899993 ], [ -50.139774628999874, -9.067399993999913 ], [ -50.131706543999883, -9.070323936999898 ], [ -50.126983509999889, -9.073243521999927 ], [ -50.120883495999919, -9.074246332999905 ], [ -50.09273957899984, -9.084441911999932 ], [ -50.053535573999966, -9.093869038999912 ], [ -50.044723511999962, -9.097265888999971 ], [ -50.000694547999956, -9.108686901999931 ], [ -49.977531493999948, -9.112104874999943 ], [ -49.970272597999838, -9.109859865999965 ], [ -49.921752609999942, -9.12315808999989 ], [ -49.950908556999934, -9.195253018999892 ], [ -49.974883482999871, -9.209743820999904 ], [ -50.018535595999879, -9.26502800399993 ], [ -50.052982535999945, -9.279822901999978 ], [ -50.118328523999935, -9.273669243999962 ], [ -50.179904498999974, -9.276593186999946 ], [ -50.230598584999825, -9.292984836999949 ], [ -50.276515488999905, -9.351771649999932 ], [ -50.289382547999878, -9.387775276999946 ], [ -50.296283536999965, -9.409206796999968 ], [ -50.290153515999975, -9.385922205999918 ], [ -50.314514511999903, -9.382494509999901 ], [ -50.33422053399994, -9.371016499999939 ], [ -50.359733537999887, -9.357250396999916 ], [ -50.379447606999975, -9.358418331999928 ], [ -50.394515586999887, -9.366470825999897 ], [ -50.40957652599991, -9.379126828999972 ], [ -50.421173558999953, -9.380279675999873 ], [ -50.43624153899998, -9.376834881999969 ], [ -50.450149462999889, -9.383745592999958 ], [ -50.461738617999913, -9.395239696999909 ], [ -50.460578561999853, -9.410172559999921 ], [ -50.44782247899991, -9.420511805999979 ], [ -50.439704605999964, -9.430851050999877 ], [ -50.445503541999983, -9.443500180999933 ], [ -50.459411465999835, -9.461887896999883 ], [ -50.467521627999929, -9.483736500999953 ], [ -50.451278505999881, -9.507857774999934 ], [ -50.430404548999888, -9.513589319999937 ], [ -50.407211487999973, -9.520470694999915 ], [ -50.389793557999894, -9.536544837999941 ], [ -50.377029594999954, -9.550309766999931 ], [ -50.363113624999983, -9.553748358999883 ], [ -50.357315526999912, -9.554894500999922 ], [ -50.344558604999918, -9.558327057999918 ], [ -50.349204526999927, -9.533056960999943 ], [ -50.344581571999981, -9.516963035999936 ], [ -50.328361582999946, -9.492813766999973 ], [ -50.319805503999874, -9.481142637999938 ], [ -50.338333533999901, -9.538615670999945 ], [ -50.328113478999853, -9.568212506999942 ], [ -50.285522513999979, -9.589979805999974 ], [ -50.246383552999816, -9.612995170999966 ], [ -50.208530542999824, -9.669373360999884 ], [ -50.211326577999955, -9.69681135299993 ], [ -50.229583536999939, -9.681126465999967 ], [ -50.269058612999856, -9.669697404999965 ], [ -50.296905473999971, -9.659390178999956 ], [ -50.310844578999934, -9.639873419999958 ], [ -50.320144467999967, -9.616906 ], [ -50.332916476999969, -9.613473106999948 ], [ -50.345672559999969, -9.621524763999957 ], [ -50.358421602999954, -9.635331601999951 ], [ -50.371177517999968, -9.643385269999897 ], [ -50.394378625999934, -9.643414103999817 ], [ -50.407142588999875, -9.642277182999976 ], [ -50.419891462999942, -9.649181690999967 ], [ -50.431503583999984, -9.659539041999949 ], [ -50.429168553999943, -9.677918878999947 ], [ -50.402458612999851, -9.70891968299992 ], [ -50.371116497999878, -9.726126221999948 ], [ -50.332809523999913, -9.735266518999936 ], [ -50.287544564999962, -9.739813198999968 ], [ -50.242271558999846, -9.746637911999869 ], [ -50.235240482999927, -9.747125738999898 ], [ -50.245250486999964, -9.762395889999937 ], [ -50.274414480999894, -9.798877285999936 ], [ -50.290985503999877, -9.828095258999895 ], [ -50.298484624999901, -9.886938062999945 ], [ -50.311138615999823, -9.929841001999876 ], [ -50.344551564999961, -9.98023937499994 ], [ -50.384181537999893, -10.018172682999932 ], [ -50.406490475999931, -10.05100744799995 ], [ -50.437980615999948, -10.088703715999827 ], [ -50.448322543999893, -10.131539767999982 ], [ -50.474979509999969, -10.174847719999946 ], [ -50.471870494999962, -10.200054952999892 ], [ -50.462619555999879, -10.217789886999924 ], [ -50.465896544999964, -10.215771021999956 ], [ -50.476364535999835, -10.207740319999971 ], [ -50.498481528999889, -10.162952458999939 ], [ -50.520599526999945, -10.12275637099998 ], [ -50.547332600999937, -10.102085927999951 ], [ -50.575218522999819, -10.09178155099994 ], [ -50.60194355099992, -10.094103505999954 ], [ -50.632148576999953, -10.098719084999914 ], [ -50.655380529999888, -10.097593227999937 ], [ -50.683273491999898, -10.086113037999951 ], [ -50.704177623999897, -10.065429349999931 ], [ -50.716957510999919, -10.043600862999938 ], [ -50.734382481999887, -10.034409435999976 ], [ -50.743682538999963, -10.039007244999937 ], [ -50.751815499999907, -10.053962235999961 ], [ -50.758773484999892, -10.190759757999956 ], [ -50.763420579999888, -10.195354381999891 ], [ -50.771552534999955, -10.198804205999977 ], [ -50.778526613999929, -10.204548490999912 ], [ -50.785491471999876, -10.21834560699989 ], [ -50.794807621999951, -10.226403130999927 ], [ -50.799453543999959, -10.228703794999944 ], [ -50.814559576999955, -10.229851780999979 ], [ -50.836639521999984, -10.226405979999981 ], [ -50.843612594999968, -10.229865023999935 ], [ -50.848266562999925, -10.236763497999959 ], [ -50.850585499999966, -10.243659959999945 ], [ -50.854072538999901, -10.248265480999976 ], [ -50.857566619999886, -10.273553682999932 ], [ -50.852920530999882, -10.29768903799993 ], [ -50.837806617999831, -10.318378759999916 ], [ -50.804099464999922, -10.326419016999921 ], [ -50.791297616999941, -10.339054232999899 ], [ -50.780837503999919, -10.359738757999935 ], [ -50.772293494999985, -10.370991127999957 ], [ -50.796298594999939, -10.352992331999928 ], [ -50.824768567999911, -10.337683288999813 ], [ -50.858348482999929, -10.307563589999916 ], [ -50.878063557999951, -10.272453976999884 ], [ -50.943462518999922, -10.270803077999915 ], [ -50.966121485999963, -10.254171034999899 ], [ -51.037074463999886, -10.261853551999877 ], [ -51.0831796249999, -10.241241948999971 ], [ -51.121917596999936, -10.192818520999879 ], [ -51.169601572999966, -10.157278915999882 ], [ -51.201496558999906, -10.143171 ], [ -51.239894559999982, -10.146487885999932 ], [ -51.248401521999938, -10.175474853999958 ], [ -51.241592565999952, -10.20981031499997 ], [ -51.262958539999943, -10.237987423999812 ], [ -51.285240488999875, -10.233971653999902 ], [ -51.315780623999899, -10.226722983999935 ], [ -51.339000506999923, -10.272202854999932 ], [ -51.360046627999907, -10.281843384999888 ], [ -51.361415559999955, -10.282472027999972 ], [ -51.37718963199984, -10.282443361999981 ], [ -51.391136615999983, -10.280126435999932 ], [ -51.410880523999879, -10.27550281099991 ], [ -51.42970661399994, -10.262155467999946 ], [ -51.433594452981126, -10.256373620916198 ], [ -51.433977762858056, -10.261596171061168 ], [ -51.4375, -10.2625 ], [ -51.437145996093733, -10.277452935112818 ], [ -51.431591118706578, -10.282980007595455 ], [ -51.426742214626714, -10.283686659071151 ], [ -51.419091118706575, -10.29131334092879 ], [ -51.41666666666665, -10.291666666666636 ], [ -51.414556884765602, -10.292334662543373 ], [ -51.402109781901025, -10.303498670789901 ], [ -51.397890218098937, -10.304834662543373 ], [ -51.39375, -10.307683648003442 ], [ -51.388273451063348, -10.303915066189207 ], [ -51.3875, -10.320833333333304 ], [ -51.375686815049896, -10.321573723687036 ], [ -51.375, -10.35 ], [ -51.375353325737827, -10.352424452039902 ], [ -51.379519992404497, -10.356620449489988 ], [ -51.378813340928801, -10.360757785373234 ], [ -51.375014580620643, -10.364583333333304 ], [ -51.379152086045984, -10.36875 ], [ -51.375353325737827, -10.372575547960039 ], [ -51.374646674262131, -10.381591118706568 ], [ -51.362853325737831, -10.393408881293373 ], [ -51.3625, -10.395833333333304 ], [ -51.357766045464388, -10.397048272026881 ], [ -51.358900621202238, -10.431377156575492 ], [ -51.361932712131058, -10.435289510091117 ], [ -51.3625, -10.441666666666638 ], [ -51.363067287868901, -10.443877156575493 ], [ -51.36609937879772, -10.447789510091116 ], [ -51.367881605360225, -10.454733954535563 ], [ -51.381377156575503, -10.453599378797716 ], [ -51.385289510091127, -10.450567287868894 ], [ -51.393877156575499, -10.449432712131047 ], [ -51.401956176757793, -10.442233954535562 ], [ -51.418877156575505, -10.441099378797714 ], [ -51.422789510091128, -10.438067287868895 ], [ -51.445833333333312, -10.4375 ], [ -51.449149068196597, -10.436649068196585 ], [ -51.450887383355017, -10.429875183105441 ], [ -51.460543823242169, -10.428599378797713 ], [ -51.464456176757793, -10.425567287868894 ], [ -51.466666666666647, -10.425 ], [ -51.47916666666665, -10.425 ], [ -51.491666666666646, -10.425 ], [ -51.49251759847003, -10.42168426513669 ], [ -51.49929148356118, -10.419945949978271 ], [ -51.500567287868904, -10.410289510091117 ], [ -51.511932712131056, -10.398043823242158 ], [ -51.513409254286003, -10.392290242512992 ], [ -51.535543823242172, -10.391099378797714 ], [ -51.539456176757795, -10.388067287868894 ], [ -51.54166666666665, -10.3875 ], [ -51.541099378797725, -10.385289510091116 ], [ -51.538067287868905, -10.381377156575493 ], [ -51.536932712131055, -10.378420003255179 ], [ -51.541099378797725, -10.373043823242158 ], [ -51.542517598470035, -10.367517598470023 ], [ -51.545833333333313, -10.366666666666637 ], [ -51.548257785373245, -10.366313340928791 ], [ -51.555908881293384, -10.35868665907115 ], [ -51.564924452039911, -10.357980007595456 ], [ -51.568408881293387, -10.354519992404484 ], [ -51.573257785373244, -10.35381334092879 ], [ -51.576742214626719, -10.350353325737817 ], [ -51.5875, -10.35 ], [ -51.58838738335502, -10.353458150227835 ], [ -51.598043823242172, -10.354733954535561 ], [ -51.603420003255188, -10.358900621202228 ], [ -51.615770297580276, -10.357659573025144 ], [ -51.617578294542085, -10.350614251030787 ], [ -51.643877156575506, -10.349432712131048 ], [ -51.649253336588522, -10.345266045464381 ], [ -51.661533440483922, -10.346499972873234 ], [ -51.674432712131058, -10.360289510091118 ], [ -51.675, -10.366666666666637 ], [ -51.678543090820298, -10.367575920952662 ], [ -51.679166666666646, -10.379166666666638 ], [ -51.693877156575503, -10.378599378797714 ], [ -51.697789510091127, -10.375567287868893 ], [ -51.706377156575506, -10.374432712131046 ], [ -51.71028951009113, -10.371400621202227 ], [ -51.715815734863263, -10.369982401529919 ], [ -51.71757236056856, -10.363137647840682 ], [ -51.735543823242168, -10.361932712131047 ], [ -51.739456176757798, -10.358900621202228 ], [ -51.7625, -10.358333333333304 ], [ -51.764710489908836, -10.357766045464381 ], [ -51.774080234103714, -10.349417114257783 ], [ -51.775850931803369, -10.342517598470023 ], [ -51.779166666666647, -10.341666666666637 ], [ -51.780149671766473, -10.344850328233477 ], [ -51.785455661349808, -10.346488783094589 ], [ -51.791420830620645, -10.350655449761256 ], [ -51.79378899468314, -10.349344550238687 ], [ -51.806211005316825, -10.338155449761256 ], [ -51.810455661349813, -10.336844550238686 ], [ -51.814544338650158, -10.333988783094588 ], [ -51.822955661349809, -10.332677883572019 ], [ -51.827044338650154, -10.329822116427922 ], [ -51.831288994683142, -10.328511216905353 ], [ -51.835377671983494, -10.325655449761255 ], [ -51.843788994683145, -10.324344550238685 ], [ -51.849754163953975, -10.320177883572018 ], [ -51.870127020941823, -10.321580844455266 ], [ -51.871526760525157, -10.357260810004311 ], [ -51.875, -10.358333333333304 ], [ -51.877424452039918, -10.35868665907115 ], [ -51.880908881293387, -10.362146674262124 ], [ -51.883333333333319, -10.3625 ], [ -51.895833333333314, -10.3625 ], [ -51.895833333333314, -10.370833333333305 ], [ -51.896186659071162, -10.373257785373234 ], [ -51.899646674262137, -10.376742214626706 ], [ -51.9, -10.379166666666638 ], [ -51.899646674262137, -10.406591118706569 ], [ -51.892019992404499, -10.414242214626707 ], [ -51.891313340928804, -10.431591118706569 ], [ -51.887146674262134, -10.435787116156655 ], [ -51.887853325737829, -10.452424452039903 ], [ -51.891652764214392, -10.456250678168374 ], [ -51.882980007595471, -10.464951070149711 ], [ -51.883686659071167, -10.473257785373235 ], [ -51.887146674262134, -10.476742214626707 ], [ -51.88785807291665, -10.481623501247801 ], [ -51.893408881293389, -10.487146674262124 ], [ -51.898290167914482, -10.487858072916637 ], [ -51.903813340928806, -10.493408881293375 ], [ -51.904519992404495, -10.498257785373236 ], [ -51.907980007595469, -10.501742214626708 ], [ -51.908333333333317, -10.5125 ], [ -51.915767076280368, -10.511838785807264 ], [ -51.917517598470035, -10.505017598470024 ], [ -51.923043823242175, -10.503599378797714 ], [ -51.926956176757798, -10.500567287868895 ], [ -51.929166666666653, -10.5 ], [ -51.930134412977417, -10.503770785861517 ], [ -51.935289510091131, -10.507766045464383 ], [ -51.940815734863264, -10.509184265136691 ], [ -51.942233954535574, -10.514710489908826 ], [ -51.945266045464393, -10.518622843424451 ], [ -51.946400621202244, -10.527210489908827 ], [ -51.949432712131063, -10.531122843424452 ], [ -51.950967746310752, -10.537104119194851 ], [ -51.95625, -10.541197882758219 ], [ -51.961753336588529, -10.536932712131048 ], [ -51.969953579372813, -10.538238694932698 ], [ -51.971801079644081, -10.545437452528184 ], [ -51.976956176757795, -10.549432712131049 ], [ -52.0, -10.55 ], [ -52.010455661349809, -10.550655449761257 ], [ -52.014544338650161, -10.553511216905354 ], [ -52.032272847493473, -10.554899088541639 ], [ -52.033988783094607, -10.560455661349799 ], [ -52.040799967447903, -10.567322116427924 ], [ -52.04232211642794, -10.547877671983478 ], [ -52.045929802788613, -10.542712741427923 ], [ -52.054412502712658, -10.541011216905353 ], [ -52.060377671983495, -10.54517788357202 ], [ -52.0625, -10.545833333333306 ], [ -52.07003072102863, -10.546568467881917 ], [ -52.071450975206147, -10.556326802571586 ], [ -52.075331115722641, -10.561638556586344 ], [ -52.085493469238266, -10.563117641872802 ], [ -52.089506530761703, -10.566049024793809 ], [ -52.095065138075071, -10.56763831244572 ], [ -52.096601528591563, -10.578195020887559 ], [ -52.102160135904931, -10.57978430853947 ], [ -52.106173197428369, -10.582715691460475 ], [ -52.119598558213958, -10.584026251898845 ], [ -52.121450975206152, -10.587969122992593 ], [ -52.117284308539482, -10.593673197428359 ], [ -52.116049024793824, -10.600469122992594 ], [ -52.120276726616737, -10.6062566121419 ], [ -52.112203301323774, -10.615560234917508 ], [ -52.104843648274723, -10.617664421929227 ], [ -52.10416666666665, -10.62916666666664 ], [ -52.103446790907107, -10.640889994303357 ], [ -52.095833333333317, -10.641666666666639 ], [ -52.096187506781668, -10.652453104654921 ], [ -52.101742214626725, -10.657980007595459 ], [ -52.106591118706582, -10.658686659071154 ], [ -52.110075547960058, -10.662146674262125 ], [ -52.120833333333323, -10.6625 ], [ -52.125, -10.6625 ], [ -52.125567287868911, -10.677210489908827 ], [ -52.129733954535574, -10.682586669921848 ], [ -52.128427971733927, -10.690786912706137 ], [ -52.121541849772122, -10.692554050021675 ], [ -52.120266045464398, -10.702210489908827 ], [ -52.117233954535578, -10.706122843424453 ], [ -52.116666666666653, -10.708333333333307 ], [ -52.117327880859364, -10.715767076280356 ], [ -52.124322848849815, -10.717562188042509 ], [ -52.141099378797726, -10.735289510091119 ], [ -52.142233954535577, -10.748043823242162 ], [ -52.153599378797729, -10.76028951009112 ], [ -52.155017598470039, -10.765815734863255 ], [ -52.162764655219171, -10.767803785535998 ], [ -52.158900621202243, -10.772789510091119 ], [ -52.158333333333303, -10.775 ], [ -52.153599378797729, -10.776214938693551 ], [ -52.15473395453558, -10.781377156575495 ], [ -52.157766045464399, -10.78528951009112 ], [ -52.158900621202243, -10.798043823242162 ], [ -52.166212632920995, -10.80625 ], [ -52.157766045464399, -10.815729437934003 ], [ -52.158900621202243, -10.827210489908829 ], [ -52.162764655219171, -10.83219621446395 ], [ -52.158333333333317, -10.833333333333307 ], [ -52.157118394639745, -10.838067287868899 ], [ -52.14778951009113, -10.836932712131052 ], [ -52.143877156575506, -10.833900621202231 ], [ -52.139456176757797, -10.832766045464384 ], [ -52.135543823242173, -10.829733954535564 ], [ -52.133333333333319, -10.829166666666641 ], [ -52.133940802680108, -10.844919840494766 ], [ -52.141270785861529, -10.846801079644072 ], [ -52.145266045464396, -10.851956176757787 ], [ -52.146684265136706, -10.857482571072023 ], [ -52.153770785861532, -10.859301079644073 ], [ -52.158900621202243, -10.865920003255184 ], [ -52.157766045464399, -10.868877156575495 ], [ -52.15473395453558, -10.87278951009112 ], [ -52.153198920355891, -10.87877061631942 ], [ -52.148043823242176, -10.882766045464384 ], [ -52.141099378797726, -10.884548272026885 ], [ -52.142233954535577, -10.893877156575495 ], [ -52.146400621202247, -10.899253336588517 ], [ -52.145266045464396, -10.914710489908829 ], [ -52.142233954535577, -10.918622843424455 ], [ -52.141099378797726, -10.923043823242162 ], [ -52.133900621202244, -10.931122843424454 ], [ -52.133333333333304, -10.9375 ], [ -52.126742214626724, -10.937853325737823 ], [ -52.123257785373248, -10.941313340928794 ], [ -52.120833333333323, -10.941666666666642 ], [ -52.1125, -10.941666666666642 ], [ -52.110339864095039, -10.942284138997371 ], [ -52.102160135904931, -10.949382527669247 ], [ -52.097839864095036, -10.950617472330705 ], [ -52.093826802571598, -10.953549194335913 ], [ -52.084127468532969, -10.954960801866296 ], [ -52.082565138075076, -10.965694851345461 ], [ -52.079166666666652, -10.966666666666642 ], [ -52.078813340928804, -10.973257785373239 ], [ -52.071186659071167, -10.980908881293379 ], [ -52.070833333333319, -10.983333333333309 ], [ -52.07047526041665, -10.985790337456573 ], [ -52.064924452039918, -10.991313340928794 ], [ -52.0625, -10.991666666666642 ], [ -52.062853325737834, -11.006591118706574 ], [ -52.067019992404497, -11.010786946614559 ], [ -52.066313340928808, -11.014924452039907 ], [ -52.062853325737834, -11.018408881293379 ], [ -52.062146674262138, -11.027424452039906 ], [ -52.057980007595475, -11.031620279947893 ], [ -52.058686659071164, -11.03575778537324 ], [ -52.066313340928808, -11.043408881293379 ], [ -52.066666666666634, -11.054166666666642 ], [ -52.063208516438785, -11.055054050021678 ], [ -52.06193271213106, -11.06471048990883 ], [ -52.058900621202241, -11.068622843424455 ], [ -52.057766045464398, -11.073043823242164 ], [ -52.054733954535578, -11.07695617675779 ], [ -52.053599378797728, -11.081377156575497 ], [ -52.042233954535575, -11.093622843424455 ], [ -52.04166666666665, -11.09583333333331 ], [ -52.040779283311615, -11.099291653103275 ], [ -52.03005405002169, -11.100708346896678 ], [ -52.029166666666654, -11.104166666666643 ], [ -52.029827880859358, -11.111600409613692 ], [ -52.036649068196603, -11.113350762261261 ], [ -52.038387383355023, -11.120124986436609 ], [ -52.049070739746078, -11.121536254882789 ], [ -52.057766045464398, -11.131122843424457 ], [ -52.058900621202241, -11.135543823242164 ], [ -52.070266045464393, -11.147789510091123 ], [ -52.071400621202244, -11.17721048990883 ], [ -52.074432712131063, -11.181122843424456 ], [ -52.075567287868907, -11.202210489908833 ], [ -52.078599378797726, -11.206122843424456 ], [ -52.079166666666652, -11.2125 ], [ -52.079519992404499, -11.219091118706576 ], [ -52.082980007595474, -11.222575547960048 ], [ -52.083333333333321, -11.233333333333311 ], [ -52.082369147406666, -11.236535644531228 ], [ -52.077031622992607, -11.23814290364581 ], [ -52.071155124240434, -11.242309570312479 ], [ -52.068698289659274, -11.241023763020811 ], [ -52.062821790907101, -11.236857096354145 ], [ -52.054896545410145, -11.238395521375846 ], [ -52.053425428602417, -11.257587009006054 ], [ -52.037072075737832, -11.258900960286436 ], [ -52.031243726942257, -11.254768541124109 ], [ -52.018756273057711, -11.266064792209178 ], [ -52.014635043674033, -11.263142903645811 ], [ -52.0125, -11.2625 ], [ -52.0125, -11.266666666666644 ], [ -52.01577233208549, -11.267437405056402 ], [ -52.017196146647123, -11.271916368272548 ], [ -52.00886281331379, -11.281085205078103 ], [ -52.007803853352847, -11.284273952907965 ], [ -52.011970520019517, -11.289418538411436 ], [ -52.013029479980453, -11.305107286241299 ], [ -52.00886281331379, -11.31025187174477 ], [ -52.007803853352847, -11.313440619574632 ], [ -52.011970520019517, -11.318585205078104 ], [ -52.013029479980453, -11.330107286241297 ], [ -52.00886281331379, -11.33525187174477 ], [ -52.007803853352847, -11.338440619574632 ], [ -52.012104119194866, -11.34375 ], [ -52.008729214138441, -11.347916666666645 ], [ -52.011970520019517, -11.351918538411438 ], [ -52.0125, -11.3625 ], [ -52.010289510091134, -11.363067287868903 ], [ -52.006377156575503, -11.366099378797722 ], [ -52.000607469346775, -11.367580159505188 ], [ -52.0, -11.383333333333312 ], [ -52.004822116427938, -11.38482225206161 ], [ -51.997955661349813, -11.391011216905362 ], [ -51.993711005316825, -11.39232211642793 ], [ -51.98962232801648, -11.395177883572028 ], [ -51.981211005316823, -11.396488783094597 ], [ -51.977122328016478, -11.399344550238695 ], [ -51.97287767198349, -11.400655449761263 ], [ -51.963081529405365, -11.408988783094596 ], [ -51.956211005316824, -11.407677883572028 ], [ -51.950245836045994, -11.403511216905361 ], [ -51.944249979654934, -11.406829833984354 ], [ -51.941024610731318, -11.412765163845465 ], [ -51.946488783094601, -11.420587497287306 ], [ -51.944787258572035, -11.429070366753452 ], [ -51.939622328016476, -11.432677883572028 ], [ -51.935377671983488, -11.433988783094598 ], [ -51.931288994683143, -11.436844550238694 ], [ -51.91666666666665, -11.4375 ], [ -51.915698920355887, -11.441270616319423 ], [ -51.910543823242172, -11.44526604546439 ], [ -51.904790242513002, -11.446742418077235 ], [ -51.903599378797729, -11.4688771565755 ], [ -51.90056728786891, -11.472789510091125 ], [ -51.899432712131059, -11.477210489908835 ], [ -51.89640062120224, -11.481122843424458 ], [ -51.895833333333314, -11.4875 ], [ -51.895475260416653, -11.489957004123244 ], [ -51.889924452039914, -11.495480007595466 ], [ -51.870833333333316, -11.495833333333312 ], [ -51.8625, -11.495833333333312 ], [ -51.8548865424262, -11.496609836154494 ], [ -51.85346306694877, -11.519790649414043 ], [ -51.85, -11.520833333333314 ], [ -51.849149068196596, -11.524149237738696 ], [ -51.845833333333317, -11.525 ], [ -51.845480007595469, -11.531591118706578 ], [ -51.837146674262137, -11.539950900607618 ], [ -51.837853325737832, -11.552424452039912 ], [ -51.841313340928806, -11.555908881293384 ], [ -51.841666666666647, -11.5625 ], [ -51.834306335449199, -11.563154771592863 ], [ -51.825567287868907, -11.572789510091127 ], [ -51.824295722113696, -11.582413736979147 ], [ -51.81751675075953, -11.588067287868904 ], [ -51.814456176757794, -11.586932712131057 ], [ -51.809079996744778, -11.582766045464391 ], [ -51.792570495605453, -11.583977932400154 ], [ -51.790698920355887, -11.591270616319425 ], [ -51.785543823242172, -11.59526604546439 ], [ -51.780017598470039, -11.596684095594599 ], [ -51.778198920355884, -11.603770616319425 ], [ -51.771579996744777, -11.608900621202238 ], [ -51.766844007703973, -11.607083468966994 ], [ -51.763067287868907, -11.602210489908835 ], [ -51.761532253689218, -11.596229383680537 ], [ -51.756377156575503, -11.592233954535571 ], [ -51.751956176757794, -11.591099378797724 ], [ -51.746579996744778, -11.586932712131057 ], [ -51.731122843424465, -11.588067287868904 ], [ -51.725746663411442, -11.592233954535571 ], [ -51.714456176757793, -11.591099378797724 ], [ -51.710543823242169, -11.588067287868904 ], [ -51.7, -11.5875 ], [ -51.691666666666649, -11.5875 ], [ -51.690767076280366, -11.591005452473938 ], [ -51.683333333333316, -11.591666666666647 ], [ -51.683686659071164, -11.598257785373244 ], [ -51.687853325737827, -11.602453613281231 ], [ -51.687146674262138, -11.623257785373244 ], [ -51.678813340928805, -11.631617567274287 ], [ -51.679519992404494, -11.635757785373245 ], [ -51.682980007595468, -11.639242214626718 ], [ -51.683333333333316, -11.645833333333314 ], [ -51.664242214626718, -11.646186659071162 ], [ -51.656591118706579, -11.653813340928801 ], [ -51.641666666666652, -11.654166666666647 ], [ -51.641313340928804, -11.656591118706579 ], [ -51.637853325737829, -11.660075547960052 ], [ -51.637146674262134, -11.677424452039912 ], [ -51.632980007595471, -11.681620279947898 ], [ -51.633686659071159, -11.689924452039911 ], [ -51.637146674262134, -11.693408881293385 ], [ -51.6375, -11.695833333333315 ], [ -51.63659074571396, -11.699376424153627 ], [ -51.613490464952235, -11.700619167751718 ], [ -51.608900621202238, -11.70612284342446 ], [ -51.608333333333313, -11.7125 ], [ -51.608686659071161, -11.719091118706579 ], [ -51.624646674262138, -11.735075547960051 ], [ -51.625, -11.7375 ], [ -51.617566257052935, -11.73816121419269 ], [ -51.615451727973074, -11.746400621202239 ], [ -51.597789510091125, -11.74526604546439 ], [ -51.592413330078109, -11.741099378797724 ], [ -51.580063035753021, -11.742340426974808 ], [ -51.579166666666652, -11.745833333333316 ], [ -51.581314256456146, -11.746463690863697 ], [ -51.585352410210483, -11.749369642469599 ], [ -51.589647589789479, -11.750630357530364 ], [ -51.593685743543816, -11.753536309136267 ], [ -51.59905463324651, -11.75511203342012 ], [ -51.600630187988266, -11.760480753580712 ], [ -51.603536478678365, -11.764519246419253 ], [ -51.604889085557708, -11.782542588975677 ], [ -51.614576890733488, -11.791087510850677 ], [ -51.620437113443991, -11.7868696424696 ], [ -51.624129231770816, -11.788699001736093 ], [ -51.625630187988264, -11.793814086914045 ], [ -51.629796854654927, -11.799603610568559 ], [ -51.62822943793401, -11.813130357530364 ], [ -51.610352410210488, -11.811869642469601 ], [ -51.604562886555968, -11.807702975802933 ], [ -51.599677700466565, -11.810123697916648 ], [ -51.592296854654933, -11.81868591308592 ], [ -51.591036478678369, -11.822980753580712 ], [ -51.588130187988263, -11.827019246419253 ], [ -51.586869812011699, -11.839647420247378 ], [ -51.583963521321593, -11.84368591308592 ], [ -51.582703145345036, -11.847980753580712 ], [ -51.571463521321597, -11.860352579752586 ], [ -51.570833333333312, -11.866666666666649 ], [ -51.571732923719601, -11.870172119140609 ], [ -51.579166666666652, -11.870833333333316 ], [ -51.585543823242169, -11.870266045464392 ], [ -51.589456176757793, -11.867233954535573 ], [ -51.598043823242172, -11.866099378797726 ], [ -51.601956176757795, -11.863067287868907 ], [ -51.615451727973074, -11.861932712131059 ], [ -51.617233954535571, -11.868877156575504 ], [ -51.621829223632794, -11.874387274848074 ], [ -51.646770562065953, -11.875567287868906 ], [ -51.656122843424463, -11.867233954535573 ], [ -51.664710489908835, -11.866099378797726 ], [ -51.669865587022549, -11.862103949652761 ], [ -51.671684265136705, -11.855017428927933 ], [ -51.677210489908838, -11.853599378797725 ], [ -51.685289510091131, -11.846400621202239 ], [ -51.692413330078111, -11.845266045464392 ], [ -51.69791666666665, -11.849531385633663 ], [ -51.702083333333313, -11.846301947699635 ], [ -51.706258816189219, -11.849538167317691 ], [ -51.714456176757793, -11.842233954535573 ], [ -51.725, -11.841666666666649 ], [ -51.725567287868905, -11.843877156575504 ], [ -51.728599378797725, -11.847789510091129 ], [ -51.730134412977414, -11.853770616319427 ], [ -51.735289510091128, -11.857766045464393 ], [ -51.741077677408839, -11.859251573350678 ], [ -51.741666666666653, -11.8875 ], [ -51.742019992404494, -11.889924452039914 ], [ -51.745818752712658, -11.89375 ], [ -51.742019992404494, -11.897575547960052 ], [ -51.741313340928805, -11.944091118706581 ], [ -51.73751458062064, -11.94791666666665 ], [ -51.741313340928805, -11.951742214626719 ], [ -51.742019992404494, -11.95659111870658 ], [ -51.745480007595468, -11.960075547960052 ], [ -51.746186659071164, -11.973257785373248 ], [ -51.749646674262138, -11.97674221462672 ], [ -51.75, -11.97916666666665 ], [ -51.749470520019514, -11.989748128255192 ], [ -51.745303853352851, -11.994892713758665 ], [ -51.746362813313787, -12.006414794921859 ], [ -51.75052947998045, -12.011559380425332 ], [ -51.749470520019514, -12.035581461588526 ], [ -51.745303853352851, -12.040726047091997 ], [ -51.746797858344166, -12.045225016276026 ], [ -51.754166666666649, -12.045833333333317 ], [ -51.756591118706581, -12.046186659071164 ], [ -51.76041666666665, -12.049985419379325 ], [ -51.764242214626719, -12.046186659071164 ], [ -51.766666666666652, -12.045833333333317 ], [ -51.775, -12.045833333333317 ], [ -51.775850931803369, -12.049149068196584 ], [ -51.779166666666647, -12.05 ], [ -51.778315734863263, -12.053315734863251 ], [ -51.771494547526025, -12.055066257052921 ], [ -51.770833333333314, -12.0625 ], [ -51.770225863986525, -12.078253343370195 ], [ -51.762895880805104, -12.080134412977401 ], [ -51.758900621202237, -12.085289510091116 ], [ -51.758333333333319, -12.1125 ], [ -51.75191836886934, -12.111970520019501 ], [ -51.742749701605888, -12.103637186686168 ], [ -51.731085035536005, -12.104696146647104 ], [ -51.725940789116734, -12.108862813313772 ], [ -51.722751702202672, -12.107803853352834 ], [ -51.717607455783401, -12.103637186686168 ], [ -51.713266499837225, -12.105078633626272 ], [ -51.7125, -12.108333333333302 ], [ -51.713090515136699, -12.132318962944849 ], [ -51.718622843424463, -12.136932712131046 ], [ -51.724417114257797, -12.138419765896238 ], [ -51.733900621202238, -12.149062771267332 ], [ -51.732766045464395, -12.160543823242158 ], [ -51.721400621202243, -12.172789510091116 ], [ -51.720129055447032, -12.182413906521237 ], [ -51.714710489908839, -12.186932712131046 ], [ -51.71028951009113, -12.188067287868893 ], [ -51.702210489908836, -12.195266045464379 ], [ -51.696456909179673, -12.196742587619328 ], [ -51.695833333333319, -12.208333333333304 ], [ -51.671847703721774, -12.208923848470022 ], [ -51.667233954535575, -12.214456176757782 ], [ -51.666099378797725, -12.218877156575491 ], [ -51.663067287868905, -12.222789510091117 ], [ -51.661838785807277, -12.236600409613686 ], [ -51.656122843424463, -12.238067287868894 ], [ -51.648043823242169, -12.24526604546438 ], [ -51.6375, -12.245833333333303 ], [ -51.634184265136703, -12.24668426513669 ], [ -51.633333333333319, -12.25 ], [ -51.633998786078543, -12.286717902289467 ], [ -51.648969862196161, -12.288244967990423 ], [ -51.650964185926632, -12.294869147406654 ], [ -51.654166666666647, -12.295833333333304 ], [ -51.658333333333317, -12.295833333333304 ], [ -51.658900621202243, -12.302210489908825 ], [ -51.663067287868905, -12.307586669921847 ], [ -51.661763339572467, -12.315774197048583 ], [ -51.656377156575502, -12.320266045464381 ], [ -51.650582885742168, -12.321753099229571 ], [ -51.64223395453557, -12.331122843424451 ], [ -51.641099378797726, -12.335543823242158 ], [ -51.636932712131056, -12.34092000325518 ], [ -51.638749694824199, -12.345655992295978 ], [ -51.64362284342446, -12.349432712131048 ], [ -51.6491490681966, -12.350850931803357 ], [ -51.650850931803369, -12.35748240152992 ], [ -51.654166666666647, -12.358333333333306 ], [ -51.654166666666647, -12.3625 ], [ -51.654166666666647, -12.370833333333305 ], [ -51.657421366373683, -12.371599833170546 ], [ -51.658862813313782, -12.375940789116726 ], [ -51.654696146647119, -12.381085035535996 ], [ -51.654166666666647, -12.391666666666639 ], [ -51.654790242513002, -12.403257412380615 ], [ -51.658333333333317, -12.404166666666638 ], [ -51.657980007595469, -12.414924452039902 ], [ -51.654181247287312, -12.41875 ], [ -51.65831875271266, -12.422916666666639 ], [ -51.653813340928799, -12.427453782823322 ], [ -51.654519992404495, -12.439924452039904 ], [ -51.657980007595469, -12.443408881293376 ], [ -51.658686659071165, -12.452424452039903 ], [ -51.662146674262132, -12.455908881293375 ], [ -51.6625, -12.458333333333306 ], [ -51.662853325737828, -12.460757785373236 ], [ -51.666313340928802, -12.464242214626708 ], [ -51.66666666666665, -12.46666666666664 ], [ -51.66666666666665, -12.470833333333307 ], [ -51.663161214192691, -12.471732923719591 ], [ -51.6625, -12.479166666666639 ], [ -51.66181369357637, -12.490827433268201 ], [ -51.656326802571598, -12.495215691460476 ], [ -51.649382358127156, -12.497201199001708 ], [ -51.650617641872813, -12.506326802571587 ], [ -51.657715691460488, -12.514506530761691 ], [ -51.659135945638006, -12.524264865451361 ], [ -51.672993469238264, -12.525617641872802 ], [ -51.677006530761702, -12.52854902479381 ], [ -51.68256513807507, -12.53013831244572 ], [ -51.684135945638005, -12.540931532118028 ], [ -51.699196709526895, -12.542401801215251 ], [ -51.707715691460486, -12.552006530761691 ], [ -51.709259711371509, -12.557406955295113 ], [ -51.71594950358071, -12.559319559733046 ], [ -51.716666666666647, -12.56666666666664 ], [ -51.717019992404495, -12.56909111870657 ], [ -51.724646674262132, -12.576742214626709 ], [ -51.725, -12.579166666666641 ], [ -51.724646674262132, -12.581591118706571 ], [ -51.716313340928799, -12.589951070149713 ], [ -51.7170216878255, -12.602453782823325 ], [ -51.722575547960055, -12.60798000759546 ], [ -51.727424452039912, -12.608686659071154 ], [ -51.739242214626721, -12.620480007595461 ], [ -51.745833333333316, -12.620833333333307 ], [ -51.748257785373248, -12.621186659071155 ], [ -51.751742214626717, -12.624646674262127 ], [ -51.754166666666649, -12.625 ], [ -51.753813340928801, -12.635757785373238 ], [ -51.750353325737834, -12.63924221462671 ], [ -51.749641927083317, -12.644123501247805 ], [ -51.744091118706578, -12.649646674262126 ], [ -51.741666666666653, -12.65 ], [ -51.742021518283401, -12.656620449489992 ], [ -51.747575547960054, -12.662146674262127 ], [ -51.7625, -12.6625 ], [ -51.7615283542209, -12.665898471408394 ], [ -51.74938235812715, -12.667666286892334 ], [ -51.75070970323349, -12.682344902886259 ], [ -51.7563268025716, -12.683950975206137 ], [ -51.760339864095037, -12.686882358127145 ], [ -51.770502217610662, -12.688361443413603 ], [ -51.774382358127156, -12.69367319742836 ], [ -51.775, -12.704166666666641 ], [ -51.778543090820293, -12.705075920952666 ], [ -51.779166666666647, -12.71666666666664 ], [ -51.779733954535573, -12.727210489908828 ], [ -51.782766045464392, -12.731122843424455 ], [ -51.783900621202243, -12.735543823242162 ], [ -51.788067287868905, -12.740920003255184 ], [ -51.786761305067259, -12.749120246039471 ], [ -51.783333333333317, -12.75 ], [ -51.78257480197481, -12.753220452202665 ], [ -51.777248297797293, -12.75780385335284 ], [ -51.772751702202676, -12.758862813313776 ], [ -51.76474829779729, -12.766137186686173 ], [ -51.750936889648422, -12.767277187771242 ], [ -51.749517991807707, -12.771832614474802 ], [ -51.753637186686184, -12.776918368869332 ], [ -51.754166666666649, -12.779166666666642 ], [ -51.783333333333317, -12.779166666666642 ], [ -51.786908637152763, -12.7800842285156 ], [ -51.788067287868905, -12.829913330078099 ], [ -51.783900621202243, -12.835289510091121 ], [ -51.782766045464392, -12.83971048990883 ], [ -51.779733954535573, -12.843622843424455 ], [ -51.779166666666647, -12.854166666666643 ], [ -51.781301710340692, -12.853523763020808 ], [ -51.785364956325935, -12.850642903645809 ], [ -51.793801710340695, -12.849357096354142 ], [ -51.797864956325938, -12.846476236979143 ], [ -51.819917805989569, -12.845190429687475 ], [ -51.820833333333319, -12.854166666666643 ], [ -51.825, -12.854166666666643 ], [ -51.824646674262134, -12.856591118706573 ], [ -51.820480007595471, -12.860786946614558 ], [ -51.821186659071167, -12.877424452039907 ], [ -51.824986097547729, -12.881250678168378 ], [ -51.817019992404497, -12.889242214626712 ], [ -51.816313340928801, -12.894091118706573 ], [ -51.812853325737834, -12.897575547960045 ], [ -51.8125, -12.916666666666643 ], [ -51.810289510091131, -12.917233954535567 ], [ -51.806377156575508, -12.920266045464386 ], [ -51.799432712131058, -12.922048272026885 ], [ -51.800567287868908, -12.948043823242164 ], [ -51.804733954535571, -12.953420003255184 ], [ -51.803599378797728, -12.956377156575497 ], [ -51.800567287868908, -12.960289510091123 ], [ -51.799432712131058, -12.968877156575498 ], [ -51.796400621202238, -12.972789510091122 ], [ -51.795266045464395, -12.981377156575498 ], [ -51.783900621202243, -12.993622843424456 ], [ -51.782365587022554, -12.999603949652755 ], [ -51.777210489908839, -13.00359937879772 ], [ -51.763473002115866, -13.004821438259526 ], [ -51.754733954535574, -13.01445617675779 ], [ -51.753315734863264, -13.019982571072026 ], [ -51.75, -13.020833333333311 ], [ -51.75062357584634, -13.032424248589386 ], [ -51.757482401529934, -13.034184095594595 ], [ -51.759253099229582, -13.041083780924456 ], [ -51.76862284342446, -13.049432712131054 ], [ -51.778247239854586, -13.050704277886261 ], [ -51.782766045464392, -13.056122843424456 ], [ -51.783900621202243, -13.073043823242164 ], [ -51.788067287868905, -13.078420003255186 ], [ -51.786932712131062, -13.081377156575499 ], [ -51.783802117241734, -13.085416666666644 ], [ -51.786932712131062, -13.089456176757789 ], [ -51.788208516438786, -13.099112616644943 ], [ -51.79166666666665, -13.1 ], [ -51.791313340928802, -13.102424452039909 ], [ -51.787146674262139, -13.106620279947894 ], [ -51.787853325737828, -13.114924452039908 ], [ -51.791313340928802, -13.11840888129338 ], [ -51.792019992404498, -13.123257785373241 ], [ -51.795480007595472, -13.126742214626713 ], [ -51.796186659071161, -13.139924452039908 ], [ -51.803813340928805, -13.147575547960047 ], [ -51.804166666666653, -13.158333333333312 ], [ -51.803315734863261, -13.161649237738693 ], [ -51.8, -13.1625 ], [ -51.800926378038177, -13.16574028862845 ], [ -51.808219401041647, -13.167825317382791 ], [ -51.811882358127157, -13.17283969455293 ], [ -51.813117641872815, -13.181326972113693 ], [ -51.81604902479382, -13.18533969455293 ], [ -51.817372300889744, -13.203359646267339 ], [ -51.82819502088757, -13.204935031466992 ], [ -51.829166666666652, -13.208333333333311 ], [ -51.829519992404499, -13.210757785373243 ], [ -51.832980007595467, -13.214242214626715 ], [ -51.833333333333314, -13.216666666666645 ], [ -51.830876498752154, -13.217024739583312 ], [ -51.825353325737829, -13.222575547960048 ], [ -51.825, -13.229166666666645 ], [ -51.824646674262134, -13.231591118706575 ], [ -51.821186659071167, -13.235075547960047 ], [ -51.820833333333319, -13.2375 ], [ -51.820833333333319, -13.241666666666646 ], [ -51.820833333333319, -13.245833333333312 ], [ -51.820833333333319, -13.25 ], [ -51.816666666666649, -13.25 ], [ -51.816313340928801, -13.260757785373244 ], [ -51.812853325737834, -13.264242214626716 ], [ -51.812146674262138, -13.269091118706577 ], [ -51.803813340928805, -13.277450900607619 ], [ -51.804519992404494, -13.289924452039909 ], [ -51.808686659071164, -13.294120279947895 ], [ -51.807980007595468, -13.298257785373243 ], [ -51.804519992404494, -13.301742214626715 ], [ -51.803813340928805, -13.319091118706577 ], [ -51.800353325737831, -13.322575547960049 ], [ -51.8, -13.325 ], [ -51.800353325737831, -13.331591118706577 ], [ -51.803813340928805, -13.335075547960049 ], [ -51.804519992404494, -13.344091118706576 ], [ -51.807980007595468, -13.347575547960048 ], [ -51.808333333333316, -13.35 ], [ -51.81054382324217, -13.350567287868904 ], [ -51.814456176757794, -13.353599378797723 ], [ -51.828267076280369, -13.354827880859354 ], [ -51.829166666666652, -13.358333333333313 ], [ -51.828599378797726, -13.377210489908833 ], [ -51.821400621202244, -13.385289510091125 ], [ -51.820266045464393, -13.389710489908834 ], [ -51.81609937879773, -13.395086669921856 ], [ -51.817233954535574, -13.402210489908834 ], [ -51.828599378797726, -13.414456176757792 ], [ -51.829869588216127, -13.424070909288174 ], [ -51.839456176757793, -13.43276604546439 ], [ -51.845250447591127, -13.43425292968748 ], [ -51.854532538519948, -13.444670274522551 ], [ -51.85, -13.445833333333313 ], [ -51.849032253689217, -13.449603949652758 ], [ -51.843877156575502, -13.453599378797723 ], [ -51.825979105631497, -13.454799397786438 ], [ -51.820516628689219, -13.461349487304668 ], [ -51.825, -13.4625 ], [ -51.825967746310745, -13.466270616319425 ], [ -51.83112284342446, -13.47026604546439 ], [ -51.840779283311619, -13.471541680230015 ], [ -51.842233954535573, -13.477210489908835 ], [ -51.846400621202243, -13.482586669921856 ], [ -51.845266045464392, -13.485543823242168 ], [ -51.842233954535573, -13.489456176757793 ], [ -51.841666666666647, -13.5 ], [ -51.835075547960052, -13.500353325737828 ], [ -51.827424452039914, -13.507980007595467 ], [ -51.822575547960056, -13.508686659071161 ], [ -51.819091118706581, -13.512146674262134 ], [ -51.8125, -13.5125 ], [ -51.812853325737834, -13.514924452039912 ], [ -51.820480007595471, -13.52257554796005 ], [ -51.820833333333319, -13.529166666666647 ], [ -51.821186659071167, -13.531591118706578 ], [ -51.832980007595467, -13.543408881293384 ], [ -51.833686659071162, -13.548257785373245 ], [ -51.837146674262137, -13.551742214626717 ], [ -51.8375, -13.5625 ], [ -51.8375, -13.566666666666649 ], [ -51.843877156575502, -13.56723395453557 ], [ -51.853534783257359, -13.575993855794252 ], [ -51.854733954535575, -13.593877156575502 ], [ -51.858729214138435, -13.599032253689217 ], [ -51.865992906358493, -13.600896538628454 ], [ -51.867233954535571, -13.61324666341144 ], [ -51.8622353447808, -13.619696044921856 ], [ -51.868877156575508, -13.621400621202238 ], [ -51.872789510091131, -13.624432712131059 ], [ -51.875, -13.625 ], [ -51.875, -13.641666666666648 ], [ -51.87721048990884, -13.642233954535572 ], [ -51.885289510091127, -13.649432712131059 ], [ -51.898043823242169, -13.650567287868906 ], [ -51.903462388780369, -13.655086263020815 ], [ -51.904733954535573, -13.664710489908837 ], [ -51.907766045464392, -13.668622843424462 ], [ -51.909249030219172, -13.674401516384531 ], [ -51.929166666666653, -13.675 ], [ -51.929519992404501, -13.672575547960051 ], [ -51.932980007595468, -13.669091118706579 ], [ -51.933686659071164, -13.660075547960052 ], [ -51.939212883843304, -13.654521687825502 ], [ -51.952424452039914, -13.653813340928801 ], [ -51.955908881293389, -13.650353325737829 ], [ -51.958333333333314, -13.65 ], [ -51.959232923719604, -13.65350545247394 ], [ -51.966666666666654, -13.654166666666649 ], [ -51.967586432562918, -13.657750447591127 ], [ -51.976956176757795, -13.666099378797725 ], [ -51.981377156575505, -13.667233954535572 ], [ -51.985289510091128, -13.670266045464391 ], [ -51.99804382324217, -13.671400621202238 ], [ -52.001956176757801, -13.674432712131058 ], [ -52.011612616644953, -13.675708346896684 ], [ -52.013467746310752, -13.682937282986092 ], [ -52.018622843424467, -13.686932712131059 ], [ -52.024604119194862, -13.688467746310746 ], [ -52.028599378797729, -13.69362284342446 ], [ -52.030017598470039, -13.699149237738698 ], [ -52.035543823242172, -13.700567287868907 ], [ -52.039456176757795, -13.703599378797726 ], [ -52.04166666666665, -13.704166666666648 ], [ -52.058333333333316, -13.704166666666648 ], [ -52.058686659071164, -13.70659111870658 ], [ -52.062146674262138, -13.710075547960052 ], [ -52.062853325737834, -13.714924452039913 ], [ -52.067019992404497, -13.7191202799479 ], [ -52.066313340928808, -13.723257785373246 ], [ -52.057980007595475, -13.731617567274288 ], [ -52.058687676323771, -13.75245327419703 ], [ -52.064242214626724, -13.757980007595469 ], [ -52.073257785373251, -13.758686659071163 ], [ -52.080908881293389, -13.766313340928802 ], [ -52.083333333333321, -13.76666666666665 ], [ -52.095833333333303, -13.76666666666665 ], [ -52.097955661349815, -13.767322116427934 ], [ -52.106211005316823, -13.774344550238698 ], [ -52.11045566134981, -13.775655449761267 ], [ -52.114544338650163, -13.778511216905365 ], [ -52.133577473958319, -13.780001152886268 ], [ -52.129822116427938, -13.78537767198349 ], [ -52.128511216905366, -13.787745836045989 ], [ -52.132677883572036, -13.793711005316823 ], [ -52.133988783094601, -13.79795566134981 ], [ -52.136844550238699, -13.802044338650157 ], [ -52.138155449761271, -13.806288994683143 ], [ -52.141011216905369, -13.81037767198349 ], [ -52.142322116427934, -13.812745836045991 ], [ -52.138155449761271, -13.818711005316823 ], [ -52.1375, -13.825 ], [ -52.137145148383233, -13.8316202799479 ], [ -52.131591118706581, -13.837146674262137 ], [ -52.118379550509971, -13.837855021158838 ], [ -52.112146674262142, -13.844118923611095 ], [ -52.112853325737831, -13.848257785373248 ], [ -52.117019992404501, -13.852453613281234 ], [ -52.116313340928805, -13.864924452039915 ], [ -52.112853325737831, -13.868408881293387 ], [ -52.1125, -13.87916666666665 ], [ -52.09670257568358, -13.879776000976547 ], [ -52.095631917317696, -13.884552001953109 ], [ -52.099541049533407, -13.889595879448768 ], [ -52.08390062120224, -13.906122843424463 ], [ -52.082365587022558, -13.912103949652762 ], [ -52.077210489908843, -13.916099378797727 ], [ -52.070568678114135, -13.91780395507811 ], [ -52.074531216091565, -13.922916666666652 ], [ -52.071400621202244, -13.926956176757797 ], [ -52.070833333333319, -13.929166666666651 ], [ -52.069982401529934, -13.932482571072033 ], [ -52.066666666666649, -13.933333333333318 ], [ -52.067019992404497, -13.939924452039898 ], [ -52.070480007595471, -13.943408881293371 ], [ -52.070833333333319, -13.958333333333302 ], [ -52.073257785373251, -13.958686659071148 ], [ -52.076742214626719, -13.962146674262121 ], [ -52.0875, -13.9625 ], [ -52.087853325737832, -13.969091118706565 ], [ -52.091313340928806, -13.972575547960037 ], [ -52.091666666666654, -13.975 ], [ -52.095833333333317, -13.975 ], [ -52.096494547526028, -13.982433742947016 ], [ -52.1, -13.983333333333302 ], [ -52.103315904405349, -13.982482401529916 ], [ -52.104733954535561, -13.976956176757781 ], [ -52.109284803602399, -13.971499294704829 ], [ -52.121845160590247, -13.970266045464378 ], [ -52.139456176757783, -13.986932712131045 ], [ -52.144982571072021, -13.988350931803353 ], [ -52.146400621202226, -13.99387715657549 ], [ -52.149432712131045, -13.997789510091115 ], [ -52.15, -14.004166666666634 ], [ -52.150642903645803, -14.006301710340681 ], [ -52.1535237630208, -14.010364956325924 ], [ -52.154938083224799, -14.024228583441809 ], [ -52.1625, -14.025 ], [ -52.169091118706568, -14.025353325737816 ], [ -52.172917344835042, -14.02915293375648 ], [ -52.185075547960039, -14.017019992404483 ], [ -52.205879720052053, -14.016313340928788 ], [ -52.210075547960038, -14.020480007595456 ], [ -52.214924452039902, -14.02118665907115 ], [ -52.218408881293371, -14.024646674262122 ], [ -52.227424452039898, -14.025353325737816 ], [ -52.230908881293374, -14.028813340928789 ], [ -52.235757785373238, -14.029519992404483 ], [ -52.239242214626707, -14.032980007595455 ], [ -52.252424452039904, -14.033686659071149 ], [ -52.25625, -14.037485419379308 ], [ -52.260075547960042, -14.033686659071149 ], [ -52.272546386718723, -14.032980007595455 ], [ -52.276742214626708, -14.037146674262122 ], [ -52.27916666666664, -14.0375 ], [ -52.280066257052923, -14.041005452473927 ], [ -52.2875, -14.041666666666636 ], [ -52.323043823242159, -14.042233954535559 ], [ -52.328198920355874, -14.046229214138425 ], [ -52.329733954535563, -14.052210489908823 ], [ -52.332766045464382, -14.056122843424449 ], [ -52.333900621202226, -14.060543823242156 ], [ -52.338491821289033, -14.066049194335907 ], [ -52.361285061306397, -14.06723395453556 ], [ -52.363067287868894, -14.060289510091115 ], [ -52.36820203993053, -14.054132419162295 ], [ -52.376956176757787, -14.061932712131046 ], [ -52.379166666666642, -14.0625 ], [ -52.381591118706567, -14.062146674262122 ], [ -52.385075547960042, -14.058686659071149 ], [ -52.389216444227401, -14.057980007595456 ], [ -52.401742214626708, -14.070480007595455 ], [ -52.406591118706572, -14.071186659071149 ], [ -52.410075547960041, -14.074646674262123 ], [ -52.416666666666636, -14.075 ], [ -52.417019992404484, -14.081591118706566 ], [ -52.420480007595458, -14.085075547960038 ], [ -52.421186659071154, -14.089924452039901 ], [ -52.428813340928791, -14.097575547960039 ], [ -52.429166666666639, -14.104166666666636 ], [ -52.430066257052921, -14.107672119140595 ], [ -52.443877156575496, -14.108900621202226 ], [ -52.447916666666643, -14.11203121609155 ], [ -52.453420003255182, -14.107766045464379 ], [ -52.456377156575492, -14.108900621202226 ], [ -52.460289510091116, -14.111932712131047 ], [ -52.46666666666664, -14.1125 ], [ -52.467233954535565, -14.114710489908823 ], [ -52.470266045464385, -14.118622843424449 ], [ -52.471400621202228, -14.123043823242156 ], [ -52.474432712131048, -14.126956176757782 ], [ -52.47585076226126, -14.132482401529918 ], [ -52.482482571072019, -14.134184265136689 ], [ -52.483333333333306, -14.1375 ], [ -52.494091118706571, -14.137853325737817 ], [ -52.497575547960039, -14.141313340928789 ], [ -52.514216444227401, -14.142019992404483 ], [ -52.526742214626708, -14.129519992404484 ], [ -52.543379720052059, -14.12881334092879 ], [ -52.547575547960044, -14.132980007595457 ], [ -52.569091118706574, -14.133686659071151 ], [ -52.572575547960042, -14.137146674262123 ], [ -52.581591118706569, -14.137853325737817 ], [ -52.585075547960045, -14.141313340928789 ], [ -52.589213053385393, -14.142019992404483 ], [ -52.593408881293378, -14.137853325737817 ], [ -52.6, -14.1375 ], [ -52.600567287868898, -14.14387715657549 ], [ -52.603599378797718, -14.147789510091116 ], [ -52.605017428927923, -14.153315734863252 ], [ -52.608333333333306, -14.154166666666637 ], [ -52.623043823242163, -14.15473395453556 ], [ -52.626956176757787, -14.157766045464379 ], [ -52.643877156575492, -14.158900621202227 ], [ -52.647789510091123, -14.161932712131046 ], [ -52.660543823242165, -14.163067287868893 ], [ -52.668622843424451, -14.170266045464381 ], [ -52.67304382324216, -14.171400621202228 ], [ -52.681122843424454, -14.178599378797713 ], [ -52.685543823242163, -14.179733954535561 ], [ -52.693622843424457, -14.186932712131046 ], [ -52.714710489908832, -14.188067287868893 ], [ -52.718622843424455, -14.191099378797713 ], [ -52.728279283311608, -14.192375183105439 ], [ -52.729733954535568, -14.198043823242157 ], [ -52.73429328070744, -14.203510708279051 ], [ -52.748043823242163, -14.204733954535561 ], [ -52.751956176757787, -14.20776604546438 ], [ -52.756377156575496, -14.208900621202227 ], [ -52.76028951009112, -14.211932712131047 ], [ -52.773043823242162, -14.213067287868894 ], [ -52.776956176757785, -14.216099378797713 ], [ -52.789710489908828, -14.21723395453556 ], [ -52.79375, -14.220364549424884 ], [ -52.797789510091121, -14.21723395453556 ], [ -52.811600409613689, -14.216005452473929 ], [ -52.8125, -14.2125 ], [ -52.820833333333312, -14.2125 ], [ -52.821463690863688, -14.214647589789466 ], [ -52.824369642469591, -14.218685743543807 ], [ -52.825630357530358, -14.222980923122801 ], [ -52.829797024197028, -14.228770446777315 ], [ -52.828308105468729, -14.236696879068981 ], [ -52.817659505208312, -14.238283114963078 ], [ -52.816036309136258, -14.243814256456133 ], [ -52.813083902994769, -14.247916666666637 ], [ -52.817297024197025, -14.253770446777315 ], [ -52.815884060329836, -14.265962049696151 ], [ -52.804166666666646, -14.266666666666637 ], [ -52.795833333333306, -14.266666666666637 ], [ -52.796684095594593, -14.269982401529919 ], [ -52.8, -14.270833333333304 ], [ -52.800353325737824, -14.285757785373235 ], [ -52.807980007595461, -14.293408881293374 ], [ -52.808686659071157, -14.298257785373234 ], [ -52.812146674262131, -14.301742214626707 ], [ -52.8125, -14.3125 ], [ -52.81214192708331, -14.314956834581135 ], [ -52.806591118706571, -14.320480007595457 ], [ -52.804166666666646, -14.320833333333304 ], [ -52.803813340928798, -14.323257785373235 ], [ -52.787853325737821, -14.339242214626708 ], [ -52.7875, -14.341666666666638 ], [ -52.787853325737821, -14.356591118706568 ], [ -52.791313340928795, -14.36007554796004 ], [ -52.792019992404491, -14.369091118706569 ], [ -52.795480007595458, -14.372575547960041 ], [ -52.796189032660564, -14.381621127658391 ], [ -52.801742214626714, -14.387146674262125 ], [ -52.816666666666642, -14.3875 ], [ -52.816313340928794, -14.389924452039903 ], [ -52.812146674262131, -14.394120449489989 ], [ -52.812853325737819, -14.406591118706569 ], [ -52.816313340928794, -14.410075547960041 ], [ -52.817019992404489, -14.41909111870657 ], [ -52.829519992404492, -14.431616889105875 ], [ -52.828813340928797, -14.439924452039904 ], [ -52.825014580620632, -14.44375 ], [ -52.828813340928797, -14.447575547960042 ], [ -52.829166666666644, -14.45 ], [ -52.829519992404492, -14.452424452039903 ], [ -52.832980007595459, -14.455908881293375 ], [ -52.833333333333307, -14.458333333333306 ], [ -52.843826972113689, -14.458950975206136 ], [ -52.852006361219594, -14.46604902479381 ], [ -52.857564968532962, -14.467638312445718 ], [ -52.858950805664037, -14.477160135904921 ], [ -52.863355509440083, -14.482667202419677 ], [ -52.893826972113693, -14.483950975206136 ], [ -52.897839694552928, -14.486882358127144 ], [ -52.920023939344595, -14.488188001844591 ], [ -52.921640353732613, -14.499294365776883 ], [ -52.939660305447028, -14.500617641872802 ], [ -52.943673027886263, -14.503549024793809 ], [ -52.94799363878036, -14.50478430853947 ], [ -52.956173027886258, -14.511882358127142 ], [ -52.960493638780356, -14.513117641872803 ], [ -52.964506361219591, -14.51604902479381 ], [ -52.970116170247373, -14.51765289306638 ], [ -52.971450805664041, -14.531326802571588 ], [ -52.974382527669249, -14.535339864095025 ], [ -52.975617472330704, -14.539660135904921 ], [ -52.978549194335912, -14.543673197428358 ], [ -52.980093044704837, -14.549073621961778 ], [ -52.983333333333313, -14.55 ], [ -52.983686659071161, -14.556591118706571 ], [ -52.991313340928798, -14.564242214626709 ], [ -52.991666666666646, -14.56666666666664 ], [ -52.992019992404494, -14.56909111870657 ], [ -52.995480007595461, -14.572575547960042 ], [ -52.995833333333309, -14.575 ], [ -52.995833333333309, -14.579166666666641 ], [ -52.996186659071157, -14.581591118706571 ], [ -53.003813340928794, -14.58924221462671 ], [ -53.004519992404489, -14.59409111870657 ], [ -53.007980007595464, -14.597575547960043 ], [ -53.008333333333312, -14.6 ], [ -53.010543823242166, -14.600567287868897 ], [ -53.01445617675779, -14.603599378797718 ], [ -53.018877156575499, -14.604733954535565 ], [ -53.022916666666646, -14.607864549424887 ], [ -53.026956176757793, -14.604733954535565 ], [ -53.042516750759525, -14.603599378797718 ], [ -53.04929572211369, -14.609252760145374 ], [ -53.050567287868901, -14.618877156575495 ], [ -53.059232923719598, -14.628431193033828 ], [ -53.067413330078104, -14.629733954535563 ], [ -53.073862711588518, -14.62473534478079 ], [ -53.075850762261261, -14.632482401529922 ], [ -53.081377156575499, -14.63390062120223 ], [ -53.085289510091123, -14.636932712131051 ], [ -53.089710489908832, -14.638067287868898 ], [ -53.093622843424455, -14.641099378797717 ], [ -53.109079996744768, -14.642233954535564 ], [ -53.114456176757791, -14.638067287868898 ], [ -53.120833333333309, -14.6375 ], [ -53.125, -14.6375 ], [ -53.125850762261265, -14.634184265136692 ], [ -53.132482571072025, -14.632482401529922 ], [ -53.134184095594598, -14.62585093180336 ], [ -53.1375, -14.625 ], [ -53.140815904405358, -14.62585093180336 ], [ -53.142517428927931, -14.632482401529922 ], [ -53.148043823242169, -14.63390062120223 ], [ -53.160289510091125, -14.645266045464384 ], [ -53.166666666666643, -14.645833333333307 ], [ -53.167666286892342, -14.642337375216988 ], [ -53.192135789659268, -14.64104902479381 ], [ -53.199051411946591, -14.646100701226102 ], [ -53.20061764187281, -14.635339864095027 ], [ -53.203549024793816, -14.631326802571589 ], [ -53.205175781249977, -14.625637308756485 ], [ -53.268826802571596, -14.624382358127143 ], [ -53.272839864095033, -14.621450975206137 ], [ -53.289660135904924, -14.620215691460476 ], [ -53.297839864095032, -14.613117641872805 ], [ -53.303240288628452, -14.61157362196178 ], [ -53.304166666666646, -14.608333333333306 ], [ -53.307482401529924, -14.609184265136692 ], [ -53.308900621202234, -14.614710489908827 ], [ -53.311932712131053, -14.618622843424452 ], [ -53.313067287868904, -14.627210489908828 ], [ -53.316099378797723, -14.631122843424453 ], [ -53.317233954535567, -14.646579996744766 ], [ -53.313067287868904, -14.651956176757785 ], [ -53.311932712131053, -14.665451727973064 ], [ -53.318877156575503, -14.667233954535565 ], [ -53.322789510091127, -14.670266045464384 ], [ -53.344924079047289, -14.67145690917966 ], [ -53.34583333333331, -14.675 ], [ -53.348257785373242, -14.675353325737822 ], [ -53.353812154134097, -14.680879889594159 ], [ -53.354519992404491, -14.697546217176624 ], [ -53.350014580620638, -14.702083333333308 ], [ -53.353813340928802, -14.705908881293377 ], [ -53.354519992404491, -14.710757785373238 ], [ -53.357980007595465, -14.714242214626712 ], [ -53.358333333333313, -14.720833333333308 ], [ -53.360757785373245, -14.721186659071154 ], [ -53.364242214626714, -14.724646674262127 ], [ -53.377424452039911, -14.725353325737821 ], [ -53.382978481716563, -14.730879550509957 ], [ -53.383333333333312, -14.7375 ], [ -53.402424452039909, -14.737146674262128 ], [ -53.410075547960048, -14.729519992404489 ], [ -53.414212883843298, -14.728813340928793 ], [ -53.418408881293381, -14.732980007595462 ], [ -53.420833333333313, -14.733333333333308 ], [ -53.423043823242168, -14.733900621202231 ], [ -53.426956176757791, -14.73693271213105 ], [ -53.44909074571396, -14.738123575846329 ], [ -53.450850931803366, -14.744982401529922 ], [ -53.456377156575499, -14.746400621202232 ], [ -53.46028951009113, -14.749432712131052 ], [ -53.485543823242168, -14.750567287868899 ], [ -53.497789510091124, -14.761932712131051 ], [ -53.5, -14.7625 ], [ -53.510757785373244, -14.762853325737822 ], [ -53.522575547960052, -14.774646674262128 ], [ -53.54166666666665, -14.775 ], [ -53.544091118706575, -14.775353325737822 ], [ -53.547575547960051, -14.778813340928794 ], [ -53.552424452039915, -14.779519992404488 ], [ -53.560075547960054, -14.787146674262129 ], [ -53.5625, -14.7875 ], [ -53.563271416558138, -14.795061916775149 ], [ -53.570833333333312, -14.795833333333309 ], [ -53.573043823242166, -14.795266045464384 ], [ -53.576956176757797, -14.792233954535565 ], [ -53.588246663411439, -14.791099378797718 ], [ -53.593622843424463, -14.795266045464384 ], [ -53.596579996744772, -14.796400621202231 ], [ -53.603198920355887, -14.791270785861521 ], [ -53.60506303575302, -14.784007093641469 ], [ -53.617413330078108, -14.782766045464385 ], [ -53.622789510091131, -14.786932712131051 ], [ -53.630154758029498, -14.788067287868898 ], [ -53.64362284342446, -14.775567287868899 ], [ -53.645833333333314, -14.775 ], [ -53.645833333333314, -14.766666666666641 ], [ -53.646684265136699, -14.763350931803361 ], [ -53.65, -14.7625 ], [ -53.660757785373249, -14.762853325737822 ], [ -53.668408881293388, -14.770480007595461 ], [ -53.670833333333313, -14.770833333333307 ], [ -53.670225863986531, -14.786586676703534 ], [ -53.663350931803365, -14.788350931803361 ], [ -53.661932712131062, -14.793877156575496 ], [ -53.658900621202243, -14.797789510091121 ], [ -53.658333333333317, -14.8125 ], [ -53.659548272026889, -14.817233954535565 ], [ -53.664710489908835, -14.816099378797718 ], [ -53.670086669921858, -14.811932712131052 ], [ -53.693877156575503, -14.813067287868899 ], [ -53.697789510091127, -14.816099378797718 ], [ -53.702210489908836, -14.817233954535565 ], [ -53.70612284342446, -14.820266045464384 ], [ -53.719933742947035, -14.821494547526017 ], [ -53.721801079644081, -14.82877078586152 ], [ -53.726956176757795, -14.832766045464385 ], [ -53.739710489908838, -14.833900621202233 ], [ -53.743622843424461, -14.836932712131052 ], [ -53.753233506944426, -14.838202412923152 ], [ -53.766099378797726, -14.851956176757788 ], [ -53.767554050021687, -14.857624986436608 ], [ -53.778279283311619, -14.85904168023001 ], [ -53.779733954535573, -14.86471048990883 ], [ -53.782766045464392, -14.868622843424454 ], [ -53.783333333333317, -14.870833333333309 ], [ -53.81054382324217, -14.870266045464385 ], [ -53.814456176757794, -14.867233954535566 ], [ -53.835543823242169, -14.866099378797719 ], [ -53.839456176757793, -14.863067287868899 ], [ -53.848785061306408, -14.861932712131052 ], [ -53.85, -14.866666666666642 ], [ -53.852424452039912, -14.866313340928794 ], [ -53.855908881293388, -14.862853325737824 ], [ -53.866666666666653, -14.8625 ], [ -53.874100409613696, -14.863161214192683 ], [ -53.87585093180337, -14.869982571072024 ], [ -53.879166666666649, -14.870833333333309 ], [ -53.883333333333319, -14.870833333333309 ], [ -53.8875, -14.870833333333309 ], [ -53.888067287868907, -14.873043823242163 ], [ -53.895266045464396, -14.881122843424455 ], [ -53.896732923719604, -14.886838785807267 ], [ -53.911600409613698, -14.888161214192685 ], [ -53.913467746310751, -14.895437282986087 ], [ -53.920086669921858, -14.900567287868899 ], [ -53.923043823242175, -14.899432712131052 ], [ -53.936511908637137, -14.886932712131053 ], [ -53.93971048990884, -14.8880672878689 ], [ -53.956122843424467, -14.903599378797718 ], [ -53.960543823242169, -14.904733954535565 ], [ -53.9644561767578, -14.907766045464385 ], [ -53.968877156575509, -14.908900621202232 ], [ -53.974253336588525, -14.9130672878689 ], [ -53.978355746799032, -14.911493259006052 ], [ -53.97916666666665, -14.90833333333331 ], [ -53.981591118706582, -14.907980007595462 ], [ -53.987141927083321, -14.90245700412324 ], [ -53.987853325737831, -14.897575547960045 ], [ -53.993379550509971, -14.892021687825498 ], [ -54.0, -14.891666666666643 ], [ -54.00085093180337, -14.888350762261261 ], [ -54.007688903808578, -14.886596001519074 ], [ -54.008900621202244, -14.87008666992185 ], [ -54.004733954535574, -14.86471048990883 ], [ -54.00359937879773, -14.861562771267337 ], [ -54.013082885742172, -14.850919596354142 ], [ -54.018877156575506, -14.849432712131051 ], [ -54.02278951009113, -14.846400621202232 ], [ -54.025, -14.845833333333308 ], [ -54.025850931803369, -14.84914923773869 ], [ -54.031377156575509, -14.850567287868898 ], [ -54.048988342285142, -14.867233954535566 ], [ -54.052210489908838, -14.866099378797719 ], [ -54.056122843424461, -14.863067287868899 ], [ -54.06054382324217, -14.861932712131052 ], [ -54.068622843424464, -14.854733954535565 ], [ -54.073043823242173, -14.853599378797718 ], [ -54.076956176757797, -14.850567287868898 ], [ -54.083333333333321, -14.85 ], [ -54.08390062120224, -14.839456176757787 ], [ -54.091099378797729, -14.831377156575495 ], [ -54.092233954535573, -14.826956176757788 ], [ -54.095266045464399, -14.823043823242163 ], [ -54.096440802680107, -14.792579989963082 ], [ -54.102210489908842, -14.791099378797718 ], [ -54.110289510091135, -14.783900621202232 ], [ -54.116666666666639, -14.783333333333308 ], [ -54.131591118706567, -14.78298000759546 ], [ -54.135075547960042, -14.779519992404488 ], [ -54.139924452039899, -14.778813340928794 ], [ -54.143408881293375, -14.775353325737822 ], [ -54.147546386718723, -14.774646674262128 ], [ -54.151742214626708, -14.778813340928794 ], [ -54.160757785373235, -14.779519992404488 ], [ -54.168408881293374, -14.787146674262129 ], [ -54.172546386718722, -14.787853325737823 ], [ -54.176742214626707, -14.783686659071156 ], [ -54.179166666666639, -14.783333333333308 ], [ -54.180017428927925, -14.786649068196589 ], [ -54.185543823242156, -14.788067287868898 ], [ -54.19362284342445, -14.795266045464384 ], [ -54.198043823242159, -14.796400621202231 ], [ -54.207396104600662, -14.804733954535566 ], [ -54.228163994683129, -14.803544786241295 ], [ -54.23693271213105, -14.793877156575496 ], [ -54.2375, -14.791666666666641 ], [ -54.244933742947019, -14.79232788085935 ], [ -54.246684095594588, -14.79914906819659 ], [ -54.25, -14.8 ], [ -54.253458319769933, -14.800887383355009 ], [ -54.254875013563336, -14.81161261664494 ], [ -54.258333333333304, -14.8125 ], [ -54.291666666666636, -14.8125 ], [ -54.293877156575491, -14.811932712131052 ], [ -54.297789510091114, -14.808900621202232 ], [ -54.302210489908823, -14.807766045464385 ], [ -54.306122843424447, -14.804733954535566 ], [ -54.311791653103271, -14.803279283311607 ], [ -54.313067287868897, -14.793622843424455 ], [ -54.316099378797716, -14.789710489908829 ], [ -54.317563205295109, -14.784007093641469 ], [ -54.329913330078099, -14.782766045464385 ], [ -54.335289510091116, -14.786932712131051 ], [ -54.359079996744761, -14.788067287868898 ], [ -54.364456176757784, -14.783900621202232 ], [ -54.371579996744764, -14.782766045464385 ], [ -54.376956176757787, -14.786932712131051 ], [ -54.385543823242159, -14.788067287868898 ], [ -54.390698920355874, -14.792062547471764 ], [ -54.392575751410561, -14.799376424153621 ], [ -54.40416666666664, -14.8 ], [ -54.40416666666664, -14.8125 ], [ -54.403813340928792, -14.814924452039905 ], [ -54.399646674262122, -14.819120449489994 ], [ -54.400353325737818, -14.827424452039907 ], [ -54.404152086045983, -14.83125 ], [ -54.399646674262122, -14.835787116156659 ], [ -54.400354682074628, -14.852453274197025 ], [ -54.405908881293378, -14.857980007595462 ], [ -54.414924452039905, -14.858686659071155 ], [ -54.418408881293374, -14.862146674262128 ], [ -54.423257785373238, -14.862853325737824 ], [ -54.426742214626707, -14.866313340928794 ], [ -54.433333333333309, -14.866666666666642 ], [ -54.445833333333304, -14.866666666666642 ], [ -54.446186659071152, -14.864242214626712 ], [ -54.455881076388863, -14.854521687825496 ], [ -54.468379720052056, -14.853813340928795 ], [ -54.472575547960041, -14.857980007595462 ], [ -54.475, -14.858333333333309 ], [ -54.495833333333309, -14.858333333333309 ], [ -54.496400621202227, -14.860543823242164 ], [ -54.499432712131046, -14.864456176757788 ], [ -54.500850762261258, -14.869982571072024 ], [ -54.507750447591121, -14.871752929687476 ], [ -54.516099378797719, -14.881122843424455 ], [ -54.516666666666637, -14.88333333333331 ], [ -54.523257785373239, -14.882980007595462 ], [ -54.526742214626708, -14.879519992404489 ], [ -54.533333333333303, -14.879166666666642 ], [ -54.534239027235216, -14.882695515950497 ], [ -54.55221048990883, -14.883900621202233 ], [ -54.556122843424454, -14.886932712131053 ], [ -54.561649237738692, -14.888350762261261 ], [ -54.56371493869355, -14.896400621202233 ], [ -54.573043823242159, -14.895266045464385 ], [ -54.577083333333306, -14.892135281032962 ], [ -54.581122843424453, -14.895266045464385 ], [ -54.585543823242162, -14.896400621202233 ], [ -54.589456176757785, -14.899432712131052 ], [ -54.593877156575495, -14.900567287868899 ], [ -54.597789510091118, -14.903599378797718 ], [ -54.615760972764733, -14.904804484049455 ], [ -54.616666666666639, -14.90833333333331 ], [ -54.627424452039904, -14.908686659071156 ], [ -54.630908881293379, -14.912146674262129 ], [ -54.635757785373237, -14.912853325737823 ], [ -54.639242214626712, -14.916313340928795 ], [ -54.648257785373239, -14.917019992404491 ], [ -54.651742214626708, -14.920480007595462 ], [ -54.65833333333331, -14.920833333333309 ], [ -54.661649237738686, -14.919982571072024 ], [ -54.6625, -14.916666666666643 ], [ -54.663029649522542, -14.8935852050781 ], [ -54.666137017144074, -14.889748128255185 ], [ -54.667196316189212, -14.881085205078101 ], [ -54.670303683810737, -14.877248128255184 ], [ -54.671362982855875, -14.864418538411433 ], [ -54.675529649522545, -14.859273952907962 ], [ -54.674087863498237, -14.854933336045983 ], [ -54.670833333333306, -14.854166666666643 ], [ -54.671684095594593, -14.85085076226126 ], [ -54.678315904405359, -14.84914923773869 ], [ -54.679733954535564, -14.843622843424455 ], [ -54.682766045464383, -14.83971048990883 ], [ -54.683900621202234, -14.835289510091121 ], [ -54.691099378797716, -14.827210489908829 ], [ -54.692233954535567, -14.81028951009112 ], [ -54.695364718966985, -14.80625 ], [ -54.692233954535567, -14.802210489908829 ], [ -54.690779283311606, -14.79654184977211 ], [ -54.681122843424454, -14.795266045464384 ], [ -54.668877156575498, -14.783900621202232 ], [ -54.663092719184, -14.782416280110652 ], [ -54.6625, -14.758333333333308 ], [ -54.6875, -14.758333333333308 ], [ -54.698257785373237, -14.758686659071156 ], [ -54.701742214626712, -14.762146674262127 ], [ -54.71666666666664, -14.7625 ], [ -54.717019992404488, -14.751742214626711 ], [ -54.720480007595462, -14.748257785373239 ], [ -54.72083333333331, -14.7375 ], [ -54.731591118706575, -14.737146674262128 ], [ -54.739242214626714, -14.729519992404489 ], [ -54.743379720052062, -14.728813340928793 ], [ -54.747575547960047, -14.732980007595462 ], [ -54.755879720052057, -14.733686659071155 ], [ -54.760075547960042, -14.729519992404489 ], [ -54.770833333333307, -14.729166666666641 ], [ -54.769982571072021, -14.725850931803361 ], [ -54.766666666666644, -14.725 ], [ -54.767233954535563, -14.72278951009112 ], [ -54.770364718966988, -14.71875 ], [ -54.767233954535563, -14.714710489908828 ], [ -54.766099378797719, -14.710289510091121 ], [ -54.757750447591121, -14.700919765896241 ], [ -54.751956176757787, -14.699432712131051 ], [ -54.74652540418834, -14.694903733995201 ], [ -54.745266045464383, -14.684548272026884 ], [ -54.752210489908826, -14.682766045464383 ], [ -54.757365587022548, -14.67877078586152 ], [ -54.759184095594591, -14.671684265136694 ], [ -54.764710489908829, -14.670266045464384 ], [ -54.768622843424453, -14.667233954535565 ], [ -54.792413330078098, -14.666099378797718 ], [ -54.797916666666644, -14.670364549424887 ], [ -54.802083333333307, -14.66713545057506 ], [ -54.806122843424454, -14.670266045464384 ], [ -54.813246663411434, -14.671400621202231 ], [ -54.818622843424457, -14.667233954535565 ], [ -54.831377156575499, -14.666099378797718 ], [ -54.841011895073763, -14.657360331217422 ], [ -54.842233954535565, -14.643622843424453 ], [ -54.845266045464385, -14.639710489908829 ], [ -54.84583333333331, -14.62916666666664 ], [ -54.875, -14.62916666666664 ], [ -54.875850762261258, -14.62585093180336 ], [ -54.881377156575496, -14.62443271213105 ], [ -54.885416666666643, -14.621302117241727 ], [ -54.88945617675779, -14.62443271213105 ], [ -54.90833333333331, -14.625 ], [ -54.9125, -14.625 ], [ -54.927424452039908, -14.625353325737821 ], [ -54.930908881293377, -14.628813340928794 ], [ -54.977424452039905, -14.629519992404488 ], [ -54.980908881293381, -14.63298000759546 ], [ -54.9875, -14.633333333333308 ], [ -55.045833333333313, -14.633333333333308 ], [ -55.098257785373242, -14.633686659071154 ], [ -55.101742214626711, -14.637146674262127 ], [ -55.110046386718729, -14.63785332573782 ], [ -55.114242214626714, -14.633686659071154 ], [ -55.191666666666649, -14.633333333333308 ], [ -55.225, -14.633333333333308 ], [ -55.227424452039912, -14.63298000759546 ], [ -55.230908881293381, -14.629519992404488 ], [ -55.248257785373241, -14.628813340928794 ], [ -55.255908881293379, -14.621186659071155 ], [ -55.2625, -14.620833333333307 ], [ -55.2625, -14.61666666666664 ], [ -55.275, -14.61666666666664 ], [ -55.279166666666647, -14.61666666666664 ], [ -55.279166666666647, -14.6125 ], [ -55.278549024793818, -14.610339864095025 ], [ -55.271450975206143, -14.602160135904921 ], [ -55.270215691460486, -14.593673197428359 ], [ -55.267284308539473, -14.589660135904921 ], [ -55.26574028862845, -14.584259711371502 ], [ -55.258630032009528, -14.582226901584175 ], [ -55.250617641872807, -14.572993469238254 ], [ -55.24938235812715, -14.568673197428359 ], [ -55.246450975206145, -14.564660135904921 ], [ -55.244971889919682, -14.554497782389296 ], [ -55.239660135904927, -14.550617641872803 ], [ -55.229901801215256, -14.549197387695285 ], [ -55.228549024793814, -14.535339864095025 ], [ -55.221450975206139, -14.527160135904921 ], [ -55.220158894856752, -14.500848727756049 ], [ -55.214660135904928, -14.496450975206136 ], [ -55.205138312445726, -14.495065138075059 ], [ -55.20324028862845, -14.488426378038167 ], [ -55.19783986409503, -14.486882358127144 ], [ -55.18966013590493, -14.479784308539468 ], [ -55.1875, -14.479166666666639 ], [ -55.164242214626711, -14.478813340928792 ], [ -55.160757785373242, -14.475353325737821 ], [ -55.15833333333331, -14.475 ], [ -55.157715691460481, -14.472839864095025 ], [ -55.154784138997371, -14.468826802571588 ], [ -55.153549194335916, -14.464506530761691 ], [ -55.150617472330708, -14.460493469238253 ], [ -55.149073621961783, -14.455093044704833 ], [ -55.143673027886265, -14.453549024793809 ], [ -55.13549363878036, -14.446450975206135 ], [ -55.125735134548592, -14.445030721028619 ], [ -55.124282836914041, -14.430152893066378 ], [ -55.11759304470484, -14.428240288628444 ], [ -55.115508015950496, -14.420947265624973 ], [ -55.110493638780362, -14.417284308539468 ], [ -55.106173027886264, -14.416049024793809 ], [ -55.102160305447029, -14.413117641872802 ], [ -55.097839694552931, -14.411882358127142 ], [ -55.081326972113693, -14.396450975206136 ], [ -55.077006361219595, -14.395215691460475 ], [ -55.064660305447028, -14.383950975206135 ], [ -55.05617302788626, -14.382715691460476 ], [ -55.052160305447025, -14.379784308539469 ], [ -55.045833333333313, -14.379166666666638 ], [ -55.045228407118032, -14.368660651312906 ], [ -55.041222805447028, -14.363258022732177 ], [ -55.042460123697893, -14.354886203341986 ], [ -55.05, -14.354166666666638 ], [ -55.04943271213105, -14.347789510091118 ], [ -55.046400621202231, -14.343877156575491 ], [ -55.044982571072026, -14.338350931803356 ], [ -55.039456176757788, -14.336932712131048 ], [ -55.035543823242165, -14.333900621202229 ], [ -55.031122843424455, -14.332766045464382 ], [ -55.023043823242162, -14.325567287868894 ], [ -55.01740553114147, -14.324120246039467 ], [ -55.016099378797719, -14.315920003255179 ], [ -55.020266045464389, -14.31054382324216 ], [ -55.021400621202233, -14.301956176757784 ], [ -55.024432712131052, -14.298043823242159 ], [ -55.025567287868903, -14.285289510091117 ], [ -55.036932712131055, -14.273043823242158 ], [ -55.0375, -14.266666666666637 ], [ -55.037146674262132, -14.264242214626707 ], [ -55.033686659071158, -14.260757785373235 ], [ -55.032980007595462, -14.255908881293374 ], [ -55.029519992404488, -14.252424452039902 ], [ -55.029166666666647, -14.25 ], [ -55.032482571072023, -14.249149068196585 ], [ -55.03333333333331, -14.245833333333303 ], [ -55.03333333333331, -14.2375 ], [ -55.033686659071158, -14.23507554796004 ], [ -55.039209662543378, -14.229524739583304 ], [ -55.044091118706575, -14.22881334092879 ], [ -55.049641927083314, -14.223290167914467 ], [ -55.050353325737824, -14.218408881293373 ], [ -55.064214409722197, -14.204522365993894 ], [ -55.072546386718727, -14.203813340928789 ], [ -55.076742214626712, -14.207980007595456 ], [ -55.110046386718729, -14.208686659071152 ], [ -55.114583333333314, -14.204181247287297 ], [ -55.118408881293384, -14.207980007595456 ], [ -55.123257785373241, -14.208686659071152 ], [ -55.126742214626717, -14.212146674262122 ], [ -55.1375, -14.2125 ], [ -55.15, -14.2125 ], [ -55.152424452039909, -14.212146674262122 ], [ -55.157975260416649, -14.206623501247801 ], [ -55.15833333333331, -14.204166666666637 ], [ -55.173043823242168, -14.204733954535561 ], [ -55.181122843424461, -14.211932712131047 ], [ -55.185543823242163, -14.213067287868894 ], [ -55.18958333333331, -14.216197882758216 ], [ -55.19375, -14.212968783908391 ], [ -55.197789510091127, -14.216099378797713 ], [ -55.206377156575499, -14.21723395453556 ], [ -55.211532253689214, -14.221229214138425 ], [ -55.213067287868903, -14.227210489908824 ], [ -55.217645772298155, -14.232700602213512 ], [ -55.235543823242168, -14.233900621202228 ], [ -55.239456176757791, -14.236932712131047 ], [ -55.245209757486961, -14.238409254285994 ], [ -55.245833333333309, -14.25 ], [ -55.2466842651367, -14.253315734863252 ], [ -55.25, -14.254166666666638 ], [ -55.270833333333314, -14.254166666666638 ], [ -55.277424452039909, -14.254519992404484 ], [ -55.280908881293385, -14.257980007595457 ], [ -55.306591118706578, -14.258686659071152 ], [ -55.310075547960047, -14.262146674262123 ], [ -55.360757785373245, -14.262853325737819 ], [ -55.364242214626714, -14.266313340928789 ], [ -55.373257785373241, -14.267019992404485 ], [ -55.376742214626717, -14.270480007595458 ], [ -55.379166666666649, -14.270833333333304 ], [ -55.389924452039914, -14.271186659071152 ], [ -55.393408881293382, -14.274646674262124 ], [ -55.406591118706579, -14.275353325737818 ], [ -55.410075547960048, -14.278813340928791 ], [ -55.419091118706575, -14.279519992404484 ], [ -55.422575547960051, -14.282980007595457 ], [ -55.435757785373241, -14.283686659071151 ], [ -55.439242214626717, -14.287146674262123 ], [ -55.448257785373244, -14.287853325737817 ], [ -55.451742214626719, -14.291313340928792 ], [ -55.469091118706579, -14.292019992404486 ], [ -55.472575547960048, -14.295480007595458 ], [ -55.47916666666665, -14.295833333333304 ], [ -55.485757785373245, -14.296186659071152 ], [ -55.489242214626714, -14.299646674262124 ], [ -55.494091118706578, -14.300353325737818 ], [ -55.497575547960054, -14.303813340928791 ], [ -55.505879550509967, -14.304519992404485 ], [ -55.51041666666665, -14.30001458062063 ], [ -55.514242214626719, -14.303813340928791 ], [ -55.518379550509962, -14.304519992404485 ], [ -55.522575547960052, -14.300353325737818 ], [ -55.525, -14.3 ], [ -55.5256880018446, -14.288309563530786 ], [ -55.535493469238261, -14.286882358127141 ], [ -55.539506530761699, -14.283950975206134 ], [ -55.545833333333313, -14.283333333333305 ], [ -55.548257785373245, -14.283686659071151 ], [ -55.551742214626721, -14.287146674262123 ], [ -55.558333333333316, -14.2875 ], [ -55.5625, -14.2875 ], [ -55.562853325737827, -14.285075547960041 ], [ -55.566313340928801, -14.281591118706569 ], [ -55.566666666666649, -14.279166666666637 ], [ -55.566666666666649, -14.275 ], [ -55.573257785373244, -14.274646674262124 ], [ -55.576742214626719, -14.271186659071152 ], [ -55.580879550509962, -14.270480007595458 ], [ -55.585075547960052, -14.274646674262124 ], [ -55.589924452039909, -14.275353325737818 ], [ -55.59375, -14.279152086045977 ], [ -55.597575547960048, -14.275353325737818 ], [ -55.6125, -14.275 ], [ -55.648043823242169, -14.275567287868896 ], [ -55.651956176757793, -14.278599378797715 ], [ -55.661285061306408, -14.279733954535562 ], [ -55.6625, -14.275 ], [ -55.664924452039912, -14.275353325737818 ], [ -55.668408881293388, -14.278813340928791 ], [ -55.681591118706578, -14.279519992404484 ], [ -55.685075547960054, -14.282980007595457 ], [ -55.689212883843297, -14.283686659071151 ], [ -55.693408881293387, -14.279519992404484 ], [ -55.69754621717663, -14.278813340928791 ], [ -55.701742214626719, -14.282980007595457 ], [ -55.704166666666652, -14.283333333333305 ], [ -55.706377156575506, -14.283900621202228 ], [ -55.714456176757793, -14.291099378797714 ], [ -55.728267076280368, -14.292327880859347 ], [ -55.730054050021685, -14.29929148356117 ], [ -55.739710489908838, -14.300567287868894 ], [ -55.743622843424461, -14.303599378797713 ], [ -55.756377156575503, -14.304733954535561 ], [ -55.760289510091127, -14.30776604546438 ], [ -55.7625, -14.308333333333305 ], [ -55.763067287868907, -14.331377156575492 ], [ -55.77556728786891, -14.344845241970457 ], [ -55.774356757269949, -14.361595831976969 ], [ -55.76862284342446, -14.363067287868896 ], [ -55.756377156575503, -14.374432712131048 ], [ -55.743622843424461, -14.375567287868895 ], [ -55.739710489908838, -14.378599378797714 ], [ -55.731122843424465, -14.379733954535562 ], [ -55.727210489908835, -14.382766045464381 ], [ -55.718622843424463, -14.38390062120223 ], [ -55.714710489908839, -14.386932712131049 ], [ -55.71028951009113, -14.388067287868896 ], [ -55.698043823242173, -14.399432712131048 ], [ -55.695833333333319, -14.4 ], [ -55.694982401529927, -14.403315734863252 ], [ -55.689456176757794, -14.404733954535562 ], [ -55.6813771565755, -14.411932712131048 ], [ -55.675850931803367, -14.413350931803357 ], [ -55.675, -14.416666666666639 ], [ -55.670833333333313, -14.416666666666639 ], [ -55.671188184950068, -14.423287116156656 ], [ -55.676742214626721, -14.428813340928791 ], [ -55.683333333333316, -14.429166666666639 ], [ -55.691666666666649, -14.429166666666639 ], [ -55.692554050021684, -14.432624816894503 ], [ -55.702210489908836, -14.433900621202229 ], [ -55.70612284342446, -14.436932712131048 ], [ -55.723043823242172, -14.438067287868897 ], [ -55.726956176757795, -14.441099378797716 ], [ -55.739710489908838, -14.442233954535563 ], [ -55.743622843424461, -14.445266045464383 ], [ -55.756377156575503, -14.44640062120223 ], [ -55.760289510091127, -14.449432712131049 ], [ -55.777210489908839, -14.450567287868896 ], [ -55.781122843424463, -14.453599378797716 ], [ -55.789710489908835, -14.454733954535563 ], [ -55.793622843424465, -14.457766045464382 ], [ -55.79583333333332, -14.458333333333306 ], [ -55.796186659071161, -14.451742214626709 ], [ -55.803813340928805, -14.44409111870657 ], [ -55.804519992404494, -14.439953782823324 ], [ -55.800353325737831, -14.435757785373236 ], [ -55.799646674262135, -14.42328559027775 ], [ -55.805878872341566, -14.417022365993896 ], [ -55.814924452039918, -14.416313340928792 ], [ -55.818408881293387, -14.412853325737819 ], [ -55.820833333333319, -14.4125 ], [ -55.821186659071167, -14.410075547960041 ], [ -55.827067396375853, -14.404165310329834 ], [ -55.830908881293389, -14.407980007595459 ], [ -55.835757785373247, -14.408686659071153 ], [ -55.843408881293385, -14.416313340928792 ], [ -55.845833333333317, -14.416666666666639 ], [ -55.848081631130626, -14.41613718668617 ], [ -55.856085035536012, -14.408862813313775 ], [ -55.860581631130628, -14.407803853352837 ], [ -55.865667385525157, -14.403684658474365 ], [ -55.870182291666652, -14.405091010199625 ], [ -55.871362813313787, -14.414748297797281 ], [ -55.875474039713524, -14.419824218749973 ], [ -55.880107455783403, -14.421362813313774 ], [ -55.885251702202673, -14.417196146647107 ], [ -55.908333333333317, -14.416666666666639 ], [ -55.908900621202243, -14.410289510091118 ], [ -55.920266045464395, -14.398043823242158 ], [ -55.921684265136705, -14.392517598470024 ], [ -55.927210489908838, -14.391099378797716 ], [ -55.931122843424461, -14.388067287868896 ], [ -55.93554382324217, -14.386932712131049 ], [ -55.939583333333317, -14.383802117241725 ], [ -55.943622843424464, -14.386932712131049 ], [ -55.95, -14.3875 ], [ -55.950919765896252, -14.391083780924451 ], [ -55.96028951009113, -14.399432712131048 ], [ -55.973043823242172, -14.400567287868896 ], [ -55.976956176757795, -14.403599378797715 ], [ -55.981377156575505, -14.404733954535562 ], [ -55.985289510091128, -14.407766045464381 ], [ -55.989710489908838, -14.408900621202228 ], [ -55.993622843424461, -14.411932712131048 ], [ -56.010543823242173, -14.413067287868895 ], [ -56.018622843424467, -14.420266045464382 ], [ -56.027210489908839, -14.421400621202229 ], [ -56.035289510091133, -14.428599378797715 ], [ -56.039710489908842, -14.429733954535562 ], [ -56.047789510091128, -14.436932712131048 ], [ -56.052210489908838, -14.438067287868897 ], [ -56.056122843424461, -14.441099378797716 ], [ -56.06054382324217, -14.442233954535563 ], [ -56.064456176757801, -14.445266045464383 ], [ -56.069982401529934, -14.446684265136691 ], [ -56.070833333333304, -14.45 ], [ -56.077210489908843, -14.450567287868896 ], [ -56.08528951009113, -14.457766045464382 ], [ -56.093877156575509, -14.458900621202229 ], [ -56.097789510091133, -14.461932712131048 ], [ -56.103315734863266, -14.463350931803358 ], [ -56.105017598470042, -14.46998240152992 ], [ -56.110543823242175, -14.471400621202228 ], [ -56.118622843424468, -14.478599378797716 ], [ -56.12304382324217, -14.479733954535563 ], [ -56.126956176757801, -14.482766045464382 ], [ -56.132482401529934, -14.48418426513669 ], [ -56.133900621202244, -14.489710489908827 ], [ -56.137895880805111, -14.494865587022542 ], [ -56.143877156575506, -14.49640062120223 ], [ -56.1519561767578, -14.503599378797716 ], [ -56.156377156575509, -14.504733954535563 ], [ -56.172789510091135, -14.520266045464382 ], [ -56.177210489908838, -14.521400621202229 ], [ -56.194937811957452, -14.538177151150148 ], [ -56.195833333333304, -14.541666666666639 ], [ -56.199149068196604, -14.542517598470026 ], [ -56.2, -14.545833333333306 ], [ -56.206377156575506, -14.546400621202229 ], [ -56.211532253689221, -14.550395880805095 ], [ -56.21366322835285, -14.558699205186606 ], [ -56.222789510091133, -14.550567287868898 ], [ -56.231377156575505, -14.54943271213105 ], [ -56.236684502495649, -14.54500664605032 ], [ -56.238067287868908, -14.538714938693548 ], [ -56.23333333333332, -14.5375 ], [ -56.232980007595472, -14.535075547960043 ], [ -56.229519992404498, -14.53159111870657 ], [ -56.228813340928809, -14.526742214626708 ], [ -56.208686659071169, -14.50659111870657 ], [ -56.208333333333321, -14.50416666666664 ], [ -56.211649237738683, -14.503315734863254 ], [ -56.2125, -14.5 ], [ -56.2125, -14.495833333333305 ], [ -56.216043090820285, -14.494924079047282 ], [ -56.21666666666664, -14.483333333333306 ], [ -56.21666666666664, -14.46666666666664 ], [ -56.214242214626708, -14.466313340928792 ], [ -56.208687676323756, -14.460786437988254 ], [ -56.208333333333307, -14.45 ], [ -56.209470621744764, -14.445568678114121 ], [ -56.214456176757785, -14.449432712131049 ], [ -56.218877156575495, -14.450567287868896 ], [ -56.222789510091118, -14.453599378797716 ], [ -56.227210489908828, -14.454733954535563 ], [ -56.236178249782959, -14.462724643283392 ], [ -56.241026136610216, -14.461637878417941 ], [ -56.242233954535564, -14.443622843424452 ], [ -56.245266045464383, -14.439710489908826 ], [ -56.246400621202227, -14.435289510091117 ], [ -56.253704833984344, -14.427092149522542 ], [ -56.250567287868897, -14.42304382324216 ], [ -56.25, -14.416666666666639 ], [ -56.264924452039899, -14.416313340928792 ], [ -56.270475260416639, -14.410790167914469 ], [ -56.271186659071155, -14.405908881293374 ], [ -56.274646674262122, -14.402424452039902 ], [ -56.275353325737818, -14.397575547960042 ], [ -56.287146674262125, -14.385757785373237 ], [ -56.2875, -14.383333333333304 ], [ -56.289924452039905, -14.383686659071152 ], [ -56.297575547960044, -14.391313340928791 ], [ -56.302424452039901, -14.392019992404485 ], [ -56.318408881293372, -14.407980007595459 ], [ -56.325, -14.408333333333305 ], [ -56.328315904405351, -14.40748240152992 ], [ -56.329733954535563, -14.401956176757785 ], [ -56.342599826388863, -14.38820241292315 ], [ -56.352210489908828, -14.386932712131049 ], [ -56.360289510091121, -14.379733954535562 ], [ -56.368877156575493, -14.378599378797714 ], [ -56.376956176757787, -14.371400621202229 ], [ -56.384079996744767, -14.370266045464382 ], [ -56.390698920355874, -14.375395880805094 ], [ -56.391666666666637, -14.379166666666638 ], [ -56.402424452039902, -14.37881334092879 ], [ -56.410075547960041, -14.371186659071153 ], [ -56.414924452039905, -14.370480007595457 ], [ -56.420478312174453, -14.364953782823322 ], [ -56.420833333333306, -14.358333333333306 ], [ -56.42304382324216, -14.357766045464381 ], [ -56.436797417534692, -14.344900173611082 ], [ -56.438067287868897, -14.335289510091117 ], [ -56.441099378797716, -14.331377156575492 ], [ -56.44223395453556, -14.326956176757784 ], [ -56.450582885742158, -14.317586432562905 ], [ -56.456377156575492, -14.316099378797714 ], [ -56.461532253689207, -14.312104119194849 ], [ -56.463067287868896, -14.306122843424451 ], [ -56.466099378797715, -14.302210489908825 ], [ -56.467375013563341, -14.292554050021673 ], [ -56.470833333333303, -14.291666666666638 ], [ -56.471186659071151, -14.289242214626707 ], [ -56.474646674262125, -14.285757785373235 ], [ -56.475, -14.283333333333305 ], [ -56.479166666666643, -14.283333333333305 ], [ -56.480066257052925, -14.286838785807262 ], [ -56.4875, -14.2875 ], [ -56.487853325737817, -14.285075547960041 ], [ -56.495819430881049, -14.277084011501707 ], [ -56.492019992404487, -14.273257785373236 ], [ -56.491666666666639, -14.270833333333304 ], [ -56.495209757486954, -14.26992407904728 ], [ -56.495833333333309, -14.258333333333304 ], [ -56.496186659071157, -14.251742214626706 ], [ -56.501709662543377, -14.24619140624997 ], [ -56.506591118706574, -14.245480007595457 ], [ -56.510416666666643, -14.241681247287296 ], [ -56.514242214626712, -14.245480007595457 ], [ -56.522546386718723, -14.246186659071151 ], [ -56.526742214626708, -14.242019992404485 ], [ -56.531591118706572, -14.241313340928791 ], [ -56.535075547960041, -14.237853325737818 ], [ -56.554166666666639, -14.2375 ], [ -56.554519992404487, -14.23507554796004 ], [ -56.557980007595461, -14.231591118706568 ], [ -56.558686659071157, -14.226742214626707 ], [ -56.562146674262124, -14.223257785373235 ], [ -56.5625, -14.220833333333303 ], [ -56.5625, -14.216666666666637 ], [ -56.566666666666642, -14.216666666666637 ], [ -56.604166666666643, -14.216666666666637 ], [ -56.605381605360215, -14.221400621202228 ], [ -56.607766045464381, -14.218877156575491 ], [ -56.608333333333306, -14.216666666666637 ], [ -56.610757785373238, -14.216313340928791 ], [ -56.614242214626714, -14.212853325737818 ], [ -56.616666666666639, -14.2125 ], [ -56.627248128255182, -14.213029479980438 ], [ -56.632676527235219, -14.217700195312471 ], [ -56.633862982855874, -14.225940789116724 ], [ -56.628684488932265, -14.23233405219181 ], [ -56.630083889431397, -14.236826409233911 ], [ -56.638440619574624, -14.23802947998044 ], [ -56.643585205078097, -14.233862813313772 ], [ -56.660581461588514, -14.232803853352834 ], [ -56.664418538411432, -14.229696146647106 ], [ -56.680107286241295, -14.228637186686168 ], [ -56.685251871744768, -14.232803853352834 ], [ -56.706414794921848, -14.233862813313772 ], [ -56.710251871744767, -14.236970520019502 ], [ -56.733333333333306, -14.2375 ], [ -56.735468207465253, -14.236857265896237 ], [ -56.739531792534699, -14.233976067437037 ], [ -56.741988457573761, -14.232690599229571 ], [ -56.747865125868032, -14.236857265896237 ], [ -56.750321790907094, -14.238142734103704 ], [ -56.756198459201364, -14.233976067437037 ], [ -56.778390163845458, -14.232613457573756 ], [ -56.779809570312473, -14.218698289659258 ], [ -56.782690429687477, -14.214635043674015 ], [ -56.783976236979143, -14.210364956325925 ], [ -56.78685709635414, -14.206301710340682 ], [ -56.788142903645806, -14.185364956325925 ], [ -56.79102376302081, -14.181301710340682 ], [ -56.792309570312476, -14.177031622992592 ], [ -56.799357096354143, -14.168801710340682 ], [ -56.800642903645809, -14.153844875759518 ], [ -56.796476236979146, -14.147968377007349 ], [ -56.795833333333306, -14.145833333333304 ], [ -56.835757785373239, -14.14618665907115 ], [ -56.839583333333309, -14.149985419379309 ], [ -56.843408881293378, -14.14618665907115 ], [ -56.854166666666643, -14.145833333333304 ], [ -56.857482571072026, -14.146684265136688 ], [ -56.858333333333306, -14.15 ], [ -56.861649237738689, -14.150850931803355 ], [ -56.863399590386258, -14.157672119140596 ], [ -56.877210489908833, -14.158900621202227 ], [ -56.88528951009112, -14.166099378797714 ], [ -56.8875, -14.166666666666636 ], [ -56.889924452039907, -14.16631334092879 ], [ -56.905908881293378, -14.150353325737818 ], [ -56.910757785373242, -14.149646674262122 ], [ -56.914583333333312, -14.145847913953963 ], [ -56.918408881293381, -14.149646674262122 ], [ -56.931591118706571, -14.150353325737818 ], [ -56.935075547960047, -14.153813340928789 ], [ -56.939924452039904, -14.154519992404484 ], [ -56.943408881293379, -14.157980007595455 ], [ -56.960757785373239, -14.158686659071151 ], [ -56.966308593749979, -14.164209832085474 ], [ -56.967019992404488, -14.169091118706568 ], [ -56.972542995876715, -14.174641927083304 ], [ -56.975, -14.175 ], [ -56.977424452039905, -14.175353325737817 ], [ -56.982975260416644, -14.180876498752141 ], [ -56.983686659071161, -14.185757785373234 ], [ -56.989209662543381, -14.191308593749969 ], [ -56.994091118706578, -14.192019992404484 ], [ -57.001742214626717, -14.199646674262123 ], [ -57.005879720052057, -14.200353325737817 ], [ -57.010075547960049, -14.196186659071151 ], [ -57.016666666666644, -14.195833333333304 ], [ -57.019091118706577, -14.195480007595457 ], [ -57.022575547960045, -14.192019992404484 ], [ -57.0375, -14.191666666666638 ], [ -57.047968207465253, -14.19230940077037 ], [ -57.05625, -14.199401516384519 ], [ -57.064531792534702, -14.19230940077037 ], [ -57.068801540798589, -14.191023932562905 ], [ -57.072865125868034, -14.188142734103703 ], [ -57.086760796440949, -14.186725362141898 ], [ -57.08821885850692, -14.16770477294919 ], [ -57.091666666666647, -14.166666666666636 ], [ -57.110543823242168, -14.167233954535561 ], [ -57.114456176757791, -14.170266045464381 ], [ -57.121579996744771, -14.171400621202228 ], [ -57.126956176757787, -14.167233954535561 ], [ -57.135543823242166, -14.166099378797714 ], [ -57.13945617675779, -14.163067287868893 ], [ -57.152951727973068, -14.161932712131046 ], [ -57.154733954535565, -14.168877156575491 ], [ -57.159252760145378, -14.174295722113685 ], [ -57.169945949978278, -14.175708516438773 ], [ -57.171400621202238, -14.181377156575492 ], [ -57.176009962293818, -14.186904229058129 ], [ -57.195833333333312, -14.1875 ], [ -57.198257785373244, -14.187146674262124 ], [ -57.201742214626712, -14.183686659071151 ], [ -57.210757785373239, -14.182980007595457 ], [ -57.220478481716562, -14.173285420735647 ], [ -57.22083333333331, -14.166666666666636 ], [ -57.227424452039912, -14.16631334092879 ], [ -57.230908881293381, -14.162853325737817 ], [ -57.2375, -14.1625 ], [ -57.239924452039908, -14.162853325737817 ], [ -57.243408881293384, -14.16631334092879 ], [ -57.245833333333309, -14.166666666666636 ], [ -57.256591118706574, -14.167019992404484 ], [ -57.260075547960049, -14.170480007595456 ], [ -57.310757785373241, -14.17118665907115 ], [ -57.314242214626717, -14.174646674262123 ], [ -57.327424452039907, -14.175353325737817 ], [ -57.339582485622813, -14.187486267089813 ], [ -57.343408881293385, -14.183686659071151 ], [ -57.34583333333331, -14.183333333333303 ], [ -57.358333333333313, -14.183333333333303 ], [ -57.358686659071161, -14.176742214626707 ], [ -57.362146674262135, -14.173257785373234 ], [ -57.362853325737831, -14.168408881293374 ], [ -57.370480007595468, -14.160757785373233 ], [ -57.370833333333316, -14.158333333333303 ], [ -57.370833333333316, -14.154166666666637 ], [ -57.371494547526019, -14.146732923719588 ], [ -57.375, -14.145833333333304 ], [ -57.381591118706581, -14.14618665907115 ], [ -57.385075547960049, -14.149646674262122 ], [ -57.389924452039914, -14.150353325737818 ], [ -57.414242214626718, -14.174646674262123 ], [ -57.419091118706575, -14.175353325737817 ], [ -57.422575547960051, -14.178813340928789 ], [ -57.429166666666646, -14.179166666666637 ], [ -57.43001759847003, -14.182482401529917 ], [ -57.43554382324217, -14.183900621202227 ], [ -57.439456176757794, -14.186932712131046 ], [ -57.456377156575499, -14.188067287868893 ], [ -57.472789510091125, -14.203599378797714 ], [ -57.477210489908835, -14.204733954535561 ], [ -57.485289510091128, -14.211932712131047 ], [ -57.491270785861524, -14.213467746310734 ], [ -57.495364549424892, -14.21875 ], [ -57.49213545057507, -14.222916666666638 ], [ -57.49526604546439, -14.226956176757783 ], [ -57.495833333333316, -14.233333333333304 ], [ -57.508333333333312, -14.233333333333304 ], [ -57.5125, -14.233333333333304 ], [ -57.512853325737829, -14.230908881293374 ], [ -57.518376498752154, -14.225358072916638 ], [ -57.520833333333314, -14.225 ], [ -57.521729702419684, -14.221507093641463 ], [ -57.534079996744772, -14.220266045464381 ], [ -57.539456176757795, -14.224432712131048 ], [ -57.543877156575505, -14.225567287868895 ], [ -57.549032253689219, -14.229562547471758 ], [ -57.55, -14.233333333333304 ], [ -57.552210489908838, -14.232766045464381 ], [ -57.557365587022552, -14.228770785861515 ], [ -57.558900621202241, -14.222789510091117 ], [ -57.570266045464393, -14.210543823242158 ], [ -57.571684265136703, -14.205017598470022 ], [ -57.575, -14.204166666666637 ], [ -57.575911966959616, -14.200612894693981 ], [ -57.602951727973071, -14.199432712131047 ], [ -57.604733954535575, -14.206377156575492 ], [ -57.607766045464395, -14.210289510091116 ], [ -57.609242587619342, -14.216043090820282 ], [ -57.620833333333316, -14.216666666666637 ], [ -57.635757785373244, -14.217019992404484 ], [ -57.639242214626719, -14.220480007595457 ], [ -57.648257785373247, -14.221186659071151 ], [ -57.657975599500851, -14.230878194173147 ], [ -57.658686659071165, -14.235757785373234 ], [ -57.662146674262132, -14.239242214626707 ], [ -57.662853325737828, -14.252424452039902 ], [ -57.666313340928802, -14.255908881293374 ], [ -57.667019992404498, -14.260757785373235 ], [ -57.683319769965259, -14.277082316080699 ], [ -57.679519992404494, -14.280908881293374 ], [ -57.679166666666646, -14.2875 ], [ -57.685757785373248, -14.287853325737817 ], [ -57.689242214626717, -14.291313340928792 ], [ -57.694091118706581, -14.292019992404486 ], [ -57.69791666666665, -14.295818752712645 ], [ -57.701742214626719, -14.292019992404486 ], [ -57.714215935601111, -14.291313340928792 ], [ -57.724645148383232, -14.301714579264294 ], [ -57.725, -14.308333333333305 ], [ -57.725850931803365, -14.311649068196585 ], [ -57.72916666666665, -14.3125 ], [ -57.731377156575505, -14.311932712131048 ], [ -57.735289510091128, -14.308900621202229 ], [ -57.75742407904729, -14.307709757486951 ], [ -57.758900621202237, -14.301956176757784 ], [ -57.762895880805104, -14.296801079644068 ], [ -57.768877156575506, -14.295266045464381 ], [ -57.77278951009113, -14.292233954535561 ], [ -57.788246663411442, -14.291099378797714 ], [ -57.793622843424465, -14.295266045464381 ], [ -57.804166666666653, -14.295833333333304 ], [ -57.806591118706578, -14.296186659071152 ], [ -57.810075547960054, -14.299646674262124 ], [ -57.8125, -14.3 ], [ -57.8125, -14.295833333333304 ], [ -57.829166666666652, -14.295833333333304 ], [ -57.839924452039917, -14.296186659071152 ], [ -57.843408881293385, -14.299646674262124 ], [ -57.848257785373249, -14.300353325737818 ], [ -57.851742214626718, -14.303813340928791 ], [ -57.873257785373248, -14.304519992404485 ], [ -57.876742214626717, -14.307980007595457 ], [ -57.8875, -14.308333333333305 ], [ -57.887853325737829, -14.310757785373236 ], [ -57.895480007595474, -14.318408881293374 ], [ -57.896186659071162, -14.323257785373235 ], [ -57.899646674262137, -14.326742214626707 ], [ -57.900353325737832, -14.331591118706569 ], [ -57.912146674262139, -14.343408881293374 ], [ -57.912853325737828, -14.348257785373235 ], [ -57.920480007595472, -14.355908881293374 ], [ -57.92083333333332, -14.3625 ], [ -57.920480007595472, -14.364924452039903 ], [ -57.916313340928802, -14.369120449489989 ], [ -57.917019992404498, -14.373257785373236 ], [ -57.924646674262135, -14.380908881293374 ], [ -57.925, -14.383333333333304 ], [ -57.927424452039915, -14.383686659071152 ], [ -57.943408881293387, -14.399646674262124 ], [ -57.945833333333319, -14.4 ], [ -57.946186659071167, -14.402424452039902 ], [ -57.949646674262141, -14.405908881293374 ], [ -57.95, -14.408333333333305 ], [ -57.973257785373249, -14.407980007595459 ], [ -57.976742214626718, -14.404519992404486 ], [ -57.993382263183577, -14.403813340928792 ], [ -58.001742214626724, -14.412146674262125 ], [ -58.052424452039915, -14.412853325737819 ], [ -58.064242214626724, -14.424646674262124 ], [ -58.069091118706581, -14.42535332573782 ], [ -58.078808932834185, -14.435044860839817 ], [ -58.079166666666652, -14.4375 ], [ -58.081591118706584, -14.437146674262126 ], [ -58.087145487467431, -14.431619940863687 ], [ -58.087853325737832, -14.414242214626707 ], [ -58.091313340928806, -14.410757785373235 ], [ -58.092019992404502, -14.405908881293374 ], [ -58.095480007595469, -14.402424452039902 ], [ -58.095833333333303, -14.4 ], [ -58.103267076280353, -14.399338785807263 ], [ -58.105017428927923, -14.392517598470024 ], [ -58.108333333333306, -14.391666666666639 ], [ -58.108333333333306, -14.3875 ], [ -58.110757785373231, -14.387146674262125 ], [ -58.118408881293377, -14.379519992404486 ], [ -58.125, -14.379166666666638 ], [ -58.131591118706567, -14.37881334092879 ], [ -58.135416666666636, -14.375014580620631 ], [ -58.139242214626705, -14.37881334092879 ], [ -58.160757785373235, -14.379519992404486 ], [ -58.164242214626704, -14.382980007595458 ], [ -58.170833333333306, -14.383333333333304 ], [ -58.171186659071154, -14.389924452039903 ], [ -58.178813340928791, -14.397575547960042 ], [ -58.179519992404487, -14.402424452039902 ], [ -58.182980007595454, -14.405908881293374 ], [ -58.183686659071149, -14.427424452039903 ], [ -58.187146674262124, -14.430908881293375 ], [ -58.18785569932723, -14.439954460991725 ], [ -58.193408881293372, -14.445480007595458 ], [ -58.202452935112817, -14.446188863118461 ], [ -58.212146674262122, -14.455908881293375 ], [ -58.212853325737818, -14.464924452039902 ], [ -58.216313340928792, -14.468408881293374 ], [ -58.21666666666664, -14.475 ], [ -58.223257785373235, -14.474646674262125 ], [ -58.226742214626704, -14.471186659071153 ], [ -58.245833333333302, -14.470833333333307 ], [ -58.247993638780351, -14.471450975206135 ], [ -58.261678059895807, -14.483936733669678 ], [ -58.263294135199622, -14.495039198133654 ], [ -58.272993638780356, -14.496450975206136 ], [ -58.277006361219591, -14.499382358127143 ], [ -58.281326972113689, -14.500617641872802 ], [ -58.289506361219587, -14.507715691460476 ], [ -58.295833333333306, -14.508333333333306 ], [ -58.307424248589385, -14.507709757486952 ], [ -58.308900621202227, -14.501956176757785 ], [ -58.334353637695287, -14.475615946451796 ], [ -58.357118394639727, -14.474432712131049 ], [ -58.358900621202231, -14.481377156575494 ], [ -58.367660522460909, -14.491034783257351 ], [ -58.386594306098061, -14.492304314507351 ], [ -58.388350762261254, -14.499149068196587 ], [ -58.393877156575492, -14.500567287868897 ], [ -58.410289510091118, -14.516099378797716 ], [ -58.433333333333309, -14.516666666666639 ], [ -58.436649237738685, -14.515815734863255 ], [ -58.4375, -14.5125 ], [ -58.4375, -14.5 ], [ -58.438067287868897, -14.497789510091119 ], [ -58.441099378797716, -14.493877156575493 ], [ -58.442517428927921, -14.488350931803359 ], [ -58.445833333333304, -14.4875 ], [ -58.452160305447023, -14.486882358127144 ], [ -58.456173027886258, -14.483950975206136 ], [ -58.458802625868032, -14.482715691460477 ], [ -58.464583333333309, -14.486938476562472 ], [ -58.468673027886254, -14.483950975206136 ], [ -58.493826972113688, -14.482715691460477 ], [ -58.497839694552923, -14.479784308539468 ], [ -58.511132134331568, -14.478549024793809 ], [ -58.513117472330705, -14.485493469238254 ], [ -58.516049194335913, -14.489506530761691 ], [ -58.517615085177923, -14.500267367892768 ], [ -58.522839694552928, -14.496450975206136 ], [ -58.529903496636258, -14.495215691460476 ], [ -58.540834893120632, -14.504701741536431 ], [ -58.542284138997367, -14.51466013590492 ], [ -58.549382527669245, -14.522839864095026 ], [ -58.5506174723307, -14.527160135904921 ], [ -58.554280598958307, -14.532174513075059 ], [ -58.560493638780358, -14.533950975206135 ], [ -58.569726901584175, -14.541963365342855 ], [ -58.571450805664035, -14.547993469238254 ], [ -58.578549194335913, -14.556173197428359 ], [ -58.579166666666637, -14.5625 ], [ -58.585757785373239, -14.562853325737819 ], [ -58.593408881293378, -14.57048000759546 ], [ -58.635049777560738, -14.571186659071154 ], [ -58.647575547960045, -14.558686659071153 ], [ -58.652424452039902, -14.557980007595459 ], [ -58.655908881293378, -14.554519992404487 ], [ -58.675, -14.554166666666639 ], [ -58.681591118706571, -14.554519992404487 ], [ -58.68714192708331, -14.56004316541881 ], [ -58.6875, -14.5625 ], [ -58.691082763671851, -14.56341942681204 ], [ -58.691666666666642, -14.6 ], [ -58.702424452039907, -14.600353325737821 ], [ -58.705908881293375, -14.603813340928793 ], [ -58.708333333333307, -14.604166666666639 ], [ -58.708686659071155, -14.601742214626709 ], [ -58.714208645290775, -14.596192253960478 ], [ -58.718379720052056, -14.595480007595459 ], [ -58.722575547960048, -14.599646674262127 ], [ -58.727424452039905, -14.600353325737821 ], [ -58.730908881293381, -14.603813340928793 ], [ -58.748257785373241, -14.604519992404487 ], [ -58.751742214626709, -14.60798000759546 ], [ -58.770833333333307, -14.608333333333306 ], [ -58.769982571072021, -14.611649068196588 ], [ -58.761932712131049, -14.613714938693549 ], [ -58.7630672878689, -14.639710489908829 ], [ -58.766198052300325, -14.64375 ], [ -58.761932712131049, -14.649253336588515 ], [ -58.7630672878689, -14.652210489908828 ], [ -58.766099378797719, -14.656122843424454 ], [ -58.767233954535563, -14.660543823242161 ], [ -58.771400621202233, -14.665920003255183 ], [ -58.770266045464382, -14.698043823242163 ], [ -58.767233954535563, -14.701956176757786 ], [ -58.766099378797719, -14.706377156575495 ], [ -58.75890062120223, -14.714456176757787 ], [ -58.758333333333312, -14.71666666666664 ], [ -58.758333333333312, -14.725 ], [ -58.761649237738688, -14.725850931803361 ], [ -58.7630672878689, -14.731377156575496 ], [ -58.766099378797719, -14.735289510091121 ], [ -58.767233954535563, -14.743877156575495 ], [ -58.770266045464382, -14.74778951009112 ], [ -58.771400621202233, -14.75221048990883 ], [ -58.784311591254315, -14.766012403700062 ], [ -58.799100409613693, -14.76732788085935 ], [ -58.8, -14.770833333333307 ], [ -58.79943271213105, -14.789710489908829 ], [ -58.782920667860218, -14.807158237033395 ], [ -58.792233954535568, -14.809548272026884 ], [ -58.791099378797718, -14.835543823242162 ], [ -58.788067287868898, -14.839456176757787 ], [ -58.7875, -14.85 ], [ -58.789710489908828, -14.850567287868898 ], [ -58.801956176757791, -14.861932712131052 ], [ -58.806377156575493, -14.863067287868899 ], [ -58.810289510091124, -14.866099378797719 ], [ -58.815815904405355, -14.867517428927927 ], [ -58.816666666666642, -14.870833333333309 ], [ -58.817019992404489, -14.889924452039907 ], [ -58.820480007595464, -14.893408881293379 ], [ -58.821186659071159, -14.902424452039906 ], [ -58.828813340928797, -14.910075547960044 ], [ -58.829519992404492, -14.927424452039906 ], [ -58.832980007595459, -14.930908881293378 ], [ -58.833686659071155, -14.935757785373241 ], [ -58.845480007595462, -14.947575547960046 ], [ -58.84583333333331, -14.958333333333309 ], [ -58.84583333333331, -14.9625 ], [ -58.846450805664041, -14.964660305447024 ], [ -58.853549194335912, -14.972839694552928 ], [ -58.854784138997374, -14.985493638780358 ], [ -58.857715861002582, -14.989506361219595 ], [ -58.859068467881919, -15.003364054361956 ], [ -58.870298258463521, -15.004998440212651 ], [ -58.879784138997373, -15.015929836697026 ], [ -58.87854919433591, -15.02299363878036 ], [ -58.874382527669248, -15.028697374131921 ], [ -58.875617472330703, -15.031326972113693 ], [ -58.87854919433591, -15.035339694552928 ], [ -58.879784138997373, -15.039660305447025 ], [ -58.883950805664035, -15.045364040798589 ], [ -58.882600233289907, -15.057351684570289 ], [ -58.875659857855879, -15.059336005316817 ], [ -58.874382527669248, -15.089660305447026 ], [ -58.870215861002578, -15.095364040798589 ], [ -58.87145080566404, -15.114660305447027 ], [ -58.87854919433591, -15.12283969455293 ], [ -58.879166666666642, -15.1375 ], [ -58.878599378797716, -15.143877156575499 ], [ -58.875567287868897, -15.147789510091124 ], [ -58.874432712131053, -15.152210489908832 ], [ -58.871301947699628, -15.15625 ], [ -58.874986775716124, -15.161004299587653 ], [ -58.868877156575493, -15.166099378797721 ], [ -58.863208346896677, -15.16755405002168 ], [ -58.86193271213105, -15.177210489908832 ], [ -58.854628499348934, -15.185407850477409 ], [ -58.858283148871507, -15.190123494466125 ], [ -58.843877156575495, -15.203599378797721 ], [ -58.84166666666664, -15.204166666666644 ], [ -58.842024739583309, -15.206623670789909 ], [ -58.847575547960048, -15.212146674262131 ], [ -58.85, -15.2125 ], [ -58.850358072916642, -15.214957004123242 ], [ -58.856618923611087, -15.221186659071158 ], [ -58.860757785373238, -15.220480007595464 ], [ -58.864242214626714, -15.217019992404492 ], [ -58.866666666666646, -15.216666666666645 ], [ -58.867517428927925, -15.219982571072027 ], [ -58.870833333333309, -15.220833333333312 ], [ -58.870480007595461, -15.235757785373242 ], [ -58.866313340928798, -15.239953613281228 ], [ -58.867019992404494, -15.252424452039909 ], [ -58.870480007595461, -15.255908881293381 ], [ -58.870833333333309, -15.258333333333312 ], [ -58.877424452039904, -15.258686659071159 ], [ -58.880908881293379, -15.262146674262132 ], [ -58.883333333333312, -15.2625 ], [ -58.889710489908829, -15.263067287868903 ], [ -58.901956176757785, -15.274432712131055 ], [ -58.906377156575495, -15.275567287868903 ], [ -58.911844211154488, -15.280126614040778 ], [ -58.913067287868898, -15.293877156575499 ], [ -58.917062717013863, -15.299032253689216 ], [ -58.924291653103275, -15.300887383355015 ], [ -58.925567287868901, -15.310543823242167 ], [ -58.933916219075499, -15.319913736979146 ], [ -58.941931152343727, -15.321970621744772 ], [ -58.938067287868897, -15.326956176757792 ], [ -58.936932712131053, -15.329913330078105 ], [ -58.941099378797716, -15.335289510091126 ], [ -58.941666666666642, -15.3375 ], [ -58.948043823242166, -15.338067287868903 ], [ -58.953198920355881, -15.342062717013867 ], [ -58.95473395453557, -15.348043823242167 ], [ -58.957766045464389, -15.351956176757792 ], [ -58.959232923719597, -15.357672119140604 ], [ -58.973043823242165, -15.358900621202237 ], [ -58.981122843424458, -15.366099378797722 ], [ -58.98971048990883, -15.367233954535569 ], [ -58.993622843424454, -15.37026604546439 ], [ -59.006377156575496, -15.371400621202238 ], [ -59.01028951009112, -15.374432712131057 ], [ -59.0125, -15.375 ], [ -59.012853325737822, -15.398257785373243 ], [ -59.016313340928797, -15.401742214626715 ], [ -59.016666666666644, -15.408333333333314 ], [ -59.017019992404492, -15.41492445203991 ], [ -59.024646674262129, -15.422575547960049 ], [ -59.025, -15.429166666666646 ], [ -59.029166666666647, -15.429166666666646 ], [ -59.029903835720461, -15.440929497612828 ], [ -59.053306410047718, -15.442396375868036 ], [ -59.055115085177931, -15.454001871744772 ], [ -59.062254163953973, -15.458988783094599 ], [ -59.068788994683139, -15.457677883572028 ], [ -59.072877671983484, -15.454822116427932 ], [ -59.077122328016472, -15.453511216905362 ], [ -59.081211005316817, -15.450655449761264 ], [ -59.083333333333314, -15.45 ], [ -59.091666666666647, -15.45 ], [ -59.094982571072023, -15.450850762261265 ], [ -59.09583333333331, -15.454166666666648 ], [ -59.095480007595462, -15.456591118706577 ], [ -59.087513902452237, -15.464582655164911 ], [ -59.092019992404488, -15.469120279947898 ], [ -59.091313340928799, -15.485757785373245 ], [ -59.087513902452237, -15.489584011501716 ], [ -59.095480007595462, -15.49757554796005 ], [ -59.09583333333331, -15.520833333333314 ], [ -59.099149237738693, -15.521684095594599 ], [ -59.100567287868898, -15.527210489908835 ], [ -59.103698052300324, -15.53125 ], [ -59.100468614366299, -15.535416666666649 ], [ -59.103599378797725, -15.539456176757794 ], [ -59.104733954535568, -15.548043823242168 ], [ -59.107766045464388, -15.551956176757795 ], [ -59.108900621202238, -15.560543823242169 ], [ -59.111932712131058, -15.564456176757794 ], [ -59.1125, -15.570833333333315 ], [ -59.1125, -15.604166666666648 ], [ -59.112853325737824, -15.614924452039912 ], [ -59.116313340928798, -15.618408881293384 ], [ -59.116666666666646, -15.620833333333316 ], [ -59.123257785373241, -15.621186659071162 ], [ -59.126742214626717, -15.624646674262134 ], [ -59.131591118706574, -15.625353325737828 ], [ -59.135075547960049, -15.628813340928801 ], [ -59.141666666666644, -15.629166666666649 ], [ -59.144091118706577, -15.629519992404497 ], [ -59.147575547960045, -15.632980007595467 ], [ -59.152424452039909, -15.633686659071163 ], [ -59.155908881293378, -15.637146674262134 ], [ -59.1625, -15.6375 ], [ -59.162146674262132, -15.652424452039913 ], [ -59.158686659071158, -15.655908881293385 ], [ -59.157980007595462, -15.660757785373246 ], [ -59.153813340928799, -15.664953613281233 ], [ -59.154519992404495, -15.669091118706579 ], [ -59.158686659071158, -15.673286946614565 ], [ -59.157980007595462, -15.689924452039913 ], [ -59.149646674262129, -15.698284233940955 ], [ -59.150353325737825, -15.723257785373246 ], [ -59.153813340928799, -15.726742214626718 ], [ -59.154166666666647, -15.7375 ], [ -59.156591118706572, -15.737853325737831 ], [ -59.160075547960048, -15.741313340928802 ], [ -59.166666666666643, -15.741666666666649 ], [ -59.169982401529928, -15.742517428927934 ], [ -59.171684265136697, -15.749149237738699 ], [ -59.17721048990883, -15.750567287868906 ], [ -59.181122843424461, -15.753599378797727 ], [ -59.185543823242163, -15.754733954535574 ], [ -59.189456176757794, -15.757766045464393 ], [ -59.191666666666649, -15.758333333333315 ], [ -59.193826802571593, -15.758950805664046 ], [ -59.203462727864562, -15.767497762044254 ], [ -59.204858737521683, -15.786506483289914 ], [ -59.210493469238259, -15.788117472330711 ], [ -59.214506530761696, -15.791049194335921 ], [ -59.224205864800325, -15.792460801866302 ], [ -59.225617641872809, -15.802160305447032 ], [ -59.228605143229146, -15.80625 ], [ -59.225561523437477, -15.810416666666651 ], [ -59.228549024793814, -15.814506361219602 ], [ -59.229784308539479, -15.822993638780366 ], [ -59.24202694363062, -15.836411878797726 ], [ -59.24799346923826, -15.838117472330712 ], [ -59.253007846408401, -15.841780598958316 ], [ -59.254784308539477, -15.847993638780366 ], [ -59.257715691460483, -15.852006361219601 ], [ -59.25895097520614, -15.856326972113699 ], [ -59.261882358127153, -15.860339694552934 ], [ -59.263294135199629, -15.870039198133664 ], [ -59.272993469238259, -15.871450805664047 ], [ -59.285339864095029, -15.882715861002588 ], [ -59.2875, -15.883333333333317 ], [ -59.2875, -15.904166666666651 ], [ -59.288426378038174, -15.907406955295123 ], [ -59.294906955295119, -15.909259711371512 ], [ -59.296450975206142, -15.914660305447033 ], [ -59.299382358127147, -15.918673027886269 ], [ -59.300617641872812, -15.9313269721137 ], [ -59.303549024793817, -15.935339694552935 ], [ -59.305245632595465, -15.941274007161443 ], [ -59.32283986409503, -15.957715861002589 ], [ -59.32824028862845, -15.959259711371512 ], [ -59.330160183376719, -15.965974595811616 ], [ -59.347993469238261, -15.96728413899738 ], [ -59.352006530761699, -15.97021586100259 ], [ -59.357641262478282, -15.971826850043387 ], [ -59.359025404188351, -15.990673149956582 ], [ -59.364660135904927, -15.99228413899738 ], [ -59.372910054524716, -15.999443223741304 ], [ -59.377089945475241, -15.996390109591999 ], [ -59.38533986409503, -16.003549194335921 ], [ -59.395165337456575, -16.004979112413178 ], [ -59.395833333333314, -16.020833333333318 ], [ -59.395833333333314, -16.029166666666651 ], [ -59.399088033040343, -16.029933336045993 ], [ -59.400529479980449, -16.03427395290797 ], [ -59.396362813313786, -16.039418538411443 ], [ -59.395833333333314, -16.04583333333332 ], [ -59.395833333333314, -16.05 ], [ -59.399149068196593, -16.050850931803353 ], [ -59.400850931803369, -16.057482401529917 ], [ -59.404166666666647, -16.058333333333302 ], [ -59.407482401529926, -16.059184265136686 ], [ -59.408333333333317, -16.0625 ], [ -59.431591118706578, -16.062146674262124 ], [ -59.435075547960054, -16.058686659071149 ], [ -59.439924452039911, -16.057980007595454 ], [ -59.443408881293387, -16.054519992404483 ], [ -59.445833333333312, -16.054166666666653 ], [ -59.448257785373244, -16.054519992404483 ], [ -59.455908881293382, -16.062146674262124 ], [ -59.4625, -16.0625 ], [ -59.477172682020381, -16.061894904242592 ], [ -59.485327317979582, -16.054771762424014 ], [ -59.493839348687047, -16.053561570909256 ], [ -59.499241977267779, -16.04955613878035 ], [ -59.507556491427934, -16.050784810384084 ], [ -59.508938429090691, -16.060506015353702 ], [ -59.513290066189214, -16.065890502929655 ], [ -59.523006015353715, -16.067271762424014 ], [ -59.528497314453105, -16.071709696451791 ], [ -59.529166666666647, -16.083333333333304 ], [ -59.525607469346767, -16.084246656629745 ], [ -59.525, -16.1 ], [ -59.520947265624983, -16.101158820258217 ], [ -59.51728430853948, -16.106173197428355 ], [ -59.515864054361963, -16.115931532118026 ], [ -59.502006530761697, -16.117284308539467 ], [ -59.49799346923826, -16.120215691460473 ], [ -59.488235134548589, -16.121635945637991 ], [ -59.486764526367168, -16.136700100368895 ], [ -59.481326802571594, -16.141049024793809 ], [ -59.475113932291649, -16.142825486924885 ], [ -59.471450975206146, -16.147839864095022 ], [ -59.470833333333317, -16.15 ], [ -59.473257785373242, -16.150353325737818 ], [ -59.491309102376285, -16.168379211425751 ], [ -59.492019992404494, -16.173257785373234 ], [ -59.495818752712651, -16.177083333333304 ], [ -59.492019992404494, -16.180908881293373 ], [ -59.491666666666646, -16.183333333333302 ], [ -59.492024739583314, -16.185790167914465 ], [ -59.49828559027776, -16.192019992404482 ], [ -59.506591118706581, -16.19131334092879 ], [ -59.510787116156664, -16.187146674262124 ], [ -59.514924452039914, -16.187853325737819 ], [ -59.518408881293382, -16.19131334092879 ], [ -59.529166666666647, -16.191666666666638 ], [ -59.533333333333317, -16.191666666666638 ], [ -59.534214613172722, -16.18823225233287 ], [ -59.542678324381491, -16.186932712131046 ], [ -59.560289510091124, -16.203599378797712 ], [ -59.573043823242166, -16.204733954535559 ], [ -59.58112284342446, -16.211932712131045 ], [ -59.5875, -16.2125 ], [ -59.587853325737832, -16.210075547960038 ], [ -59.591313340928799, -16.206591118706569 ], [ -59.592019992404495, -16.201742214626705 ], [ -59.597546217176628, -16.196188184950056 ], [ -59.60416666666665, -16.195833333333304 ], [ -59.605072360568556, -16.19230431450735 ], [ -59.62304382324217, -16.191099378797713 ], [ -59.626956176757794, -16.188067287868893 ], [ -59.632482401529927, -16.186649068196584 ], [ -59.633900621202237, -16.181122843424451 ], [ -59.63839246961804, -16.175736660427489 ], [ -59.646579996744777, -16.174432712131047 ], [ -59.651956176757793, -16.178599378797713 ], [ -59.660543823242172, -16.179733954535561 ], [ -59.664456176757795, -16.18276604546438 ], [ -59.66666666666665, -16.183333333333302 ], [ -59.666023932562915, -16.214635043674015 ], [ -59.663142734103715, -16.218698289659258 ], [ -59.661857265896252, -16.222968377007348 ], [ -59.657690599229582, -16.228844875759521 ], [ -59.659186469184007, -16.241400655110649 ], [ -59.664531622992605, -16.24519059922957 ], [ -59.678427463107624, -16.246607971191377 ], [ -59.679907735188785, -16.265916612413164 ], [ -59.687006632486963, -16.271476067437035 ], [ -59.702135043674026, -16.270190599229572 ], [ -59.706983778211786, -16.266752624511689 ], [ -59.720190599229582, -16.281198289659258 ], [ -59.720833333333317, -16.283333333333303 ], [ -59.731591118706582, -16.283686659071151 ], [ -59.735075547960051, -16.287146674262125 ], [ -59.7375, -16.2875 ], [ -59.738399590386265, -16.291005452473929 ], [ -59.745833333333316, -16.291666666666636 ], [ -59.754166666666649, -16.291666666666636 ], [ -59.769091118706584, -16.291313340928792 ], [ -59.776742214626722, -16.283686659071151 ], [ -59.781591118706579, -16.282980007595455 ], [ -59.789242214626718, -16.275353325737818 ], [ -59.79166666666665, -16.275 ], [ -59.793877156575505, -16.275567287868896 ], [ -59.797789510091128, -16.278599378797715 ], [ -59.802210489908838, -16.279733954535562 ], [ -59.806122843424461, -16.282766045464381 ], [ -59.811892530653196, -16.284246656629744 ], [ -59.8125, -16.3 ], [ -59.816043090820294, -16.300909254285994 ], [ -59.816666666666649, -16.3125 ], [ -59.823257785373251, -16.312146674262124 ], [ -59.837145317925334, -16.298284742567244 ], [ -59.8375, -16.291666666666636 ], [ -59.844091118706579, -16.291313340928792 ], [ -59.851742214626718, -16.283686659071151 ], [ -59.872549777560749, -16.282980007595455 ], [ -59.885415818956147, -16.295819600423147 ], [ -59.889242214626719, -16.292019992404484 ], [ -59.891666666666652, -16.291666666666636 ], [ -59.902424452039917, -16.292019992404484 ], [ -59.907975260416649, -16.297543165418809 ], [ -59.908686659071165, -16.302424452039901 ], [ -59.912146674262139, -16.305908881293373 ], [ -59.912853325737828, -16.310757785373234 ], [ -59.918376498752153, -16.316308593749973 ], [ -59.92083333333332, -16.316666666666638 ], [ -59.920172119140609, -16.324100409613685 ], [ -59.91666666666665, -16.325 ], [ -59.91666666666665, -16.329166666666637 ], [ -59.917517598470035, -16.332482401529919 ], [ -59.923043823242175, -16.333900621202229 ], [ -59.926956176757798, -16.336932712131048 ], [ -59.931377156575508, -16.338067287868896 ], [ -59.943622843424464, -16.349432712131048 ], [ -59.949604119194866, -16.350967746310737 ], [ -59.953599378797726, -16.356122843424451 ], [ -59.954166666666652, -16.358333333333306 ], [ -59.953599378797726, -16.36054382324216 ], [ -59.949735344780798, -16.36552954779728 ], [ -59.956377156575506, -16.367233954535561 ], [ -59.96028951009113, -16.370266045464383 ], [ -59.970833333333317, -16.370833333333305 ], [ -59.971684265136702, -16.367517598470023 ], [ -59.978315734863266, -16.365815734863254 ], [ -59.979733954535575, -16.360289510091118 ], [ -59.984345160590266, -16.354760233561169 ], [ -60.025988091362834, -16.353599378797714 ], [ -60.039456176757795, -16.366099378797713 ], [ -60.04166666666665, -16.366666666666639 ], [ -60.043877156575505, -16.366099378797713 ], [ -60.051956176757798, -16.358900621202228 ], [ -60.056377156575508, -16.357766045464381 ], [ -60.060289510091131, -16.354733954535561 ], [ -60.082424079047293, -16.353543090820285 ], [ -60.084184265136706, -16.346684265136691 ], [ -60.089710489908839, -16.345266045464381 ], [ -60.093622843424463, -16.342233954535562 ], [ -60.095833333333317, -16.341666666666637 ], [ -60.1, -16.341666666666637 ], [ -60.100353325737835, -16.344091118706569 ], [ -60.107980007595472, -16.351742214626707 ], [ -60.108333333333299, -16.354166666666639 ], [ -60.114710489908816, -16.353599378797714 ], [ -60.11875, -16.35046878390839 ], [ -60.12278951009111, -16.353599378797714 ], [ -60.125746663411419, -16.354733954535561 ], [ -60.131122843424443, -16.350567287868895 ], [ -60.155200873480865, -16.349432712131048 ], [ -60.182445949978259, -16.375708855522976 ], [ -60.184239027235208, -16.382695685492592 ], [ -60.202210489908815, -16.38390062120223 ], [ -60.207365587022537, -16.387895880805093 ], [ -60.209144422743016, -16.394826592339381 ], [ -60.213246663411425, -16.396400621202229 ], [ -60.218622843424441, -16.392233954535563 ], [ -60.229166666666629, -16.391666666666637 ], [ -60.231591118706561, -16.392019992404485 ], [ -60.235075547960037, -16.395480007595459 ], [ -60.256591118706559, -16.396186659071152 ], [ -60.260075547960035, -16.399646674262126 ], [ -60.277424452039895, -16.400353325737818 ], [ -60.282975260416634, -16.405876498752143 ], [ -60.283333333333296, -16.408333333333307 ], [ -60.283333333333296, -16.4125 ], [ -60.284105767144062, -16.415780300564208 ], [ -60.288499281141455, -16.417148674858915 ], [ -60.293585205078088, -16.413029479980441 ], [ -60.310581461588505, -16.411970520019501 ], [ -60.315726047091978, -16.407803853352839 ], [ -60.327248128255171, -16.408862813313775 ], [ -60.332392713758644, -16.413029479980441 ], [ -60.335581461588504, -16.411970520019501 ], [ -60.339583333333294, -16.408729214138425 ], [ -60.343585205078092, -16.411970520019501 ], [ -60.354166666666629, -16.4125 ], [ -60.358333333333299, -16.4125 ], [ -60.358994547526009, -16.405066257052923 ], [ -60.3625, -16.40416666666664 ], [ -60.363350762261248, -16.400850931803358 ], [ -60.366666666666632, -16.4 ], [ -60.367566257052914, -16.403505452473929 ], [ -60.381377156575489, -16.404733954535562 ], [ -60.389456176757776, -16.411932712131048 ], [ -60.39166666666663, -16.4125 ], [ -60.398043823242155, -16.411932712131048 ], [ -60.401956176757778, -16.408900621202228 ], [ -60.410543823242151, -16.407766045464381 ], [ -60.414456176757781, -16.404733954535562 ], [ -60.418877156575483, -16.403599378797715 ], [ -60.422789510091114, -16.400567287868896 ], [ -60.427951727973053, -16.399432712131048 ], [ -60.429977756076354, -16.407326592339381 ], [ -60.434079996744757, -16.408900621202228 ], [ -60.43945617675778, -16.404733954535562 ], [ -60.448785061306388, -16.403599378797715 ], [ -60.450567287868893, -16.410543823242158 ], [ -60.453599378797712, -16.414456176757785 ], [ -60.455054050021666, -16.420124816894504 ], [ -60.464710489908818, -16.421400621202228 ], [ -60.468622843424441, -16.42443271213105 ], [ -60.471579996744758, -16.425567287868894 ], [ -60.476956176757781, -16.421400621202228 ], [ -60.479913330078091, -16.420266045464381 ], [ -60.485289510091114, -16.42443271213105 ], [ -60.491005452473928, -16.425899590386258 ], [ -60.491666666666632, -16.433333333333305 ], [ -60.494091118706564, -16.433686659071153 ], [ -60.497575547960032, -16.437146674262124 ], [ -60.50587972005205, -16.437853325737819 ], [ -60.510075547960035, -16.433686659071153 ], [ -60.539924452039898, -16.432980007595457 ], [ -60.543408881293367, -16.429519992404487 ], [ -60.545833333333299, -16.429166666666639 ], [ -60.546191067165765, -16.431621805826794 ], [ -60.555908881293369, -16.44131334092879 ], [ -60.558333333333302, -16.441666666666638 ], [ -60.585757785373232, -16.44131334092879 ], [ -60.589242214626701, -16.437853325737819 ], [ -60.597546386718719, -16.437146674262124 ], [ -60.601742214626704, -16.44131334092879 ], [ -60.610757785373231, -16.442019992404486 ], [ -60.614242214626699, -16.445480007595457 ], [ -60.616666666666632, -16.445833333333304 ], [ -60.616023763020799, -16.452135043674019 ], [ -60.612515258789031, -16.457083468966985 ], [ -60.620683458116289, -16.459542677137559 ], [ -60.629809570312467, -16.470199584960909 ], [ -60.628440687391461, -16.49089067247176 ], [ -60.620833333333302, -16.491666666666639 ], [ -60.620833333333302, -16.495833333333305 ], [ -60.621186659071149, -16.498257785373237 ], [ -60.624646674262117, -16.501742214626709 ], [ -60.625, -16.508333333333304 ], [ -60.633333333333297, -16.508333333333304 ], [ -60.639710489908822, -16.50890062120223 ], [ -60.649080403645797, -16.517249552408828 ], [ -60.650567287868888, -16.523043823242162 ], [ -60.653599378797708, -16.526956176757785 ], [ -60.654733954535558, -16.531377156575495 ], [ -60.657766045464378, -16.535289510091118 ], [ -60.658900621202221, -16.539710489908828 ], [ -60.662031385633647, -16.54375 ], [ -60.658798556857604, -16.54792124430336 ], [ -60.663419596354132, -16.553462388780353 ], [ -60.674112616644933, -16.554875183105441 ], [ -60.675, -16.558333333333305 ], [ -60.677210489908823, -16.557766045464383 ], [ -60.681122843424447, -16.554733954535564 ], [ -60.685543823242156, -16.553599378797717 ], [ -60.697789510091113, -16.542233954535565 ], [ -60.703315904405351, -16.540815734863255 ], [ -60.704733954535556, -16.535289510091118 ], [ -60.707766045464375, -16.531377156575495 ], [ -60.7083333333333, -16.52916666666664 ], [ -60.711649237738683, -16.530017598470025 ], [ -60.713067287868888, -16.535543823242161 ], [ -60.71706271701386, -16.540698920355876 ], [ -60.723043823242158, -16.542233954535565 ], [ -60.743622843424447, -16.56193271213105 ], [ -60.749291653103263, -16.563387383355007 ], [ -60.75056728786889, -16.573043823242159 ], [ -60.753599378797709, -16.576956176757786 ], [ -60.754166666666634, -16.579166666666641 ], [ -60.75351189507375, -16.586526997884089 ], [ -60.743877156575486, -16.595266045464385 ], [ -60.722789510091111, -16.596400621202232 ], [ -60.718877156575488, -16.599432712131051 ], [ -60.714456176757778, -16.600567287868898 ], [ -60.710543823242155, -16.603599378797718 ], [ -60.704875013563338, -16.605054050021675 ], [ -60.703599378797712, -16.614710489908827 ], [ -60.696400621202223, -16.62278951009112 ], [ -60.694865587022534, -16.628770785861519 ], [ -60.689710489908819, -16.632766045464383 ], [ -60.676956176757777, -16.63390062120223 ], [ -60.673043823242153, -16.636932712131049 ], [ -60.659293280707431, -16.638155958387561 ], [ -60.654733954535558, -16.643622843424453 ], [ -60.654166666666633, -16.65416666666664 ], [ -60.65085076226125, -16.655017598470025 ], [ -60.65, -16.658333333333307 ], [ -60.64622938368052, -16.65930107964407 ], [ -60.642233954535556, -16.664456176757788 ], [ -60.640779283311602, -16.670124816894507 ], [ -60.630099826388857, -16.671535746256485 ], [ -60.617233954535557, -16.68528951009112 ], [ -60.616011895073754, -16.69902699788409 ], [ -60.605126274956561, -16.708900621202233 ], [ -60.601956176757781, -16.707766045464385 ], [ -60.598043823242151, -16.704733954535563 ], [ -60.595833333333303, -16.704166666666641 ], [ -60.595478312174443, -16.697546217176622 ], [ -60.589924452039895, -16.692019992404489 ], [ -60.572575547960035, -16.691313340928794 ], [ -60.569091118706567, -16.687853325737823 ], [ -60.5625, -16.6875 ], [ -60.560339694552916, -16.688117641872804 ], [ -60.556326972113681, -16.691049024793813 ], [ -60.552006361219583, -16.69228430853947 ], [ -60.547993638780348, -16.695215691460479 ], [ -60.54259304470483, -16.696759711371502 ], [ -60.540298800998229, -16.70478430853947 ], [ -60.535339694552917, -16.703549024793812 ], [ -60.529635959201357, -16.699382358127146 ], [ -60.504977416992155, -16.700680541992163 ], [ -60.503398301866284, -16.711528354220896 ], [ -60.497839694552916, -16.713117641872806 ], [ -60.493826972113681, -16.716049024793811 ], [ -60.48761393229163, -16.717825486924887 ], [ -60.48395080566403, -16.722839864095025 ], [ -60.482346937391462, -16.728449503580705 ], [ -60.468673027886254, -16.729784308539472 ], [ -60.464660305447012, -16.732715691460477 ], [ -60.446657986111077, -16.734037780761692 ], [ -60.441049194335903, -16.741051059299018 ], [ -60.442284138997358, -16.756326802571589 ], [ -60.4452718098958, -16.760416666666643 ], [ -60.442284138997358, -16.764506530761693 ], [ -60.441049194335903, -16.768826802571589 ], [ -60.438117472330696, -16.772839864095026 ], [ -60.436882527669233, -16.777160135904921 ], [ -60.42145080566403, -16.793673197428362 ], [ -60.420833333333299, -16.8 ], [ -60.410075547960034, -16.799646674262128 ], [ -60.40625, -16.795847913953967 ], [ -60.402424452039895, -16.799646674262128 ], [ -60.379166666666634, -16.8 ], [ -60.378549194335903, -16.818826802571589 ], [ -60.375617472330696, -16.822839864095027 ], [ -60.374382527669233, -16.827160135904922 ], [ -60.35478413899736, -16.847839694552928 ], [ -60.353461032443541, -16.865859646267339 ], [ -60.341997612847187, -16.86752827962237 ], [ -60.338117472330694, -16.872839694552926 ], [ -60.336882527669232, -16.877160305447024 ], [ -60.329784138997361, -16.885339694552925 ], [ -60.328549194335899, -16.89382697211369 ], [ -60.325617472330691, -16.897839694552928 ], [ -60.323999362521668, -16.903499688042512 ], [ -60.296833970811598, -16.904833645290775 ], [ -60.295215861002568, -16.910493638780359 ], [ -60.288117472330697, -16.91867302788626 ], [ -60.2875, -16.920833333333309 ], [ -60.283333333333296, -16.920833333333309 ], [ -60.276742214626701, -16.920480007595462 ], [ -60.272546386718716, -16.916313340928795 ], [ -60.239242214626699, -16.917019992404491 ], [ -60.235757785373231, -16.920480007595462 ], [ -60.233333333333299, -16.920833333333309 ], [ -60.230908881293367, -16.921186659071157 ], [ -60.227424452039898, -16.924646674262128 ], [ -60.225, -16.925 ], [ -60.225, -16.929166666666642 ], [ -60.224100409613676, -16.932672119140602 ], [ -60.216666666666633, -16.933333333333309 ], [ -60.214506361219584, -16.93395080566404 ], [ -60.210493638780349, -16.936882527669248 ], [ -60.200794135199615, -16.93829413519963 ], [ -60.199382527669236, -16.947993638780357 ], [ -60.196450805664028, -16.952006361219595 ], [ -60.194861518012118, -16.957564968532964 ], [ -60.185339694552916, -16.958950805664038 ], [ -60.181326972113681, -16.961882527669246 ], [ -60.175768364800312, -16.963471815321157 ], [ -60.174231635199618, -16.974028184678797 ], [ -60.166963365342845, -16.976106431749109 ], [ -60.158950805664027, -16.985339694552927 ], [ -60.158333333333296, -16.9875 ], [ -60.155908881293364, -16.987853325737824 ], [ -60.152424452039895, -16.991313340928798 ], [ -60.135046725802916, -16.992021009657094 ], [ -60.129519992404475, -16.997575547960047 ], [ -60.129166666666627, -17.016666666666644 ], [ -60.129784138997358, -17.018826972113693 ], [ -60.133950805664028, -17.024530707465253 ], [ -60.13240186903208, -17.033053249782963 ], [ -60.127160305447013, -17.036882527669249 ], [ -60.122839694552916, -17.038117472330708 ], [ -60.118826972113681, -17.041049194335915 ], [ -60.109068467881904, -17.042469278971332 ], [ -60.107715861002568, -17.056326972113691 ], [ -60.10061747233069, -17.064506361219596 ], [ -60.099138387044235, -17.07466905381942 ], [ -60.093826972113675, -17.078549194335913 ], [ -60.084305148654479, -17.079935031466992 ], [ -60.082406955295099, -17.086573621961783 ], [ -60.077006361219581, -17.088117472330708 ], [ -60.072993638780346, -17.091049194335916 ], [ -60.052006361219583, -17.092284138997375 ], [ -60.047993638780341, -17.095215861002583 ], [ -60.042435031466979, -17.096805148654489 ], [ -60.041049194335898, -17.106326972113692 ], [ -60.03811747233069, -17.11033969455293 ], [ -60.036882527669235, -17.114660305447025 ], [ -60.033950805664027, -17.118673027886263 ], [ -60.032715861002565, -17.122993638780361 ], [ -60.02972819010413, -17.12708333333331 ], [ -60.032715861002565, -17.131173027886263 ], [ -60.033333333333296, -17.133333333333312 ], [ -60.032613457573746, -17.145056830512132 ], [ -60.025, -17.145833333333311 ], [ -60.024221123589371, -17.153468831380188 ], [ -60.008333333333297, -17.154166666666644 ], [ -60.007979159884968, -17.164953274197025 ], [ -60.002424452039918, -17.170480007595465 ], [ -60.0, -17.170833333333313 ], [ -60.0, -17.183333333333312 ], [ -60.000567287868911, -17.185543823242167 ], [ -60.00359937879773, -17.18945617675779 ], [ -60.004733954535574, -17.206377156575499 ], [ -60.008900621202244, -17.211753336588519 ], [ -60.007766045464393, -17.214710489908832 ], [ -60.000567287868911, -17.222789510091125 ], [ -59.999149068196601, -17.22831590440536 ], [ -59.992062547471775, -17.23013441297741 ], [ -59.988067287868908, -17.235289510091125 ], [ -59.9875, -17.241666666666646 ], [ -59.987853325737831, -17.244091118706574 ], [ -59.991313340928805, -17.247575547960047 ], [ -59.992021348741304, -17.260784573025152 ], [ -60.010075547960056, -17.278813340928799 ], [ -60.0125, -17.279166666666647 ], [ -60.011932712131063, -17.281377156575498 ], [ -59.996292283799896, -17.297904120551195 ], [ -59.999531216091562, -17.302083333333314 ], [ -59.996400621202241, -17.306122843424458 ], [ -59.994865587022552, -17.312103949652759 ], [ -59.989710489908838, -17.316099378797723 ], [ -59.984184265136705, -17.317517428927932 ], [ -59.982766045464395, -17.323043823242166 ], [ -59.979733954535575, -17.326956176757793 ], [ -59.978599378797725, -17.331377156575499 ], [ -59.975567287868905, -17.335289510091126 ], [ -59.975, -17.3375 ], [ -59.975967746310729, -17.341270616319424 ], [ -59.981122843424444, -17.345266045464388 ], [ -59.985543823242146, -17.346400621202235 ], [ -59.989456176757777, -17.349432712131055 ], [ -59.998043823242149, -17.350567287868902 ], [ -60.001956176757773, -17.353599378797721 ], [ -60.015706719292496, -17.354822455512132 ], [ -60.020266045464375, -17.360289510091125 ], [ -60.021720716688328, -17.365958319769945 ], [ -60.031377156575481, -17.367233954535571 ], [ -60.035289510091111, -17.37026604546439 ], [ -60.044904242621492, -17.371536254882791 ], [ -60.053705851236941, -17.38124016655814 ], [ -60.049432712131036, -17.386753336588523 ], [ -60.050567287868887, -17.389710489908833 ], [ -60.061932712131039, -17.401956176757793 ], [ -60.0625, -17.408333333333314 ], [ -60.063078138563327, -17.419886271158834 ], [ -60.067665947808123, -17.421315511067689 ], [ -60.072751871744757, -17.417196316189216 ], [ -60.104166666666629, -17.416666666666647 ], [ -60.106591118706561, -17.417019992404494 ], [ -60.114242214626699, -17.424646674262132 ], [ -60.119091118706564, -17.425353325737827 ], [ -60.122575547960032, -17.428813340928798 ], [ -60.135757785373229, -17.429519992404494 ], [ -60.139242214626698, -17.432980007595468 ], [ -60.154166666666633, -17.433333333333312 ], [ -60.153813340928785, -17.444091118706577 ], [ -60.149646674262115, -17.448286946614562 ], [ -60.150353325737811, -17.456591118706577 ], [ -60.154519992404474, -17.460786946614565 ], [ -60.153813340928785, -17.473257785373246 ], [ -60.149646674262115, -17.477453613281231 ], [ -60.150355699327221, -17.485786268446162 ], [ -60.160075547960034, -17.495480007595468 ], [ -60.166666666666629, -17.495833333333316 ], [ -60.166666666666629, -17.5 ], [ -60.170172119140588, -17.500899590386265 ], [ -60.171400621202217, -17.514710489908836 ], [ -60.174432712131036, -17.51862284342446 ], [ -60.175, -17.520833333333314 ], [ -60.172789510091107, -17.52140062120224 ], [ -60.168877156575483, -17.524432712131059 ], [ -60.163350762261246, -17.525850762261264 ], [ -60.161932712131041, -17.531377156575502 ], [ -60.157766045464371, -17.536753336588522 ], [ -60.158900621202221, -17.539710489908835 ], [ -60.170373535156216, -17.552071804470469 ], [ -60.166099378797703, -17.557586669921857 ], [ -60.167233954535554, -17.564710489908837 ], [ -60.170364718966979, -17.56875 ], [ -60.167233954535554, -17.572789510091127 ], [ -60.166099378797703, -17.589710489908835 ], [ -60.163067287868884, -17.593622843424463 ], [ -60.1625, -17.6 ], [ -60.163350762261246, -17.603315904405363 ], [ -60.168877156575483, -17.604733954535572 ], [ -60.17291666666663, -17.607864718966994 ], [ -60.177092149522537, -17.604628499348941 ], [ -60.18528951009111, -17.611932712131058 ], [ -60.194913736979132, -17.613204277886268 ], [ -60.200567287868886, -17.619983249240434 ], [ -60.199432712131042, -17.648043823242169 ], [ -60.195846557617152, -17.652670966254323 ], [ -60.201956176757776, -17.657766045464392 ], [ -60.207482571072013, -17.6591840955946 ], [ -60.208900621202218, -17.664710489908835 ], [ -60.211932712131038, -17.668622843424462 ], [ -60.213067287868888, -17.673043823242171 ], [ -60.216198052300314, -17.677083333333314 ], [ -60.213067287868888, -17.681122843424461 ], [ -60.211932712131038, -17.743877156575504 ], [ -60.204733954535556, -17.751956176757794 ], [ -60.203599378797705, -17.76054382324217 ], [ -60.192233954535553, -17.77278951009113 ], [ -60.190815904405348, -17.778315904405364 ], [ -60.1875, -17.779166666666651 ], [ -60.1875, -17.783333333333317 ], [ -60.187853325737812, -17.802424452039915 ], [ -60.191313340928787, -17.805908881293387 ], [ -60.192019992404475, -17.810757785373248 ], [ -60.195480007595449, -17.81424221462672 ], [ -60.195833333333297, -17.8375 ], [ -60.19337836371524, -17.83785773383245 ], [ -60.183686659071142, -17.847575547960052 ], [ -60.183333333333294, -17.85 ], [ -60.183333333333323, -17.85416666666665 ], [ -60.186862352159274, -17.85507236056856 ], [ -60.188067287868911, -17.87304382324217 ], [ -60.19109937879773, -17.876956176757798 ], [ -60.192233954535574, -17.881377156575503 ], [ -60.199432712131063, -17.889456176757797 ], [ -60.200567287868907, -17.89241333007811 ], [ -60.196400621202244, -17.89778951009113 ], [ -60.195266045464393, -17.904913330078109 ], [ -60.199432712131063, -17.910289510091129 ], [ -60.200567287868907, -17.923785061306408 ], [ -60.195833333333319, -17.925 ], [ -60.195833333333297, -17.945833333333319 ], [ -60.198257785373229, -17.946186659071167 ], [ -60.201742214626698, -17.949646674262137 ], [ -60.230882432725657, -17.950353325737833 ], [ -60.239242214626699, -17.942019992404497 ], [ -60.256591118706559, -17.941313340928804 ], [ -60.262141927083299, -17.935790337456581 ], [ -60.2625, -17.933333333333316 ], [ -60.263350762261247, -17.930017428927936 ], [ -60.268877156575485, -17.928599378797728 ], [ -60.272789510091108, -17.925567287868908 ], [ -60.279166666666633, -17.925 ], [ -60.281377156575488, -17.925567287868908 ], [ -60.285289510091111, -17.928599378797728 ], [ -60.290815904405349, -17.930017428927936 ], [ -60.291666666666629, -17.933333333333316 ], [ -60.292233954535554, -17.956377156575506 ], [ -60.295266045464373, -17.96028951009113 ], [ -60.296400621202224, -18.010543823242173 ], [ -60.317233954535553, -18.032307942708318 ], [ -60.31593458387583, -18.040785386827242 ], [ -60.3125, -18.04166666666665 ], [ -60.3125, -18.04583333333332 ], [ -60.297575547960037, -18.045480007595454 ], [ -60.294091118706561, -18.042019992404484 ], [ -60.272575547960031, -18.041313340928788 ], [ -60.26875, -18.037514580620631 ], [ -60.264924452039892, -18.041313340928788 ], [ -60.254166666666634, -18.041666666666636 ], [ -60.254166666666634, -18.045833333333302 ], [ -60.254827880859338, -18.053267076280349 ], [ -60.258333333333297, -18.054166666666635 ], [ -60.258333333333297, -18.058333333333302 ], [ -60.258333333333297, -18.066666666666634 ], [ -60.260493638780346, -18.067284308539467 ], [ -60.281173027886247, -18.086882358127141 ], [ -60.285493638780345, -18.088117641872799 ], [ -60.29367302788625, -18.095215691460474 ], [ -60.302160305447011, -18.096450975206132 ], [ -60.306173027886246, -18.099382358127141 ], [ -60.314660305447013, -18.100617641872798 ], [ -60.322839694552918, -18.107715691460474 ], [ -60.328449503580693, -18.109319559733041 ], [ -60.329784138997361, -18.122993469238253 ], [ -60.337796698676179, -18.132226901584172 ], [ -60.343826972113682, -18.133950975206133 ], [ -60.357245212131041, -18.146193610297278 ], [ -60.35895080566403, -18.152160135904918 ], [ -60.36261393229163, -18.157174513075056 ], [ -60.368826972113681, -18.158950975206132 ], [ -60.377006361219586, -18.166049024793807 ], [ -60.382564968532954, -18.167638312445717 ], [ -60.384135945637986, -18.178431532118026 ], [ -60.39166666666663, -18.179166666666639 ], [ -60.39166666666663, -18.183333333333302 ], [ -60.391313340928782, -18.202424452039899 ], [ -60.383686659071145, -18.210075547960038 ], [ -60.382980007595449, -18.227424452039902 ], [ -60.379519992404482, -18.230908881293374 ], [ -60.378813340928787, -18.235757785373234 ], [ -60.371186659071142, -18.243408881293373 ], [ -60.370480007595454, -18.248257785373234 ], [ -60.367019992404479, -18.251742214626706 ], [ -60.366313340928784, -18.256591118706567 ], [ -60.358686659071147, -18.264242214626705 ], [ -60.358333333333299, -18.275 ], [ -60.378251139322884, -18.275598483615422 ], [ -60.379733954535553, -18.281377156575491 ], [ -60.382766045464372, -18.285289510091118 ], [ -60.383333333333297, -18.291666666666636 ], [ -60.383686659071145, -18.294091118706568 ], [ -60.391313340928782, -18.301742214626707 ], [ -60.39166666666663, -18.316666666666638 ], [ -60.391313340928782, -18.323257785373237 ], [ -60.387853325737815, -18.326742214626709 ], [ -60.3875, -18.329166666666637 ], [ -60.3875, -18.3375 ], [ -60.388350762261247, -18.340815734863252 ], [ -60.39166666666663, -18.341666666666637 ], [ -60.39166666666663, -18.345833333333303 ], [ -60.392019992404478, -18.360757785373234 ], [ -60.395480007595452, -18.364242214626707 ], [ -60.3958333333333, -18.366666666666639 ], [ -60.3958333333333, -18.375 ], [ -60.392290242512985, -18.375909254285997 ], [ -60.39166666666663, -18.3875 ], [ -60.392019992404478, -18.389924452039903 ], [ -60.404153103298576, -18.402082485622802 ], [ -60.400014580620628, -18.40625 ], [ -60.403813340928785, -18.410075547960041 ], [ -60.404166666666633, -18.420833333333306 ], [ -60.406326972113682, -18.421450975206135 ], [ -60.410339694552917, -18.424382358127144 ], [ -60.414660305447015, -18.425617641872801 ], [ -60.41867302788625, -18.42854902479381 ], [ -60.439660305447013, -18.429784308539467 ], [ -60.443673027886248, -18.432715691460476 ], [ -60.452160305447016, -18.433950975206134 ], [ -60.460339694552914, -18.441049024793809 ], [ -60.470145331488681, -18.442476230197457 ], [ -60.470833333333296, -18.454166666666637 ], [ -60.470480007595455, -18.464924452039902 ], [ -60.467019992404481, -18.468408881293374 ], [ -60.466313340928785, -18.473257785373235 ], [ -60.462853325737811, -18.476742214626707 ], [ -60.462146674262115, -18.485757785373238 ], [ -60.457980007595452, -18.489953782823324 ], [ -60.458686659071148, -18.502424452039904 ], [ -60.462146674262115, -18.505908881293376 ], [ -60.4625, -18.5125 ], [ -60.46335076226125, -18.515815734863253 ], [ -60.469982571072016, -18.517517598470025 ], [ -60.471400621202221, -18.523043823242162 ], [ -60.474432712131041, -18.526956176757785 ], [ -60.475967746310729, -18.532937452528184 ], [ -60.481122843424444, -18.536932712131048 ], [ -60.485543823242153, -18.538067287868898 ], [ -60.489456176757777, -18.541099378797718 ], [ -60.494982571072015, -18.542517598470024 ], [ -60.49640062120222, -18.54804382324216 ], [ -60.504733954535553, -18.557396104600667 ], [ -60.503599378797709, -18.564710489908826 ], [ -60.50056728786889, -18.568622843424453 ], [ -60.499432712131039, -18.573043823242159 ], [ -60.49640062120222, -18.576956176757786 ], [ -60.495833333333302, -18.595833333333307 ], [ -60.502160305447013, -18.596450975206135 ], [ -60.506173027886248, -18.599382358127144 ], [ -60.515694851345451, -18.600768195258219 ], [ -60.517284138997361, -18.606326802571587 ], [ -60.528549194335902, -18.618673197428357 ], [ -60.529784138997364, -18.650469122992597 ], [ -60.525617472330694, -18.656173197428359 ], [ -60.524382527669239, -18.661500379774282 ], [ -60.536811998155351, -18.663309563530788 ], [ -60.538117472330697, -18.685493469238256 ], [ -60.545215861002568, -18.69367319742836 ], [ -60.54645080566403, -18.697993469238256 ], [ -60.549382527669238, -18.702006530761693 ], [ -60.550617472330693, -18.710493469238255 ], [ -60.557715861002571, -18.718673197428359 ], [ -60.558333333333302, -18.720833333333307 ], [ -60.561649237738685, -18.719982401529922 ], [ -60.5625, -18.71666666666664 ], [ -60.585757785373232, -18.717019992404488 ], [ -60.589242214626701, -18.720480007595462 ], [ -60.594091118706565, -18.721186659071154 ], [ -60.597575547960034, -18.724646674262129 ], [ -60.602424452039898, -18.725353325737821 ], [ -60.605908881293367, -18.728813340928795 ], [ -60.620833333333302, -18.729166666666643 ], [ -60.621494547526012, -18.73660040961369 ], [ -60.627210489908819, -18.738067287868898 ], [ -60.635289510091113, -18.745266045464383 ], [ -60.641059027777743, -18.74674665662975 ], [ -60.641666666666637, -18.7625 ], [ -60.656591118706565, -18.762146674262127 ], [ -60.660075547960034, -18.758686659071156 ], [ -60.6625, -18.758333333333308 ], [ -60.664924452039898, -18.758686659071156 ], [ -60.670475260416637, -18.764209832085477 ], [ -60.670833333333299, -18.766666666666641 ], [ -60.671186659071147, -18.785757785373239 ], [ -60.675353325737817, -18.789953782823325 ], [ -60.674646674262121, -18.798257785373238 ], [ -60.670480007595451, -18.802453782823328 ], [ -60.671186659071147, -18.810757785373241 ], [ -60.674646674262121, -18.814242214626709 ], [ -60.675, -18.820833333333308 ], [ -60.681339518229137, -18.821438429090687 ], [ -60.685327148437466, -18.824394904242595 ], [ -60.68967285156247, -18.825605095757354 ], [ -60.706239488389727, -18.841135660807268 ], [ -60.710327148437464, -18.838105095757353 ], [ -60.713287353515589, -18.836894904242598 ], [ -60.723496839735212, -18.845812988281224 ], [ -60.725604926215247, -18.85054050021699 ], [ -60.721438259548577, -18.856160481770807 ], [ -60.720228407118022, -18.864672851562474 ], [ -60.716222805447018, -18.870075141059004 ], [ -60.717611355251705, -18.879472181532094 ], [ -60.722827148437467, -18.875604926215253 ], [ -60.748671129014724, -18.874395073784697 ], [ -60.750907389322883, -18.882425944010393 ], [ -60.756339518229133, -18.883938259548586 ], [ -60.760327148437469, -18.886895073784697 ], [ -60.7708333333333, -18.8875 ], [ -60.771186659071148, -18.927424452039908 ], [ -60.775001356336773, -18.931265936957441 ], [ -60.769091118706562, -18.937146674262131 ], [ -60.766666666666637, -18.9375 ], [ -60.766666666666637, -18.941666666666642 ], [ -60.766666666666637, -18.945833333333312 ], [ -60.7708333333333, -18.945833333333312 ], [ -60.773257785373232, -18.946186659071156 ], [ -60.780908881293371, -18.953813340928797 ], [ -60.783333333333303, -18.954166666666644 ], [ -60.785757785373235, -18.954519992404489 ], [ -60.789242214626704, -18.957980007595463 ], [ -60.793379720052052, -18.958686659071155 ], [ -60.797575547960037, -18.954519992404489 ], [ -60.808333333333302, -18.954166666666644 ], [ -60.810493638780351, -18.954784138997372 ], [ -60.818673027886256, -18.961882527669246 ], [ -60.821302625868022, -18.963117472330705 ], [ -60.827006361219588, -18.958950805664038 ], [ -60.829903496636256, -18.95771586100258 ], [ -60.839506361219584, -18.966049194335913 ], [ -60.844906955295109, -18.967593044704838 ], [ -60.846809895833303, -18.974248250325498 ], [ -60.857333713107607, -18.975617472330704 ], [ -60.859281751844584, -18.96223246256508 ], [ -60.86450636121959, -18.966049194335913 ], [ -60.877160305447021, -18.967284138997371 ], [ -60.881173027886256, -18.970215861002579 ], [ -60.889660305447016, -18.971450805664038 ], [ -60.899264865451357, -18.979969957139733 ], [ -60.9, -18.9875 ], [ -60.901193915473058, -18.991787380642336 ], [ -60.906160481770804, -18.988104926215254 ], [ -60.932531399197018, -18.986837768554665 ], [ -60.933777194552924, -18.978408474392339 ], [ -60.928561740451357, -18.971373833550324 ], [ -60.929853312174451, -18.955135769314211 ], [ -60.933333333333302, -18.954166666666644 ], [ -60.933333333333302, -18.95 ], [ -60.956301540798577, -18.950642903645811 ], [ -60.964531792534693, -18.957690429687474 ], [ -60.96880154079858, -18.958976236979144 ], [ -60.972865125868026, -18.961857096354144 ], [ -60.985468207465246, -18.96314290364581 ], [ -60.990846082899274, -18.96695590549043 ], [ -60.992438083224798, -18.98256191677515 ], [ -61.007561916775146, -18.984104749891468 ], [ -61.008333333333304, -18.991666666666642 ], [ -61.019924248589376, -18.991043090820288 ], [ -61.0208333333333, -18.9875 ], [ -61.017400783962643, -18.986619059244767 ], [ -61.016099378797712, -18.978229437934004 ], [ -61.024432712131045, -18.968877156575498 ], [ -61.025, -18.9625 ], [ -61.035543823242158, -18.961932712131052 ], [ -61.043622843424451, -18.954733954535566 ], [ -61.063246663411427, -18.953599378797719 ], [ -61.06862284342445, -18.957766045464385 ], [ -61.073043823242159, -18.958900621202233 ], [ -61.082170274522539, -18.967032538519941 ], [ -61.083333333333307, -18.9625 ], [ -61.08423292371959, -18.958994547526018 ], [ -61.099100409613683, -18.9576721191406 ], [ -61.1, -18.954166666666644 ], [ -61.102424452039898, -18.954519992404489 ], [ -61.110075547960037, -18.962146674262129 ], [ -61.1125, -18.9625 ], [ -61.114924452039901, -18.962146674262129 ], [ -61.11875, -18.958347913953968 ], [ -61.122575547960039, -18.962146674262129 ], [ -61.126716783311601, -18.962853325737825 ], [ -61.143749321831571, -18.945846557617163 ], [ -61.149641927083302, -18.951709662543379 ], [ -61.15, -18.954166666666644 ], [ -61.152424452039902, -18.953813340928797 ], [ -61.157975260416634, -18.948290337456573 ], [ -61.158333333333303, -18.945833333333312 ], [ -61.160757785373235, -18.946186659071156 ], [ -61.164242214626711, -18.94964667426213 ], [ -61.170833333333306, -18.95 ], [ -61.171739027235212, -18.953528849283831 ], [ -61.189710489908826, -18.954733954535566 ], [ -61.195086669921849, -18.958900621202233 ], [ -61.202210489908829, -18.957766045464385 ], [ -61.215678575303791, -18.945266045464386 ], [ -61.228269788953966, -18.946504720052062 ], [ -61.229166666666636, -18.95 ], [ -61.245833333333309, -18.95 ], [ -61.245833333333309, -18.945833333333312 ], [ -61.246488783094591, -18.935377671983481 ], [ -61.249344550238689, -18.931288994683136 ], [ -61.250655449761254, -18.922877671983482 ], [ -61.253511216905352, -18.918788994683137 ], [ -61.254822116427924, -18.914544338650149 ], [ -61.257677883572022, -18.9104556613498 ], [ -61.258988783094587, -18.906211005316816 ], [ -61.261844550238685, -18.902122328016468 ], [ -61.263386366102402, -18.897129652235218 ], [ -61.266912502712643, -18.895177883572025 ], [ -61.27287767198348, -18.899344550238691 ], [ -61.294768100314641, -18.900716824001712 ], [ -61.296488783094588, -18.906288994683138 ], [ -61.304537455240855, -18.915750461154488 ], [ -61.315918307834174, -18.917523871527756 ], [ -61.317422824435738, -18.936743842230879 ], [ -61.335455661349798, -18.938155449761261 ], [ -61.343751186794677, -18.945212131076364 ], [ -61.356211005316815, -18.933988783094595 ], [ -61.378090582953533, -18.932677883572026 ], [ -61.379979281955265, -18.944797770182269 ], [ -61.385455661349802, -18.946488783094594 ], [ -61.389544338650147, -18.949344550238692 ], [ -61.391666666666637, -18.95 ], [ -61.394982401529923, -18.949149237738691 ], [ -61.395833333333307, -18.945833333333312 ], [ -61.408333333333303, -18.945833333333312 ], [ -61.416666666666643, -18.945833333333312 ], [ -61.417657640245196, -18.942367214626714 ], [ -61.433802456325928, -18.941049194335914 ], [ -61.43950653076169, -18.94521586100258 ], [ -61.445907931857612, -18.947045898437477 ], [ -61.44228430853947, -18.952006361219595 ], [ -61.441049024793813, -18.965667046440949 ], [ -61.453431532118032, -18.967469278971329 ], [ -61.454166666666637, -18.975 ], [ -61.464710489908825, -18.975567287868898 ], [ -61.472789510091118, -18.982766045464388 ], [ -61.481377156575498, -18.983900621202235 ], [ -61.485289510091121, -18.986932712131054 ], [ -61.48971048990883, -18.988067287868901 ], [ -61.497789510091117, -18.995266045464387 ], [ -61.511285061306396, -18.996400621202234 ], [ -61.5125, -18.991666666666642 ], [ -61.516666666666637, -18.991666666666642 ], [ -61.517019992404485, -18.998257785373241 ], [ -61.520480007595459, -19.001742214626713 ], [ -61.521186659071155, -19.023257785373239 ], [ -61.528813340928792, -19.030908881293378 ], [ -61.52916666666664, -19.03333333333331 ], [ -61.54505445692272, -19.034031168619769 ], [ -61.545833333333306, -19.041666666666643 ], [ -61.556377156575493, -19.041099378797721 ], [ -61.560289510091124, -19.038067287868902 ], [ -61.564710489908826, -19.036932712131055 ], [ -61.573836771647109, -19.028800794813346 ], [ -61.575850931803359, -19.036649237738693 ], [ -61.581377156575499, -19.038067287868902 ], [ -61.585289510091123, -19.041099378797721 ], [ -61.594618394639731, -19.042233954535568 ], [ -61.596742587619332, -19.033956909179665 ], [ -61.618877156575493, -19.032766045464385 ], [ -61.624380832248235, -19.028176201714388 ], [ -61.625623575846326, -19.005075751410565 ], [ -61.631377156575496, -19.00359937879772 ], [ -61.63528951009112, -19.0005672878689 ], [ -61.639710489908829, -18.999432712131053 ], [ -61.645129055447022, -18.994913736979143 ], [ -61.646400621202233, -18.985289510091121 ], [ -61.649432712131052, -18.981377156575498 ], [ -61.650567287868896, -18.968622843424455 ], [ -61.653599378797722, -18.964710489908832 ], [ -61.65416666666664, -18.958333333333311 ], [ -61.656591118706572, -18.957980007595463 ], [ -61.660075547960048, -18.954519992404489 ], [ -61.6625, -18.954166666666644 ], [ -61.663514200846329, -18.957535468207443 ], [ -61.67426588270397, -18.959173923068555 ], [ -61.675642734103711, -18.97713487413192 ], [ -61.678523932562911, -18.981198459201366 ], [ -61.680180867512995, -18.986702134874108 ], [ -61.690652465820285, -18.988297865125844 ], [ -61.692309400770377, -18.993801540798586 ], [ -61.695190599229576, -18.997865125868032 ], [ -61.696748860677062, -19.013142903645811 ], [ -61.718801710340685, -19.011857096354142 ], [ -61.724678209092858, -19.007690429687479 ], [ -61.728287251790341, -19.009579128689214 ], [ -61.730614725748673, -19.017309570312477 ], [ -61.739635043674021, -19.016023763020812 ], [ -61.745511542426193, -19.011857096354142 ], [ -61.749120585123677, -19.013745795355881 ], [ -61.750964185926627, -19.019868977864562 ], [ -61.754166666666642, -19.020833333333311 ], [ -61.754166666666642, -19.0375 ], [ -61.756591118706574, -19.037146674262129 ], [ -61.762141927083306, -19.031623670789909 ], [ -61.7625, -19.029166666666644 ], [ -61.76581573486326, -19.02831590440536 ], [ -61.766666666666644, -19.025 ], [ -61.767019992404492, -19.022575547960045 ], [ -61.77254316541881, -19.017024739583309 ], [ -61.775, -19.016666666666644 ], [ -61.776214938693556, -19.021400621202233 ], [ -61.79076571994355, -19.020177205403623 ], [ -61.79256218804251, -19.013177151150149 ], [ -61.810289510091124, -18.996400621202234 ], [ -61.824040222167945, -18.995177544487824 ], [ -61.828599378797719, -18.98971048990883 ], [ -61.830134412977408, -18.983729383680533 ], [ -61.835289510091123, -18.979733954535568 ], [ -61.839710489908832, -18.978599378797718 ], [ -61.843622843424455, -18.975567287868898 ], [ -61.854166666666643, -18.975 ], [ -61.855017598470027, -18.971684095594593 ], [ -61.858333333333313, -18.97083333333331 ], [ -61.858333333333313, -18.975 ], [ -61.858994547526017, -18.982433742947023 ], [ -61.8625, -18.983333333333309 ], [ -61.8688771565755, -18.982766045464388 ], [ -61.872925482855877, -18.979628499348934 ], [ -61.882413567437041, -18.988082885742163 ], [ -61.884239027235218, -18.995195515950499 ], [ -61.902210489908832, -18.996400621202234 ], [ -61.910419209798157, -19.003715006510394 ], [ -61.922789510091121, -18.992233954535568 ], [ -61.948785061306403, -18.99109937879772 ], [ -61.95088738335501, -18.999291653103274 ], [ -61.960543823242162, -19.0005672878689 ], [ -61.964456176757793, -19.00359937879772 ], [ -61.968877156575502, -19.004733954535567 ], [ -61.976956176757788, -19.011932712131053 ], [ -61.980103895399282, -19.0130672878689 ], [ -61.989456176757791, -19.004733954535567 ], [ -61.9938771565755, -19.00359937879772 ], [ -61.997789510091124, -19.0005672878689 ], [ -62.021770562065953, -18.999432712131053 ], [ -62.031122843424455, -19.007766045464386 ], [ -62.0375, -19.008333333333312 ], [ -62.037853325737828, -19.019091118706573 ], [ -62.041313340928795, -19.022575547960045 ], [ -62.042019992404491, -19.035757785373242 ], [ -62.049646674262128, -19.043408881293381 ], [ -62.05, -19.045833333333309 ], [ -62.049432712131058, -19.056377156575497 ], [ -62.046400621202238, -19.060289510091124 ], [ -62.045266045464388, -19.073043823242166 ], [ -62.042233954535568, -19.07695617675779 ], [ -62.040815734863259, -19.082482571072028 ], [ -62.0375, -19.083333333333311 ], [ -62.037146674262132, -19.085757785373239 ], [ -62.029519992404495, -19.093408881293382 ], [ -62.029166666666647, -19.1 ], [ -62.031288994683138, -19.100655449761263 ], [ -62.036551751030792, -19.104331461588519 ], [ -62.038342624240428, -19.115824042426194 ], [ -62.047955661349803, -19.117322116427928 ], [ -62.060377671983488, -19.128511216905359 ], [ -62.065889146592859, -19.130213080512132 ], [ -62.067322116427931, -19.14191250271265 ], [ -62.063155449761261, -19.147877671983483 ], [ -62.061844550238696, -19.156844414605011 ], [ -62.069850328233485, -19.159316338433136 ], [ -62.071488783094594, -19.16462232801647 ], [ -62.074344550238692, -19.168711005316819 ], [ -62.075757853190083, -19.186763848198762 ], [ -62.0875, -19.1875 ], [ -62.089924452039895, -19.187853325737827 ], [ -62.093408881293364, -19.191313340928797 ], [ -62.108333333333299, -19.191666666666645 ], [ -62.114710489908816, -19.192233954535567 ], [ -62.12278951009111, -19.199432712131056 ], [ -62.127210489908819, -19.200567287868903 ], [ -62.131122843424443, -19.203599378797723 ], [ -62.148043823242148, -19.20473395453557 ], [ -62.153462388780348, -19.20925292968748 ], [ -62.154733954535551, -19.218877156575498 ], [ -62.158729383680516, -19.224032253689217 ], [ -62.164710489908821, -19.225567287868902 ], [ -62.168622843424444, -19.228599378797721 ], [ -62.186594306098051, -19.229804484049456 ], [ -62.18806728786889, -19.235543823242168 ], [ -62.191099378797709, -19.239456176757791 ], [ -62.192517428927914, -19.244982571072029 ], [ -62.198043823242152, -19.246400621202234 ], [ -62.201956176757776, -19.249432712131053 ], [ -62.216666666666633, -19.25 ], [ -62.223257785373228, -19.249646674262131 ], [ -62.235075547960037, -19.237853325737827 ], [ -62.2375, -19.2375 ], [ -62.238399590386251, -19.241005452473935 ], [ -62.245833333333294, -19.241666666666646 ], [ -62.246450805664026, -19.243826972113695 ], [ -62.258950805664028, -19.257526991102409 ], [ -62.257715861002566, -19.264660305447027 ], [ -62.253549194335903, -19.27036404079859 ], [ -62.254819403754304, -19.311633978949633 ], [ -62.260339694552918, -19.316049194335918 ], [ -62.270502387152739, -19.317528279622376 ], [ -62.274382527669232, -19.322839694552933 ], [ -62.275617472330694, -19.327160305447027 ], [ -62.282715861002572, -19.335339694552932 ], [ -62.284127468532951, -19.345039198133659 ], [ -62.293826972113678, -19.346450805664041 ], [ -62.297839694552913, -19.349382527669249 ], [ -62.302160305447011, -19.350617472330708 ], [ -62.314506361219586, -19.361882527669252 ], [ -62.324028184678781, -19.363268364800327 ], [ -62.325, -19.366666666666646 ], [ -62.348257785373228, -19.367019992404494 ], [ -62.355908881293367, -19.374646674262131 ], [ -62.358333333333299, -19.375 ], [ -62.360493638780348, -19.37561747233071 ], [ -62.365508015950482, -19.379280598958314 ], [ -62.367284138997363, -19.38549363878036 ], [ -62.374382527669233, -19.393673027886265 ], [ -62.375971815321144, -19.399231635199634 ], [ -62.385493638780346, -19.400617472330708 ], [ -62.389506361219581, -19.403549194335916 ], [ -62.397993638780349, -19.404784138997375 ], [ -62.403431193033818, -19.40913323296439 ], [ -62.404784138997364, -19.422993638780362 ], [ -62.424382527669238, -19.443673027886266 ], [ -62.425617472330693, -19.44799363878036 ], [ -62.428549194335901, -19.452006361219599 ], [ -62.429784138997363, -19.477160305447029 ], [ -62.432715861002571, -19.481173027886264 ], [ -62.434305148654481, -19.486731635199632 ], [ -62.445039198133642, -19.488294135199634 ], [ -62.446450805664028, -19.497993638780361 ], [ -62.449382527669236, -19.5020063612196 ], [ -62.45, -19.508333333333315 ], [ -62.453398301866287, -19.509305148654494 ], [ -62.454784138997361, -19.518826972113697 ], [ -62.457715861002569, -19.522839694552932 ], [ -62.458950805664031, -19.52716030544703 ], [ -62.461882527669239, -19.531173027886265 ], [ -62.463117472330694, -19.535493638780363 ], [ -62.466049194335902, -19.539506361219598 ], [ -62.467460801866288, -19.549205864800328 ], [ -62.478194851345449, -19.550768364800327 ], [ -62.47978413899736, -19.556326972113695 ], [ -62.482715861002568, -19.560339694552933 ], [ -62.48395080566403, -19.568826972113698 ], [ -62.486882527669238, -19.572839694552933 ], [ -62.4875, -19.579166666666648 ], [ -62.487853325737817, -19.589924452039913 ], [ -62.491313340928784, -19.593408881293385 ], [ -62.492021348741282, -19.606618923611094 ], [ -62.501742214626702, -19.616313340928802 ], [ -62.506623670789899, -19.617024739583314 ], [ -62.512146674262119, -19.62257554796005 ], [ -62.512853325737815, -19.635757785373247 ], [ -62.516313340928782, -19.639242214626719 ], [ -62.517019992404478, -19.64409111870658 ], [ -62.520480007595452, -19.647575547960052 ], [ -62.521186659071148, -19.677424452039912 ], [ -62.524646674262115, -19.680908881293384 ], [ -62.525353325737811, -19.689924452039911 ], [ -62.528813340928785, -19.693408881293387 ], [ -62.529519992404481, -19.702424452039914 ], [ -62.541313340928788, -19.714242214626719 ], [ -62.542019992404477, -19.719091118706579 ], [ -62.553813340928784, -19.730908881293384 ], [ -62.554519992404479, -19.739924452039915 ], [ -62.557980007595454, -19.743408881293384 ], [ -62.558333333333302, -19.75 ], [ -62.577424452039899, -19.75035332573783 ], [ -62.587144639756914, -19.760047064887136 ], [ -62.587853325737811, -19.76909111870658 ], [ -62.593376329210038, -19.774641927083316 ], [ -62.598257785373228, -19.775353325737829 ], [ -62.601742214626704, -19.778813340928803 ], [ -62.614924452039901, -19.779519992404495 ], [ -62.628808932834168, -19.793379041883664 ], [ -62.629519992404482, -19.798257785373245 ], [ -62.632980007595449, -19.801742214626721 ], [ -62.633686659071145, -19.806591118706582 ], [ -62.641313340928789, -19.81424221462672 ], [ -62.642019992404478, -19.819091118706581 ], [ -62.649646674262122, -19.826742214626719 ], [ -62.650353325737811, -19.835757785373247 ], [ -62.664214409722192, -19.849644639756928 ], [ -62.673257785373231, -19.850353325737832 ], [ -62.680908881293369, -19.857980007595469 ], [ -62.691666666666634, -19.858333333333317 ], [ -62.692274305555522, -19.874086507161444 ], [ -62.699149237738681, -19.875850762261269 ], [ -62.7, -19.879166666666649 ], [ -62.703315904405351, -19.880017428927935 ], [ -62.704166666666637, -19.883333333333319 ], [ -62.710757785373232, -19.883686659071163 ], [ -62.714242214626701, -19.887146674262137 ], [ -62.716666666666633, -19.8875 ], [ -62.727424452039898, -19.887853325737829 ], [ -62.735075547960037, -19.89548000759547 ], [ -62.7375, -19.895833333333318 ], [ -62.739924452039901, -19.896186659071166 ], [ -62.743408881293369, -19.899646674262137 ], [ -62.752424452039897, -19.900353325737832 ], [ -62.757975260416636, -19.905876329210052 ], [ -62.758333333333304, -19.908333333333317 ], [ -62.7625, -19.908333333333317 ], [ -62.764924452039899, -19.908686659071165 ], [ -62.770475260416632, -19.914209662543385 ], [ -62.7708333333333, -19.91666666666665 ], [ -62.774149237738683, -19.917517428927937 ], [ -62.775, -19.920833333333317 ], [ -62.777424452039895, -19.921186659071164 ], [ -62.780908881293371, -19.924646674262135 ], [ -62.789213053385382, -19.925353325737831 ], [ -62.793408881293374, -19.921186659071164 ], [ -62.805879720052054, -19.920480007595469 ], [ -62.810075547960039, -19.924646674262135 ], [ -62.823257785373229, -19.925353325737831 ], [ -62.826742214626705, -19.928813340928805 ], [ -62.831591118706569, -19.929519992404497 ], [ -62.835075547960038, -19.932980007595472 ], [ -62.841666666666633, -19.933333333333316 ], [ -62.842233954535558, -19.948043823242173 ], [ -62.845266045464378, -19.951956176757797 ], [ -62.846801079644067, -19.957937282986094 ], [ -62.851956176757781, -19.961932712131059 ], [ -62.861612616644933, -19.963208346896685 ], [ -62.863714938693548, -19.971400621202243 ], [ -62.877210489908826, -19.970266045464395 ], [ -62.882586669921842, -19.966099378797729 ], [ -62.906377156575488, -19.967233954535576 ], [ -62.910289510091118, -19.970266045464395 ], [ -62.915815904405349, -19.971684095594604 ], [ -62.916666666666636, -19.975 ], [ -62.925, -19.975 ], [ -62.925900946723061, -19.971489461263005 ], [ -62.940451727973063, -19.970266045464395 ], [ -62.941666666666634, -19.975 ], [ -62.95, -19.975 ], [ -62.953315904405351, -19.97585076226127 ], [ -62.954166666666637, -19.97916666666665 ], [ -62.954519992404485, -19.981591118706582 ], [ -62.957980007595452, -19.985075547960054 ], [ -62.9583333333333, -19.9875 ], [ -62.960757785373232, -19.987853325737813 ], [ -62.964583333333302, -19.991652086045971 ], [ -62.96875, -19.987514580620626 ], [ -62.972575547960041, -19.991313340928784 ], [ -62.985046386718722, -19.992019992404479 ], [ -62.989242214626707, -19.987853325737813 ], [ -62.993379720052054, -19.987146674262117 ], [ -62.997575547960039, -19.991313340928784 ], [ -63.006591118706567, -19.992019992404479 ], [ -63.010075547960042, -19.99548000759545 ], [ -63.0125, -19.995833333333319 ], [ -63.013161214192678, -20.003267076280348 ], [ -63.018877156575492, -20.004733954535556 ], [ -63.022789510091116, -20.007766045464376 ], [ -63.027210489908825, -20.008900621202223 ], [ -63.031122843424448, -20.011932712131042 ], [ -63.035543823242158, -20.013067287868889 ], [ -63.039456176757781, -20.016099378797708 ], [ -63.043877156575491, -20.017233954535556 ], [ -63.047789510091114, -20.020266045464375 ], [ -63.065760972764728, -20.021470981174012 ], [ -63.066666666666634, -20.025 ], [ -63.073257785373237, -20.025353325737811 ], [ -63.076742214626705, -20.028813340928785 ], [ -63.083333333333307, -20.029166666666633 ], [ -63.085543823242162, -20.029733954535555 ], [ -63.088067287868896, -20.032118394639724 ], [ -63.083333333333307, -20.033333333333299 ], [ -63.082980007595459, -20.039924452039898 ], [ -63.079181247287295, -20.04375 ], [ -63.082980007595459, -20.047575547960037 ], [ -63.083333333333307, -20.05 ], [ -63.085757785373232, -20.050353325737813 ], [ -63.093408881293371, -20.057980007595454 ], [ -63.098257785373235, -20.058686659071146 ], [ -63.168408881293374, -20.128813340928787 ], [ -63.177424452039901, -20.129519992404479 ], [ -63.180908881293377, -20.132980007595453 ], [ -63.183333333333302, -20.133333333333319 ], [ -63.185757785373234, -20.133686659071145 ], [ -63.189242214626709, -20.137146674262119 ], [ -63.194091118706567, -20.137853325737815 ], [ -63.197575547960042, -20.141313340928786 ], [ -63.204166666666637, -20.141666666666634 ], [ -63.204519992404485, -20.144091118706562 ], [ -63.208318752712643, -20.147916666666632 ], [ -63.204519992404485, -20.151742214626701 ], [ -63.204166666666637, -20.166666666666632 ], [ -63.203813340928789, -20.169091118706564 ], [ -63.200353325737822, -20.172575547960037 ], [ -63.2, -20.175 ], [ -63.196426222059436, -20.175917053222623 ], [ -63.195833333333304, -20.2 ], [ -63.223257785373235, -20.199646674262119 ], [ -63.226742214626711, -20.196186659071149 ], [ -63.231591118706568, -20.195480007595453 ], [ -63.235416666666637, -20.191681247287292 ], [ -63.239242214626707, -20.195480007595453 ], [ -63.244091118706571, -20.196186659071149 ], [ -63.247575547960039, -20.199646674262119 ], [ -63.258333333333304, -20.2 ], [ -63.261901516384519, -20.200915696885819 ], [ -63.2625, -20.220833333333299 ], [ -63.265815734863253, -20.221684265136687 ], [ -63.267517598470022, -20.228315734863248 ], [ -63.273043823242162, -20.229733954535558 ], [ -63.276956176757785, -20.232766045464377 ], [ -63.279913330078095, -20.233900621202224 ], [ -63.285416666666642, -20.229635450575053 ], [ -63.289456176757781, -20.232766045464377 ], [ -63.29804382324216, -20.233900621202224 ], [ -63.302083333333307, -20.237031216091548 ], [ -63.306122843424454, -20.233900621202224 ], [ -63.315779283311606, -20.2326248168945 ], [ -63.316666666666642, -20.229166666666632 ], [ -63.320833333333304, -20.229166666666632 ], [ -63.320833333333304, -20.2375 ], [ -63.327210489908829, -20.238067287868891 ], [ -63.339456176757785, -20.249432712131043 ], [ -63.348043823242158, -20.25056728786889 ], [ -63.35763041178383, -20.259262593587206 ], [ -63.358900621202231, -20.268877156575488 ], [ -63.362895880805098, -20.274032253689203 ], [ -63.370172119140598, -20.275899590386253 ], [ -63.370833333333309, -20.283333333333299 ], [ -63.377210489908826, -20.283900621202225 ], [ -63.38528951009112, -20.291099378797711 ], [ -63.389710489908829, -20.292233954535558 ], [ -63.394865587022544, -20.296229214138421 ], [ -63.396400621202233, -20.302210489908823 ], [ -63.399432712131052, -20.306122843424447 ], [ -63.400567287868896, -20.310543823242156 ], [ -63.404344007703969, -20.315416971842417 ], [ -63.409079996744765, -20.31723395453556 ], [ -63.414456176757788, -20.31306728786889 ], [ -63.417413330078098, -20.311932712131043 ], [ -63.422789510091121, -20.316099378797709 ], [ -63.444618394639733, -20.31723395453556 ], [ -63.445833333333304, -20.3125 ], [ -63.469916280110652, -20.313092888726096 ], [ -63.471713087293807, -20.320094638400576 ], [ -63.479913330078098, -20.321400621202226 ], [ -63.485289510091121, -20.31723395453556 ], [ -63.488246663411431, -20.316099378797709 ], [ -63.493622843424454, -20.320266045464379 ], [ -63.520833333333307, -20.320833333333301 ], [ -63.521186659071155, -20.327424452039899 ], [ -63.524646674262129, -20.330908881293372 ], [ -63.525, -20.35 ], [ -63.525353325737825, -20.352424452039898 ], [ -63.532980007595462, -20.360075547960037 ], [ -63.533686659071158, -20.364924452039897 ], [ -63.541313340928795, -20.372575547960039 ], [ -63.542024400499109, -20.377455139160126 ], [ -63.551742214626714, -20.387146674262119 ], [ -63.569119940863686, -20.38785451253252 ], [ -63.574646674262127, -20.393408881293372 ], [ -63.575353325737822, -20.398257785373232 ], [ -63.578813340928797, -20.401742214626704 ], [ -63.579166666666644, -20.4125 ], [ -63.581591118706569, -20.412853325737814 ], [ -63.585416666666639, -20.416652086045975 ], [ -63.589242214626708, -20.412853325737814 ], [ -63.594091118706572, -20.412146674262122 ], [ -63.599641927083312, -20.406623501247797 ], [ -63.6, -20.404166666666637 ], [ -63.600353325737821, -20.401742214626704 ], [ -63.607980007595458, -20.394091118706566 ], [ -63.608333333333306, -20.379166666666634 ], [ -63.610757785373238, -20.379519992404482 ], [ -63.622575547960047, -20.391313340928789 ], [ -63.625, -20.391666666666634 ], [ -63.636590745713953, -20.391043090820283 ], [ -63.6375, -20.3875 ], [ -63.638350931803359, -20.384184265136689 ], [ -63.641666666666644, -20.383333333333301 ], [ -63.645833333333307, -20.383333333333301 ], [ -63.645165337456575, -20.399187554253441 ], [ -63.632715691460476, -20.400999620225662 ], [ -63.63395097520614, -20.406326802571584 ], [ -63.636882358127146, -20.410339864095022 ], [ -63.638117641872803, -20.443826802571582 ], [ -63.641049024793816, -20.44783986409502 ], [ -63.642825486924892, -20.454052734374969 ], [ -63.647839864095026, -20.457715691460471 ], [ -63.653240288628446, -20.459259711371498 ], [ -63.65416666666664, -20.4625 ], [ -63.691666666666642, -20.4625 ], [ -63.699100409613692, -20.461838785807259 ], [ -63.70088738335501, -20.454875183105436 ], [ -63.710543823242162, -20.453599378797712 ], [ -63.714456176757785, -20.450567287868893 ], [ -63.73554382324216, -20.449432712131046 ], [ -63.739456176757791, -20.446400621202226 ], [ -63.743877156575493, -20.445266045464379 ], [ -63.747789510091124, -20.44223395453556 ], [ -63.75, -20.441666666666634 ], [ -63.750353325737827, -20.452424452039899 ], [ -63.753813340928794, -20.455908881293372 ], [ -63.754522196451802, -20.464952256944414 ], [ -63.768408881293382, -20.478813340928788 ], [ -63.770833333333307, -20.479166666666636 ], [ -63.772993469238259, -20.478549024793807 ], [ -63.786678229437911, -20.466063266330263 ], [ -63.788312445746506, -20.454834662543373 ], [ -63.804166666666646, -20.454166666666637 ], [ -63.804166666666646, -20.441666666666634 ], [ -63.804519992404494, -20.426742214626707 ], [ -63.807980007595461, -20.423257785373231 ], [ -63.808333333333309, -20.4125 ], [ -63.823257785373244, -20.412146674262122 ], [ -63.826742214626712, -20.408686659071151 ], [ -63.831591118706577, -20.407980007595455 ], [ -63.837144300672719, -20.40245446099172 ], [ -63.837853325737825, -20.393408881293372 ], [ -63.847544860839818, -20.383691067165767 ], [ -63.852424452039905, -20.382980007595453 ], [ -63.855908881293381, -20.379519992404482 ], [ -63.885757785373244, -20.378813340928787 ], [ -63.889242214626712, -20.375353325737816 ], [ -63.897546217176625, -20.37464667426212 ], [ -63.901742214626715, -20.378813340928787 ], [ -63.90833333333331, -20.379166666666634 ], [ -63.908686659071158, -20.389924452039899 ], [ -63.912146674262132, -20.393408881293372 ], [ -63.912854512532533, -20.410786607530351 ], [ -63.918408881293381, -20.416313340928788 ], [ -63.920833333333313, -20.416666666666636 ], [ -63.920266045464388, -20.418877156575491 ], [ -63.917135450575067, -20.422916666666634 ], [ -63.920266045464388, -20.426956176757781 ], [ -63.921400621202231, -20.443877156575489 ], [ -63.92443271213105, -20.447789510091113 ], [ -63.925607469346765, -20.478253343370195 ], [ -63.929166666666646, -20.479166666666636 ], [ -63.939710489908833, -20.478599378797711 ], [ -63.943622843424457, -20.475567287868891 ], [ -63.957433742947025, -20.474338785807262 ], [ -63.959246148003452, -20.467276340060732 ], [ -63.988246663411438, -20.466099378797711 ], [ -63.993622843424454, -20.470266045464378 ], [ -63.996579996744771, -20.471400621202225 ], [ -64.001956176757787, -20.467233954535558 ], [ -64.009079996744774, -20.466099378797711 ], [ -64.01445617675779, -20.470266045464378 ], [ -64.040755038791218, -20.471447584364117 ], [ -64.041666666666643, -20.475 ], [ -64.054166666666632, -20.475 ], [ -64.054933336045963, -20.471745300292937 ], [ -64.059273952907944, -20.470303853352835 ], [ -64.06459418402774, -20.474612765841982 ], [ -64.074243503146661, -20.465712483723927 ], [ -64.075, -20.4625 ], [ -64.075567287868893, -20.456122843424449 ], [ -64.082766045464368, -20.448043823242156 ], [ -64.083900621202218, -20.43945617675778 ], [ -64.087031385633637, -20.435416666666637 ], [ -64.083900621202218, -20.43137715657549 ], [ -64.082766045464368, -20.426214938693544 ], [ -64.091028849283816, -20.424094306098059 ], [ -64.092233954535558, -20.406122843424448 ], [ -64.095266045464371, -20.402210489908821 ], [ -64.096684095594583, -20.396684265136688 ], [ -64.103315904405349, -20.394982401529916 ], [ -64.105017428927908, -20.388350931803352 ], [ -64.108333333333292, -20.3875 ], [ -64.109104749891458, -20.379938083224793 ], [ -64.116666666666632, -20.379166666666634 ], [ -64.117881605360211, -20.383900621202226 ], [ -64.123043823242156, -20.382766045464379 ], [ -64.128420003255172, -20.378599378797713 ], [ -64.135543823242145, -20.37973395453556 ], [ -64.144896104600662, -20.388067287868893 ], [ -64.152210489908811, -20.386932712131046 ], [ -64.161562771267327, -20.378599378797713 ], [ -64.169952392578082, -20.379900783962643 ], [ -64.172048272026871, -20.388067287868893 ], [ -64.189710489908819, -20.386932712131046 ], [ -64.195086669921835, -20.382766045464379 ], [ -64.198043823242145, -20.383900621202226 ], [ -64.206122843424438, -20.391099378797712 ], [ -64.220833333333303, -20.391666666666634 ], [ -64.220266045464371, -20.381122843424446 ], [ -64.217233954535558, -20.377210489908823 ], [ -64.216099378797708, -20.367881605360211 ], [ -64.224149237738686, -20.365815734863251 ], [ -64.225567287868884, -20.360289510091114 ], [ -64.228599378797711, -20.356377156575491 ], [ -64.229733954535561, -20.351956176757781 ], [ -64.233729383680526, -20.346801079644067 ], [ -64.2375, -20.345833333333303 ], [ -64.240815904405352, -20.344982401529915 ], [ -64.241666666666632, -20.341666666666633 ], [ -64.242019992404479, -20.339242214626704 ], [ -64.247547403971325, -20.333686998155351 ], [ -64.275, -20.3333333333333 ], [ -64.274646674262115, -20.322575547960039 ], [ -64.271186659071148, -20.319091118706567 ], [ -64.2708333333333, -20.3125 ], [ -64.335757785373232, -20.312853325737816 ], [ -64.339242214626694, -20.316313340928787 ], [ -64.343379720052042, -20.317019992404482 ], [ -64.347575547960034, -20.312853325737816 ], [ -64.358333333333292, -20.3125 ], [ -64.35868665907114, -20.310075547960036 ], [ -64.364209662543374, -20.3045247395833 ], [ -64.366666666666632, -20.304166666666635 ], [ -64.367019992404479, -20.276742214626704 ], [ -64.370480007595447, -20.273257785373232 ], [ -64.371186659071142, -20.264242214626705 ], [ -64.3749854193793, -20.260416666666636 ], [ -64.370847913953952, -20.25625 ], [ -64.374646674262124, -20.252424452039897 ], [ -64.375, -20.225 ], [ -64.37556728786889, -20.222789510091111 ], [ -64.378599378797702, -20.218877156575488 ], [ -64.380075751410558, -20.213123575846321 ], [ -64.391666666666637, -20.2125 ], [ -64.406377156575488, -20.213067287868892 ], [ -64.414456176757781, -20.220266045464378 ], [ -64.424112616644933, -20.221541849772102 ], [ -64.425567287868887, -20.227210489908821 ], [ -64.429562717013852, -20.232365587022535 ], [ -64.435543823242156, -20.233900621202224 ], [ -64.439456176757773, -20.236932712131043 ], [ -64.441666666666634, -20.2375 ], [ -64.441666666666634, -20.233333333333299 ], [ -64.442019992404482, -20.214242214626704 ], [ -64.445480007595449, -20.210757785373232 ], [ -64.446186659071145, -20.201742214626702 ], [ -64.449646674262112, -20.198257785373229 ], [ -64.450353325737808, -20.180908881293369 ], [ -64.457980007595452, -20.173257785373231 ], [ -64.458686659071148, -20.164242214626704 ], [ -64.462146674262115, -20.160757785373232 ], [ -64.462853325737811, -20.148287116156652 ], [ -64.458686659071148, -20.144091118706562 ], [ -64.457980007595452, -20.131620449489983 ], [ -64.462485419379306, -20.127083333333299 ], [ -64.458686659071148, -20.12325778537323 ], [ -64.4583333333333, -20.1 ], [ -64.464748128255181, -20.099470520019498 ], [ -64.468585205078085, -20.096362813313768 ], [ -64.474087863498227, -20.095066833496059 ], [ -64.475529649522542, -20.090725877549879 ], [ -64.471362982855865, -20.085581631130609 ], [ -64.470303683810727, -20.082392544216546 ], [ -64.47447035047739, -20.077248297797276 ], [ -64.475529649522542, -20.06572587754988 ], [ -64.471229383680523, -20.060416666666633 ], [ -64.47447035047739, -20.05641496446394 ], [ -64.475529649522542, -20.028225877549879 ], [ -64.471362982855865, -20.023081631130609 ], [ -64.470833333333303, -20.01666666666663 ], [ -64.475, -20.01666666666663 ], [ -64.481591118706561, -20.016313340928786 ], [ -64.485075547960037, -20.012853325737812 ], [ -64.495833333333294, -20.0125 ], [ -64.5, -20.0125 ], [ -64.500353325737819, -19.989242214626699 ], [ -64.503813340928787, -19.985757785373227 ], [ -64.504519992404482, -19.9767422146267 ], [ -64.51421067979598, -19.967025417751699 ], [ -64.518379720052053, -19.966313340928785 ], [ -64.522575547960031, -19.970480007595452 ], [ -64.531591118706558, -19.971186659071144 ], [ -64.53541700575083, -19.974985758463507 ], [ -64.541310967339371, -19.969121127658386 ], [ -64.542019992404477, -19.960075547960034 ], [ -64.545480007595458, -19.956591118706562 ], [ -64.546186659071154, -19.935075547960032 ], [ -64.549646674262121, -19.93159111870656 ], [ -64.550353325737817, -19.9142422146267 ], [ -64.553813340928784, -19.910757785373228 ], [ -64.554519992404479, -19.885075547960035 ], [ -64.56004536946611, -19.879522365993889 ], [ -64.569091118706567, -19.878813340928783 ], [ -64.572575547960042, -19.875353325737812 ], [ -64.579166666666637, -19.875 ], [ -64.579166666666637, -19.866666666666649 ], [ -64.574735514322882, -19.865529378255193 ], [ -64.578599378797705, -19.860543823242171 ], [ -64.579733954535556, -19.857586669921858 ], [ -64.575567287868893, -19.852210489908838 ], [ -64.574432712131042, -19.845086669921859 ], [ -64.578599378797705, -19.839710489908839 ], [ -64.579733954535556, -19.830381605360227 ], [ -64.571684095594591, -19.828315904405365 ], [ -64.570833333333297, -19.825 ], [ -64.571186659071145, -19.81424221462672 ], [ -64.574985419379303, -19.810416666666651 ], [ -64.570847913953955, -19.80625 ], [ -64.574985419379303, -19.802083333333318 ], [ -64.571186659071145, -19.798257785373245 ], [ -64.570480007595449, -19.785786946614564 ], [ -64.574646674262112, -19.781591118706579 ], [ -64.575, -19.779166666666651 ], [ -64.577424452039892, -19.778813340928803 ], [ -64.582975260416632, -19.773290337456579 ], [ -64.583686659071148, -19.768408881293386 ], [ -64.591313340928792, -19.760757785373247 ], [ -64.592019992404474, -19.756620279947899 ], [ -64.587853325737811, -19.752424452039914 ], [ -64.587146674262115, -19.743408881293384 ], [ -64.579519992404485, -19.735757785373245 ], [ -64.579166666666637, -19.716666666666647 ], [ -64.580017428927917, -19.713350762261268 ], [ -64.588067287868896, -19.711285061306405 ], [ -64.586932712131045, -19.70612284342446 ], [ -64.583900621202218, -19.702210489908836 ], [ -64.582766045464382, -19.681122843424461 ], [ -64.578599378797705, -19.675746663411442 ], [ -64.579733954535556, -19.672789510091128 ], [ -64.583900621202218, -19.667413330078105 ], [ -64.582326592339371, -19.663311089409703 ], [ -64.579166666666637, -19.6625 ], [ -64.579519992404485, -19.655908881293385 ], [ -64.582980007595452, -19.652424452039913 ], [ -64.583686659071148, -19.647575547960052 ], [ -64.587146674262115, -19.64409111870658 ], [ -64.587853325737811, -19.639242214626719 ], [ -64.597545030381909, -19.629524400499115 ], [ -64.6, -19.629166666666649 ], [ -64.600353325737814, -19.62257554796005 ], [ -64.612146674262121, -19.610757785373245 ], [ -64.6125, -19.608333333333313 ], [ -64.613350762261248, -19.605017428927933 ], [ -64.619982571072015, -19.603315904405363 ], [ -64.620833333333294, -19.6 ], [ -64.621186659071142, -19.593408881293385 ], [ -64.628813340928787, -19.585757785373247 ], [ -64.629166666666634, -19.570833333333315 ], [ -64.629733954535553, -19.564456176757794 ], [ -64.632766045464379, -19.56054382324217 ], [ -64.63423292371958, -19.554827880859357 ], [ -64.648043823242148, -19.553599378797724 ], [ -64.657413736979137, -19.545250447591126 ], [ -64.658333333333303, -19.541666666666647 ], [ -64.660757785373235, -19.541313340928802 ], [ -64.664242214626697, -19.537853325737828 ], [ -64.666666666666629, -19.5375 ], [ -64.666666666666629, -19.529166666666647 ], [ -64.666099378797711, -19.526956176757793 ], [ -64.663067287868884, -19.523043823242169 ], [ -64.661932712131048, -19.514456176757793 ], [ -64.658900621202221, -19.51054382324217 ], [ -64.657766045464371, -19.493622843424461 ], [ -64.653902180989547, -19.488637288411439 ], [ -64.658333333333303, -19.4875 ], [ -64.658686659071151, -19.476742214626718 ], [ -64.662853325737814, -19.472546386718729 ], [ -64.662140909830697, -19.468375311957445 ], [ -64.656591118706558, -19.462853325737829 ], [ -64.65, -19.4625 ], [ -64.650850762261257, -19.459184095594598 ], [ -64.656377156575488, -19.457766045464389 ], [ -64.661844211154488, -19.453206719292517 ], [ -64.6625, -19.445833333333315 ], [ -64.6625, -19.4375 ], [ -64.662853325737814, -19.426742214626717 ], [ -64.666313340928781, -19.423257785373245 ], [ -64.667019992404477, -19.397575547960049 ], [ -64.682980007595461, -19.381591118706577 ], [ -64.683333333333294, -19.379166666666645 ], [ -64.683686659071142, -19.376742214626717 ], [ -64.687146674262124, -19.373257785373244 ], [ -64.687853325737819, -19.360075547960051 ], [ -64.691313340928787, -19.356591118706575 ], [ -64.691666666666634, -19.345833333333314 ], [ -64.692019992404482, -19.339242214626715 ], [ -64.699646674262127, -19.331591118706577 ], [ -64.7, -19.329166666666644 ], [ -64.699432712131042, -19.326956176757793 ], [ -64.69640062120223, -19.323043823242166 ], [ -64.695266045464379, -19.315729437934007 ], [ -64.703599378797705, -19.3063771565755 ], [ -64.704733954535556, -19.301956176757791 ], [ -64.707766045464382, -19.298043823242168 ], [ -64.708900621202218, -19.293622843424458 ], [ -64.711932712131045, -19.289710489908835 ], [ -64.713067287868896, -19.285289510091125 ], [ -64.720266045464371, -19.277210489908832 ], [ -64.721684095594583, -19.271684095594598 ], [ -64.725, -19.270833333333311 ], [ -64.733333333333306, -19.270833333333311 ], [ -64.7375, -19.270833333333311 ], [ -64.765658569335912, -19.270193142361091 ], [ -64.767284138997368, -19.264506361219595 ], [ -64.770215861002569, -19.26049363878036 ], [ -64.771831597222189, -19.254841783311612 ], [ -64.794465467664892, -19.253549194335918 ], [ -64.797045898437474, -19.262574598524285 ], [ -64.803008015950496, -19.258219401041647 ], [ -64.804784138997363, -19.252006361219596 ], [ -64.807715861002578, -19.247993638780361 ], [ -64.808950805664026, -19.243673027886263 ], [ -64.811882527669241, -19.239660305447028 ], [ -64.813117472330703, -19.23533969455293 ], [ -64.821130032009521, -19.226106431749109 ], [ -64.828474595811599, -19.224006483289909 ], [ -64.829784138997368, -19.206173027886262 ], [ -64.832715861002569, -19.202160305447027 ], [ -64.833950805664031, -19.193673027886263 ], [ -64.837830946180532, -19.188361612955706 ], [ -64.849246554904482, -19.186700100368903 ], [ -64.850617472330697, -19.174530707465255 ], [ -64.846450805664034, -19.168826972113692 ], [ -64.845215861002572, -19.159701199001713 ], [ -64.853449503580691, -19.15734693739147 ], [ -64.854166666666629, -19.15 ], [ -64.8625, -19.15 ], [ -64.873257785373227, -19.150353325737825 ], [ -64.876742214626702, -19.153813340928799 ], [ -64.8875, -19.154166666666644 ], [ -64.889924452039907, -19.153813340928799 ], [ -64.893408881293368, -19.150353325737825 ], [ -64.8958333333333, -19.15 ], [ -64.896191067165773, -19.152454969618034 ], [ -64.905908881293371, -19.162146674262132 ], [ -64.910757785373235, -19.162853325737824 ], [ -64.914242214626711, -19.166313340928799 ], [ -64.919091118706561, -19.167019992404491 ], [ -64.922575547960037, -19.170480007595465 ], [ -64.925, -19.170833333333313 ], [ -64.925353325737817, -19.168408881293381 ], [ -64.932980007595461, -19.160757785373242 ], [ -64.933686659071157, -19.155908881293382 ], [ -64.943735080295113, -19.145833333333311 ], [ -64.947575547960042, -19.149646674262129 ], [ -64.952424452039907, -19.150353325737825 ], [ -64.955908881293368, -19.153813340928799 ], [ -64.960049099392336, -19.154519992404492 ], [ -64.968408881293371, -19.146186659071159 ], [ -64.970833333333303, -19.145833333333311 ], [ -64.979166666666643, -19.145833333333311 ], [ -64.980131022135382, -19.149035644531228 ], [ -64.986796400282088, -19.15104268391925 ], [ -64.988221571180532, -19.174251980251714 ], [ -64.994648573133645, -19.174768405490429 ], [ -64.997281222873227, -19.16602376302081 ], [ -65.018801540798577, -19.167309570312479 ], [ -65.027031792534686, -19.174357096354143 ], [ -65.040636528862819, -19.175744967990429 ], [ -65.043114556206561, -19.183976236979145 ], [ -65.057561238606738, -19.182567681206574 ], [ -65.059248860677059, -19.16602376302081 ], [ -65.081301540798577, -19.167309570312479 ], [ -65.085365125868023, -19.170190429687477 ], [ -65.097968207465243, -19.171476236979146 ], [ -65.102031792534689, -19.174357096354143 ], [ -65.106301540798583, -19.175642903645812 ], [ -65.110365125868029, -19.178523763020813 ], [ -65.116666666666632, -19.179166666666646 ], [ -65.119091118706564, -19.178813340928798 ], [ -65.122575547960039, -19.175353325737824 ], [ -65.127424452039904, -19.174646674262132 ], [ -65.130908881293379, -19.171186659071157 ], [ -65.133333333333297, -19.170833333333313 ], [ -65.133333333333297, -19.183333333333312 ], [ -65.133686659071145, -19.185757785373241 ], [ -65.137146674262127, -19.189242214626713 ], [ -65.1375, -19.195833333333312 ], [ -65.138637288411431, -19.20026448567706 ], [ -65.143758816189205, -19.196295166015602 ], [ -65.152074517144072, -19.203704833984354 ], [ -65.156122843424455, -19.200567287868903 ], [ -65.170833333333306, -19.2 ], [ -65.171400621202224, -19.197789510091123 ], [ -65.17443271213105, -19.1938771565755 ], [ -65.175567287868901, -19.181122843424458 ], [ -65.178599378797713, -19.17721048990883 ], [ -65.179733954535564, -19.168622843424458 ], [ -65.182766045464376, -19.164710489908831 ], [ -65.183900621202227, -19.160289510091125 ], [ -65.186932712131053, -19.156377156575498 ], [ -65.18806728786889, -19.143622843424456 ], [ -65.191099378797716, -19.139710489908833 ], [ -65.192517598470019, -19.134184095594595 ], [ -65.198043823242159, -19.132766045464386 ], [ -65.203198920355874, -19.128770616319422 ], [ -65.205017598470022, -19.121684095594595 ], [ -65.210543823242162, -19.120266045464387 ], [ -65.21547427707246, -19.116444905598936 ], [ -65.217233954535558, -19.111562771267337 ], [ -65.208784993489559, -19.102080620659699 ], [ -65.220266045464385, -19.089710489908832 ], [ -65.221732923719586, -19.083994547526018 ], [ -65.235543823242153, -19.082766045464389 ], [ -65.240698920355868, -19.078770616319421 ], [ -65.242233954535564, -19.072789510091123 ], [ -65.245364549424892, -19.06875 ], [ -65.242233954535564, -19.064710489908833 ], [ -65.241099378797713, -19.057586669921854 ], [ -65.245266045464376, -19.05221048990883 ], [ -65.246400621202227, -19.026956176757789 ], [ -65.249432712131053, -19.023043823242165 ], [ -65.25, -19.016666666666644 ], [ -65.261723327636687, -19.015946790907094 ], [ -65.26314273410371, -19.002031792534698 ], [ -65.266023932562902, -18.997968207465256 ], [ -65.267309400770372, -18.993698459201365 ], [ -65.271610005696587, -18.988206990559874 ], [ -65.297968377007351, -18.986857096354143 ], [ -65.302031622992587, -18.983976236979142 ], [ -65.311051940917935, -18.982690429687477 ], [ -65.3125, -18.9875 ], [ -65.320833333333312, -18.9875 ], [ -65.327424452039907, -18.987146674262128 ], [ -65.330908881293382, -18.983686659071157 ], [ -65.34166666666664, -18.983333333333309 ], [ -65.345833333333303, -18.983333333333309 ], [ -65.349149068196581, -18.982482571072026 ], [ -65.350567287868898, -18.976956176757788 ], [ -65.357766045464388, -18.968877156575498 ], [ -65.358900621202224, -18.964456176757789 ], [ -65.36193271213105, -18.960543823242162 ], [ -65.363350931803353, -18.955017428927928 ], [ -65.366666666666646, -18.954166666666644 ], [ -65.367562188042513, -18.957656182183136 ], [ -65.385289510091113, -18.974432712131055 ], [ -65.390815734863253, -18.97585076226126 ], [ -65.392586432562908, -18.982750447591123 ], [ -65.403003438313775, -18.992032538519943 ], [ -65.40416666666664, -18.9875 ], [ -65.404733954535558, -18.985289510091121 ], [ -65.407766045464385, -18.981377156575498 ], [ -65.408900621202235, -18.976956176757788 ], [ -65.411932712131048, -18.973043823242165 ], [ -65.413350931803365, -18.967517428927927 ], [ -65.416666666666643, -18.966666666666644 ], [ -65.417019992404491, -18.955908881293379 ], [ -65.420480007595458, -18.952424452039907 ], [ -65.421186659071154, -18.943408881293379 ], [ -65.441313340928787, -18.923257785373242 ], [ -65.442019992404482, -18.914953613281227 ], [ -65.437853325737819, -18.910757785373239 ], [ -65.437146674262124, -18.898286946614558 ], [ -65.441313340928787, -18.894091118706573 ], [ -65.442019992404482, -18.885075547960046 ], [ -65.449646674262127, -18.877424452039907 ], [ -65.450353325737822, -18.868408881293377 ], [ -65.462146674262129, -18.856591118706572 ], [ -65.462853325737825, -18.851742214626711 ], [ -65.470480007595455, -18.844091118706572 ], [ -65.471186659071151, -18.839242214626712 ], [ -65.474646674262132, -18.835757785373239 ], [ -65.475, -18.833333333333307 ], [ -65.475, -18.829166666666641 ], [ -65.475353325737814, -18.826742214626712 ], [ -65.480876498752139, -18.821191406249977 ], [ -65.483333333333306, -18.820833333333308 ], [ -65.483686659071154, -18.818408881293379 ], [ -65.499646674262124, -18.802424452039904 ], [ -65.500353325737819, -18.793408881293377 ], [ -65.503813340928787, -18.789924452039905 ], [ -65.504519992404482, -18.780908881293378 ], [ -65.507980007595464, -18.777424452039906 ], [ -65.508333333333312, -18.770833333333307 ], [ -65.515767076280355, -18.7701721191406 ], [ -65.516666666666637, -18.766666666666641 ], [ -65.517019992404485, -18.764242214626712 ], [ -65.532980007595455, -18.748257785373237 ], [ -65.533686659071151, -18.73924221462671 ], [ -65.537146674262132, -18.735757785373238 ], [ -65.5375, -18.729166666666643 ], [ -65.543877156575491, -18.728599378797718 ], [ -65.547789510091121, -18.725567287868898 ], [ -65.55221048990883, -18.724432712131051 ], [ -65.561580234103701, -18.716083780924453 ], [ -65.563350931803356, -18.709184265136692 ], [ -65.566666666666634, -18.708333333333307 ], [ -65.567517598470033, -18.705017598470025 ], [ -65.570833333333312, -18.704166666666641 ], [ -65.573257785373244, -18.704519992404489 ], [ -65.582979498969152, -18.7142154269748 ], [ -65.583686659071162, -18.748257785373237 ], [ -65.587146674262129, -18.751742214626709 ], [ -65.587853325737825, -18.764924452039907 ], [ -65.591313340928792, -18.768408881293379 ], [ -65.592019992404488, -18.773257785373239 ], [ -65.597543165418813, -18.778808593749975 ], [ -65.6, -18.77916666666664 ], [ -65.610543823242168, -18.779733954535565 ], [ -65.614456176757784, -18.782766045464385 ], [ -65.639710489908822, -18.783900621202232 ], [ -65.643622843424453, -18.786932712131051 ], [ -65.646770562065953, -18.788067287868898 ], [ -65.657413567437047, -18.778583780924453 ], [ -65.659184265136687, -18.771684265136692 ], [ -65.664710489908828, -18.770266045464385 ], [ -65.668622843424458, -18.767233954535566 ], [ -65.673043823242168, -18.766099378797719 ], [ -65.686596510145378, -18.753520880805098 ], [ -65.6875, -18.75 ], [ -65.694091118706567, -18.749646674262127 ], [ -65.697575547960042, -18.746186659071157 ], [ -65.710046217176625, -18.745480007595461 ], [ -65.714242214626708, -18.749646674262127 ], [ -65.720833333333303, -18.75 ], [ -65.733333333333306, -18.75 ], [ -65.733333333333306, -18.7625 ], [ -65.740767076280363, -18.763161214192685 ], [ -65.742554050021681, -18.770124816894505 ], [ -65.752210489908833, -18.771400621202233 ], [ -65.75612284342445, -18.774432712131052 ], [ -65.779913330078102, -18.775567287868899 ], [ -65.785289510091118, -18.771400621202233 ], [ -65.788246663411428, -18.770266045464385 ], [ -65.793622843424458, -18.774432712131052 ], [ -65.798043823242168, -18.775567287868899 ], [ -65.803198920355882, -18.779562547471762 ], [ -65.804166666666646, -18.78333333333331 ], [ -65.808333333333309, -18.78333333333331 ], [ -65.807482401529924, -18.786649068196589 ], [ -65.800850931803367, -18.788350931803361 ], [ -65.79943271213105, -18.793877156575498 ], [ -65.796400621202238, -18.797789510091121 ], [ -65.795124816894514, -18.807445949978273 ], [ -65.788177151150151, -18.809228854709175 ], [ -65.771400621202233, -18.82695617675779 ], [ -65.770266045464382, -18.831377156575495 ], [ -65.763067287868893, -18.839456176757789 ], [ -65.761532253689211, -18.845437282986087 ], [ -65.756377156575496, -18.849432712131051 ], [ -65.750623575846333, -18.8509090847439 ], [ -65.75, -18.8625 ], [ -65.756377156575496, -18.86193271213105 ], [ -65.760425482855879, -18.8587951660156 ], [ -65.768622843424453, -18.86609937879772 ], [ -65.777210489908825, -18.867233954535564 ], [ -65.78125, -18.870364718966989 ], [ -65.786362881130614, -18.86640218098956 ], [ -65.788350931803365, -18.874149237738692 ], [ -65.794982401529921, -18.875850762261262 ], [ -65.796400621202238, -18.881377156575496 ], [ -65.79943271213105, -18.88528951009112 ], [ -65.800567287868901, -18.889710489908829 ], [ -65.803599378797713, -18.893622843424456 ], [ -65.805066257052928, -18.899338785807267 ], [ -65.8125, -18.9 ], [ -65.81285807291664, -18.902457004123239 ], [ -65.818408881293379, -18.907980007595462 ], [ -65.823257785373244, -18.908686659071158 ], [ -65.826742214626719, -18.912146674262129 ], [ -65.831591118706569, -18.912853325737824 ], [ -65.835417344835051, -18.916652764214387 ], [ -65.843408881293385, -18.908686659071158 ], [ -65.848257785373235, -18.907980007595462 ], [ -65.851742214626711, -18.904519992404488 ], [ -65.8625, -18.904166666666644 ], [ -65.861913892957872, -18.936581081814211 ], [ -65.853599378797725, -18.938714938693554 ], [ -65.854974365234355, -18.944971381293378 ], [ -65.861862352159264, -18.946739027235218 ], [ -65.863137647840688, -18.965760972764734 ], [ -65.866666666666646, -18.966666666666644 ], [ -65.869982401529924, -18.965815904405357 ], [ -65.870833333333309, -18.9625 ], [ -65.873257785373241, -18.962146674262129 ], [ -65.885075547960042, -18.950353325737822 ], [ -65.897546217176625, -18.94964667426213 ], [ -65.901742214626708, -18.953813340928797 ], [ -65.90416666666664, -18.954166666666644 ], [ -65.905017598470025, -18.950850762261261 ], [ -65.908333333333317, -18.95 ], [ -65.909184265136702, -18.946684095594595 ], [ -65.915815734863259, -18.944982571072025 ], [ -65.917233954535561, -18.939456176757787 ], [ -65.921793111165343, -18.933989122178794 ], [ -65.93554382324217, -18.932766045464387 ], [ -65.949096510145381, -18.920187717013864 ], [ -65.95, -18.916666666666643 ], [ -65.952210489908836, -18.917233954535568 ], [ -65.956122843424453, -18.920266045464388 ], [ -65.960543823242162, -18.921400621202231 ], [ -65.964456176757793, -18.924432712131054 ], [ -65.968877156575502, -18.925567287868901 ], [ -65.974032253689217, -18.929562717013866 ], [ -65.975899590386263, -18.936838785807268 ], [ -65.98971048990883, -18.9380672878689 ], [ -65.993622843424461, -18.94109937879772 ], [ -65.995833333333309, -18.941666666666642 ], [ -65.996604749891475, -18.949228583441815 ], [ -66.010468377007356, -18.950642903645811 ], [ -66.02019958496092, -18.958976236979144 ], [ -66.035468377007362, -18.957690429687474 ], [ -66.045199584960912, -18.949357096354142 ], [ -66.049096849229585, -18.951166788736955 ], [ -66.051448059082006, -18.958976236979144 ], [ -66.060468377007354, -18.957690429687474 ], [ -66.064531622992604, -18.954809570312477 ], [ -66.070833333333297, -18.954166666666644 ], [ -66.069906955295124, -18.957406955295117 ], [ -66.06316697862411, -18.95933397081161 ], [ -66.06188235812715, -18.985493638780358 ], [ -66.041168043348506, -19.007351006401887 ], [ -66.053563266330272, -19.009155273437479 ], [ -66.066049024793813, -19.022839694552928 ], [ -66.06728430853947, -19.031326972113693 ], [ -66.070215691460476, -19.035339694552928 ], [ -66.070833333333312, -19.0375 ], [ -66.086244710286437, -19.038149346245635 ], [ -66.088117641872813, -19.042135959201367 ], [ -66.083950975206136, -19.047839694552927 ], [ -66.082715691460479, -19.060493638780358 ], [ -66.079728190104149, -19.06458333333331 ], [ -66.082715691460479, -19.068673027886263 ], [ -66.084135945637996, -19.078431532118032 ], [ -66.097993469238261, -19.079784138997372 ], [ -66.102006530761699, -19.082715861002583 ], [ -66.104166666666643, -19.083333333333311 ], [ -66.104524739583312, -19.085790337456576 ], [ -66.110075547960051, -19.091313340928796 ], [ -66.1125, -19.091666666666644 ], [ -66.131377156575482, -19.092233954535569 ], [ -66.135289510091113, -19.095266045464388 ], [ -66.138246663411422, -19.096400621202235 ], [ -66.143622843424438, -19.092233954535569 ], [ -66.160543823242151, -19.091099378797722 ], [ -66.17695617675777, -19.0755672878689 ], [ -66.182624986436593, -19.074112616644943 ], [ -66.184019639756912, -19.063554551866297 ], [ -66.188246663411419, -19.061932712131053 ], [ -66.193622843424436, -19.06609937879772 ], [ -66.198043823242145, -19.067233954535567 ], [ -66.201956176757776, -19.070266045464386 ], [ -66.213246663411425, -19.071400621202233 ], [ -66.21875, -19.067135281032964 ], [ -66.222789510091104, -19.070266045464386 ], [ -66.242413330078094, -19.071400621202233 ], [ -66.24778951009111, -19.067233954535567 ], [ -66.254913330078082, -19.06609937879772 ], [ -66.260289510091113, -19.070266045464386 ], [ -66.266666666666637, -19.070833333333312 ], [ -66.269091118706555, -19.070480007595464 ], [ -66.276742214626694, -19.062853325737823 ], [ -66.281591118706558, -19.062146674262131 ], [ -66.285075547960034, -19.058686659071157 ], [ -66.289213053385382, -19.057980007595464 ], [ -66.293408881293374, -19.062146674262131 ], [ -66.298257785373224, -19.062853325737823 ], [ -66.301742214626699, -19.066313340928797 ], [ -66.305879720052047, -19.067019992404489 ], [ -66.310075547960039, -19.062853325737823 ], [ -66.325, -19.0625 ], [ -66.325850762261254, -19.059184095594595 ], [ -66.329166666666637, -19.058333333333309 ], [ -66.329519992404485, -19.047575547960047 ], [ -66.337146674262115, -19.039924452039909 ], [ -66.3375, -19.0375 ], [ -66.3375, -19.020833333333311 ], [ -66.338067287868881, -19.018622843424456 ], [ -66.342586263020792, -19.01320427788626 ], [ -66.352210489908813, -19.011932712131053 ], [ -66.356122843424444, -19.008900621202233 ], [ -66.360543823242153, -19.007766045464386 ], [ -66.364456176757784, -19.004733954535567 ], [ -66.378267076280352, -19.003505452473934 ], [ -66.379166666666634, -19.0 ], [ -66.375850762261251, -18.999149237738692 ], [ -66.375, -18.995833333333309 ], [ -66.374646674262124, -18.99340888129338 ], [ -66.362853325737817, -18.981591118706575 ], [ -66.362146674262121, -18.977452256944421 ], [ -66.368376329210037, -18.971191406249975 ], [ -66.373257785373227, -18.970480007595462 ], [ -66.380908881293365, -18.962853325737825 ], [ -66.385757785373229, -18.962146674262129 ], [ -66.399642266167504, -18.948287624782964 ], [ -66.4, -18.945833333333312 ], [ -66.406288994683123, -18.946488783094594 ], [ -66.410377671983468, -18.949344550238692 ], [ -66.414622328016463, -18.95065544976126 ], [ -66.418711005316808, -18.953511216905358 ], [ -66.422955661349789, -18.954822116427927 ], [ -66.432520887586776, -18.962959120008655 ], [ -66.433333333333294, -18.95 ], [ -66.43806728786889, -18.948785061306399 ], [ -66.435543823242156, -18.946400621202233 ], [ -66.433333333333294, -18.945833333333312 ], [ -66.433333333333294, -18.941666666666642 ], [ -66.436498006184863, -18.94066467285154 ], [ -66.438167995876697, -18.935390218098934 ], [ -66.445165337456558, -18.927109781901017 ], [ -66.446501329210037, -18.922890218098935 ], [ -66.453498670789898, -18.914609781901017 ], [ -66.454834662543362, -18.910390218098936 ], [ -66.462500339084173, -18.901319037543377 ], [ -66.470060899522537, -18.898925442165776 ], [ -66.471501329210042, -18.885390218098934 ], [ -66.474332004123227, -18.881276448567682 ], [ -66.47605726453989, -18.875827365451364 ], [ -66.485443115234347, -18.874332004123239 ], [ -66.489556884765591, -18.871501329210044 ], [ -66.495113796657947, -18.86974182128904 ], [ -66.496623738606743, -18.841426764594161 ], [ -66.502086046006909, -18.845185343424454 ], [ -66.510390218098919, -18.838167995876713 ], [ -66.5125, -18.8375 ], [ -66.512853325737808, -18.835075547960045 ], [ -66.516313340928789, -18.831591118706573 ], [ -66.517019992404485, -18.826742214626712 ], [ -66.520480007595452, -18.82325778537324 ], [ -66.521186659071148, -18.806620449489991 ], [ -66.517019992404485, -18.802424452039904 ], [ -66.516313340928789, -18.798287116156658 ], [ -66.520480007595452, -18.794091118706572 ], [ -66.5208333333333, -18.791666666666643 ], [ -66.533333333333303, -18.791666666666643 ], [ -66.532715861002572, -18.785339864095029 ], [ -66.529784138997357, -18.781326802571591 ], [ -66.528549194335909, -18.774530877007354 ], [ -66.532715861002572, -18.768826802571589 ], [ -66.533950805664034, -18.752006530761694 ], [ -66.536938476562469, -18.74791666666664 ], [ -66.533950805664034, -18.74382680257159 ], [ -66.532715861002572, -18.737030877007353 ], [ -66.536882527669235, -18.731326802571591 ], [ -66.538188001844588, -18.709142896864122 ], [ -66.547993638780355, -18.707715691460479 ], [ -66.552006361219583, -18.70478430853947 ], [ -66.564660305447021, -18.703549024793812 ], [ -66.568673027886248, -18.700617641872803 ], [ -66.574322848849789, -18.699002244737386 ], [ -66.575617472330691, -18.677006530761695 ], [ -66.578549194335906, -18.672993469238257 ], [ -66.579784138997368, -18.660339864095025 ], [ -66.582715861002569, -18.656326802571588 ], [ -66.5833333333333, -18.645833333333307 ], [ -66.60344645182289, -18.645103793674018 ], [ -66.604166666666629, -18.620833333333309 ], [ -66.596560668945273, -18.620057508680528 ], [ -66.595190429687463, -18.599678209092854 ], [ -66.59935709635414, -18.593801710340685 ], [ -66.600642903645806, -18.585364956325929 ], [ -66.607690429687466, -18.577135043674019 ], [ -66.608976236979132, -18.57286495632593 ], [ -66.611857096354129, -18.568801710340686 ], [ -66.613142903645794, -18.564531622992597 ], [ -66.616023763020806, -18.560468377007354 ], [ -66.616666666666632, -18.55 ], [ -66.616666666666632, -18.545833333333306 ], [ -66.619982571072015, -18.544982401529921 ], [ -66.621400621202227, -18.539456176757785 ], [ -66.624432712131039, -18.535543823242161 ], [ -66.62556728786889, -18.526956176757785 ], [ -66.628599378797716, -18.523043823242162 ], [ -66.629733954535553, -18.518622843424453 ], [ -66.632766045464379, -18.514710489908826 ], [ -66.63390062120223, -18.506122843424453 ], [ -66.636932712131042, -18.502210489908826 ], [ -66.638067287868893, -18.493622843424451 ], [ -66.641099378797705, -18.489710489908827 ], [ -66.642233954535556, -18.481122843424451 ], [ -66.645266045464382, -18.477210489908828 ], [ -66.6458333333333, -18.475 ], [ -66.649291653103262, -18.474112616644938 ], [ -66.650567287868896, -18.464456176757785 ], [ -66.655126614040768, -18.458989291720894 ], [ -66.6625, -18.458333333333307 ], [ -66.662853325737814, -18.451742214626709 ], [ -66.666313340928781, -18.448257785373237 ], [ -66.667019992404477, -18.439242214626709 ], [ -66.670480007595458, -18.435757785373237 ], [ -66.671186659071154, -18.430908881293377 ], [ -66.674646674262121, -18.427424452039901 ], [ -66.675353325737817, -18.42257554796004 ], [ -66.682980007595461, -18.414924452039902 ], [ -66.683686659071142, -18.405908881293374 ], [ -66.695480007595449, -18.394091118706569 ], [ -66.696186659071145, -18.389242214626709 ], [ -66.703813340928789, -18.38159111870657 ], [ -66.704166666666637, -18.379166666666638 ], [ -66.704519992404485, -18.372575547960039 ], [ -66.716313340928792, -18.360757785373234 ], [ -66.717019992404488, -18.355908881293374 ], [ -66.720480007595455, -18.352424452039902 ], [ -66.721186659071151, -18.343408881293374 ], [ -66.724646674262118, -18.339924452039902 ], [ -66.725, -18.3375 ], [ -66.743826972113681, -18.336882358127141 ], [ -66.752529568142336, -18.32933061387801 ], [ -66.754784138997366, -18.324530877007348 ], [ -66.750617472330703, -18.318826802571586 ], [ -66.749382527669241, -18.316197543674015 ], [ -66.753549194335903, -18.310493469238253 ], [ -66.754784138997366, -18.306173197428357 ], [ -66.757715861002566, -18.30216013590492 ], [ -66.758950805664028, -18.297839864095025 ], [ -66.771193779839379, -18.284421624077662 ], [ -66.777160305447012, -18.282715691460474 ], [ -66.782174682617153, -18.279052734374972 ], [ -66.783950805664034, -18.272839864095022 ], [ -66.791049194335912, -18.264660135904919 ], [ -66.792479112413162, -18.254834662543374 ], [ -66.808333333333309, -18.254166666666638 ], [ -66.807980007595461, -18.243408881293373 ], [ -66.804519992404479, -18.239924452039901 ], [ -66.803813340928784, -18.231620449489988 ], [ -66.807980007595461, -18.227424452039902 ], [ -66.808686659071142, -18.222575547960041 ], [ -66.814209662543377, -18.217024739583305 ], [ -66.819091118706567, -18.216313340928789 ], [ -66.828811984591979, -18.20661875406898 ], [ -66.829166666666637, -18.2 ], [ -66.826742214626705, -18.199646674262123 ], [ -66.823257785373229, -18.196186659071152 ], [ -66.805908881293377, -18.195480007595457 ], [ -66.802424452039901, -18.192019992404482 ], [ -66.791666666666629, -18.191666666666638 ], [ -66.789456176757781, -18.191099378797713 ], [ -66.785543823242151, -18.188067287868893 ], [ -66.780173407660556, -18.18668908013235 ], [ -66.778599378797708, -18.182586669921847 ], [ -66.782766045464385, -18.177210489908823 ], [ -66.783900621202221, -18.172789510091114 ], [ -66.787031385633654, -18.16875 ], [ -66.782937282986083, -18.163467746310733 ], [ -66.775850762261257, -18.161649068196585 ], [ -66.775, -18.158333333333303 ], [ -66.775567287868896, -18.156122843424448 ], [ -66.778599378797708, -18.152210489908825 ], [ -66.779733954535558, -18.143622843424449 ], [ -66.782766045464385, -18.139710489908826 ], [ -66.783900621202221, -18.135289510091116 ], [ -66.787896050347186, -18.130134412977402 ], [ -66.793877156575491, -18.128599378797713 ], [ -66.807715182834173, -18.115654669867592 ], [ -66.808900621202227, -18.093622843424448 ], [ -66.820266045464379, -18.081377156575492 ], [ -66.821494547526015, -18.067566257052921 ], [ -66.825, -18.066666666666634 ], [ -66.825850762261254, -18.063350931803356 ], [ -66.831377156575485, -18.061932712131046 ], [ -66.836532253689199, -18.057937452528179 ], [ -66.8375, -18.054166666666635 ], [ -66.83372938368052, -18.053198920355872 ], [ -66.829733954535556, -18.048043823242157 ], [ -66.828315904405343, -18.04251759847002 ], [ -66.822789510091113, -18.041099378797711 ], [ -66.818877156575496, -18.038067287868891 ], [ -66.816666666666634, -18.0375 ], [ -66.810046386718724, -18.037145148383217 ], [ -66.804519992404479, -18.031591118706565 ], [ -66.803813340928784, -18.026742214626704 ], [ -66.800353325737817, -18.023257785373232 ], [ -66.799644300672711, -18.01421220567488 ], [ -66.794091118706561, -18.008686659071149 ], [ -66.791666666666629, -18.008333333333319 ], [ -66.790770128038162, -18.011826239691811 ], [ -66.778420003255178, -18.013067287868893 ], [ -66.771801079644064, -18.007937452528182 ], [ -66.7708333333333, -18.004166666666634 ], [ -66.770475599500841, -18.001712544759084 ], [ -66.752424452039904, -17.98368665907115 ], [ -66.75, -17.983333333333302 ], [ -66.749100409613689, -17.979827880859343 ], [ -66.734232923719588, -17.978505452473925 ], [ -66.732766045464373, -17.972789510091115 ], [ -66.725567287868898, -17.964710489908821 ], [ -66.724432712131048, -17.960289510091116 ], [ -66.721400621202221, -17.956377156575488 ], [ -66.720833333333303, -17.95 ], [ -66.724149237738686, -17.949149068196583 ], [ -66.725, -17.945833333333301 ], [ -66.729431152343722, -17.944696214463946 ], [ -66.725567287868898, -17.939710489908823 ], [ -66.724432712131048, -17.926956176757781 ], [ -66.721400621202221, -17.923043823242157 ], [ -66.720266045464371, -17.914456176757781 ], [ -66.717233954535558, -17.910543823242154 ], [ -66.71666666666664, -17.9 ], [ -66.718877156575488, -17.899432712131059 ], [ -66.728247070312463, -17.891083780924461 ], [ -66.730017428927923, -17.884184095594602 ], [ -66.735543823242153, -17.882766045464393 ], [ -66.743622843424447, -17.875567287868908 ], [ -66.748043823242156, -17.87443271213106 ], [ -66.751956176757787, -17.871400621202241 ], [ -66.757482571072018, -17.869982571072033 ], [ -66.75890062120223, -17.864456176757795 ], [ -66.771478949652746, -17.850903659396685 ], [ -66.778315904405346, -17.8491492377387 ], [ -66.779733954535558, -17.843622843424463 ], [ -66.782766045464385, -17.839710489908839 ], [ -66.783900621202221, -17.83528951009113 ], [ -66.792249552408819, -17.825919596354151 ], [ -66.798043823242153, -17.82443271213106 ], [ -66.804153442382784, -17.819337632920991 ], [ -66.800567287868887, -17.814710489908837 ], [ -66.79943271213105, -17.807586669921857 ], [ -66.803698052300319, -17.802083333333318 ], [ -66.800567287868887, -17.798043823242171 ], [ -66.8, -17.795833333333317 ], [ -66.799646674262121, -17.793408881293384 ], [ -66.792019992404477, -17.785757785373246 ], [ -66.791666666666629, -17.779166666666651 ], [ -66.794091118706561, -17.778813340928803 ], [ -66.7996419270833, -17.773290337456579 ], [ -66.800353325737817, -17.768408881293386 ], [ -66.807980007595461, -17.760757785373247 ], [ -66.808686659071142, -17.755908881293387 ], [ -66.820480007595449, -17.744091118706578 ], [ -66.821186659071145, -17.739242214626717 ], [ -66.835045708550311, -17.725357733832446 ], [ -66.839924452039895, -17.724646674262136 ], [ -66.847575547960034, -17.717019992404495 ], [ -66.85, -17.716666666666647 ], [ -66.852424452039898, -17.716313340928803 ], [ -66.86214226616751, -17.706621636284705 ], [ -66.862853325737817, -17.701742214626719 ], [ -66.874646674262124, -17.689924452039911 ], [ -66.875353325737819, -17.68507554796005 ], [ -66.878813340928787, -17.681591118706578 ], [ -66.879519992404482, -17.676742214626717 ], [ -66.891313340928789, -17.664924452039912 ], [ -66.891666666666637, -17.65 ], [ -66.888350762261254, -17.649149237738698 ], [ -66.886932712131042, -17.64362284342446 ], [ -66.88390062120223, -17.639710489908836 ], [ -66.882413736979132, -17.633916219075502 ], [ -66.873043823242156, -17.625567287868904 ], [ -66.870833333333309, -17.625 ], [ -66.871186659071157, -17.62257554796005 ], [ -66.874646674262124, -17.619091118706578 ], [ -66.875, -17.616666666666649 ], [ -66.87556728786889, -17.614456176757795 ], [ -66.882766045464379, -17.606377156575501 ], [ -66.88390062120223, -17.601956176757795 ], [ -66.887896050347194, -17.596801079644077 ], [ -66.893877156575485, -17.595266045464392 ], [ -66.899032253689199, -17.591270616319427 ], [ -66.900567287868896, -17.585289510091126 ], [ -66.907766045464385, -17.577210489908836 ], [ -66.908900621202221, -17.56862284342446 ], [ -66.916099378797711, -17.56054382324217 ], [ -66.917233954535561, -17.556122843424461 ], [ -66.920266045464373, -17.552210489908834 ], [ -66.921541680230007, -17.542554050021682 ], [ -66.927210489908816, -17.541099378797725 ], [ -66.931122843424447, -17.538067287868905 ], [ -66.936649237738692, -17.536649237738697 ], [ -66.93806728786889, -17.531122843424459 ], [ -66.941099378797716, -17.527210489908835 ], [ -66.942233954535567, -17.522789510091126 ], [ -66.945266045464379, -17.518877156575503 ], [ -66.945833333333297, -17.5125 ], [ -66.95, -17.5125 ], [ -66.952424452039907, -17.512146674262134 ], [ -66.955908881293368, -17.508686659071159 ], [ -66.960757785373232, -17.507980007595467 ], [ -66.964242214626708, -17.504519992404497 ], [ -66.969091118706572, -17.503813340928801 ], [ -66.989242214626699, -17.483686659071161 ], [ -67.0, -17.483333333333313 ], [ -67.000353325737819, -17.480908881293384 ], [ -67.003813340928787, -17.477424452039912 ], [ -67.004166666666634, -17.475 ], [ -67.004519992404482, -17.472575547960048 ], [ -67.010042995876702, -17.467024739583312 ], [ -67.0125, -17.466666666666647 ], [ -67.012853325737822, -17.469091118706579 ], [ -67.016313340928789, -17.472575547960048 ], [ -67.016666666666637, -17.475 ], [ -67.019091118706569, -17.475353325737828 ], [ -67.024644300672719, -17.480878702799458 ], [ -67.025353325737811, -17.489924452039912 ], [ -67.028813340928792, -17.493408881293384 ], [ -67.029519992404488, -17.498257785373244 ], [ -67.032980007595455, -17.501742214626717 ], [ -67.033333333333303, -17.504166666666649 ], [ -67.036649237738686, -17.503315904405362 ], [ -67.0375, -17.5 ], [ -67.043877156575491, -17.499432712131057 ], [ -67.061604478624105, -17.482656182183142 ], [ -67.063350762261251, -17.475850762261267 ], [ -67.068877156575496, -17.474432712131058 ], [ -67.072789510091113, -17.471400621202235 ], [ -67.077210489908822, -17.470266045464392 ], [ -67.082365587022537, -17.466270616319424 ], [ -67.084184095594594, -17.459184095594598 ], [ -67.089710489908825, -17.457766045464389 ], [ -67.106122843424444, -17.44223395453557 ], [ -67.110543823242153, -17.441099378797723 ], [ -67.118622843424447, -17.433900621202238 ], [ -67.120833333333309, -17.433333333333312 ], [ -67.121684095594588, -17.430017428927933 ], [ -67.127210489908819, -17.428599378797724 ], [ -67.137459648980013, -17.419303046332445 ], [ -67.13390062120223, -17.414710489908835 ], [ -67.132766045464379, -17.411753336588522 ], [ -67.136932712131042, -17.406377156575502 ], [ -67.138067287868893, -17.385289510091127 ], [ -67.145266045464382, -17.377210489908833 ], [ -67.146400621202233, -17.365920003255187 ], [ -67.142233954535556, -17.360543823242168 ], [ -67.141099378797719, -17.357586669921854 ], [ -67.145266045464382, -17.352210489908835 ], [ -67.146400621202233, -17.343622843424459 ], [ -67.157766045464385, -17.331377156575499 ], [ -67.158900621202235, -17.326956176757793 ], [ -67.166099378797711, -17.3188771565755 ], [ -67.167233954535561, -17.31445617675779 ], [ -67.170266045464388, -17.310543823242167 ], [ -67.170833333333306, -17.308333333333312 ], [ -67.173257785373238, -17.307980007595464 ], [ -67.178810967339388, -17.302454630533834 ], [ -67.179519992404479, -17.293408881293381 ], [ -67.185043165418804, -17.287858072916645 ], [ -67.189924452039904, -17.287146674262132 ], [ -67.195477634006053, -17.281621297200498 ], [ -67.196186659071145, -17.272575547960049 ], [ -67.203813340928789, -17.26492445203991 ], [ -67.204519992404485, -17.255908881293383 ], [ -67.207980007595452, -17.252424452039911 ], [ -67.208686659071148, -17.247575547960047 ], [ -67.212146674262129, -17.244091118706574 ], [ -67.2125, -17.241666666666646 ], [ -67.214710489908825, -17.242233954535568 ], [ -67.219865587022539, -17.246229383680536 ], [ -67.221732923719586, -17.253505452473938 ], [ -67.229166666666643, -17.254166666666645 ], [ -67.231591118706575, -17.253813340928797 ], [ -67.241308932834173, -17.244121636284699 ], [ -67.242019992404479, -17.239242214626714 ], [ -67.249646674262124, -17.231591118706575 ], [ -67.250353325737819, -17.222575547960048 ], [ -67.26421220567488, -17.208691067165777 ], [ -67.269091118706569, -17.207980007595463 ], [ -67.272575547960045, -17.204519992404492 ], [ -67.281591118706572, -17.203813340928797 ], [ -67.287145826551622, -17.19828660753036 ], [ -67.2875, -17.1875 ], [ -67.287853325737814, -17.18090888129338 ], [ -67.291313340928795, -17.177424452039908 ], [ -67.292019992404491, -17.172575547960047 ], [ -67.316313340928787, -17.148257785373243 ], [ -67.317019992404482, -17.143408881293382 ], [ -67.324646674262127, -17.135757785373244 ], [ -67.325, -17.133333333333312 ], [ -67.327248297797283, -17.133862982855881 ], [ -67.3325748019748, -17.138446044921853 ], [ -67.333862813313772, -17.143914794921852 ], [ -67.338446214463943, -17.14924146864147 ], [ -67.344921366373669, -17.150766669379319 ], [ -67.346362813313775, -17.155107286241297 ], [ -67.342196146647112, -17.160251871744769 ], [ -67.341137186686169, -17.168914794921854 ], [ -67.338029479980435, -17.172751871744769 ], [ -67.3375, -17.2 ], [ -67.337146674262129, -17.206591118706577 ], [ -67.333686659071148, -17.210075547960049 ], [ -67.3333333333333, -17.22083333333331 ], [ -67.332980007595452, -17.227424452039909 ], [ -67.329519992404485, -17.230908881293381 ], [ -67.328813340928789, -17.244091118706574 ], [ -67.324646674262127, -17.248286946614563 ], [ -67.325353325737822, -17.26492445203991 ], [ -67.328813340928789, -17.268408881293382 ], [ -67.329166666666637, -17.279166666666647 ], [ -67.3333333333333, -17.279166666666647 ], [ -67.360543823242153, -17.278599378797722 ], [ -67.364456176757784, -17.275567287868903 ], [ -67.381377156575496, -17.274432712131055 ], [ -67.393622843424453, -17.263067287868903 ], [ -67.398043823242162, -17.261932712131056 ], [ -67.401956176757778, -17.258900621202237 ], [ -67.410543823242165, -17.25776604546439 ], [ -67.414583333333312, -17.254635281032964 ], [ -67.418622843424458, -17.25776604546439 ], [ -67.429913330078094, -17.258900621202237 ], [ -67.435289510091124, -17.25473395453557 ], [ -67.439710489908833, -17.253599378797723 ], [ -67.44362284342445, -17.250567287868904 ], [ -67.459079996744762, -17.249432712131053 ], [ -67.464456176757793, -17.253599378797723 ], [ -67.477951727973064, -17.25473395453557 ], [ -67.479166666666643, -17.25 ], [ -67.481591118706575, -17.250353325737827 ], [ -67.489242214626714, -17.257980007595464 ], [ -67.5, -17.258333333333312 ], [ -67.502424452039904, -17.258686659071159 ], [ -67.505908881293379, -17.26214667426213 ], [ -67.526712883843288, -17.262853325737826 ], [ -67.530908881293371, -17.258686659071159 ], [ -67.535757785373235, -17.257980007595464 ], [ -67.551742214626714, -17.242019992404494 ], [ -67.560757785373241, -17.241313340928798 ], [ -67.570478990342863, -17.231618245442686 ], [ -67.571186659071159, -17.214242214626715 ], [ -67.578813340928789, -17.206591118706577 ], [ -67.579519992404485, -17.201742214626716 ], [ -67.582980007595467, -17.198257785373244 ], [ -67.583333333333314, -17.195833333333312 ], [ -67.589924452039909, -17.196186659071159 ], [ -67.597575547960048, -17.203813340928797 ], [ -67.602424452039912, -17.204519992404492 ], [ -67.605908881293374, -17.207980007595463 ], [ -67.608333333333306, -17.208333333333311 ], [ -67.609283786349806, -17.211746554904494 ], [ -67.62004852294919, -17.213276841905362 ], [ -67.621277194552931, -17.221591525607618 ], [ -67.616545952690942, -17.227972751193555 ], [ -67.624092441134962, -17.230074055989562 ], [ -67.625605095757351, -17.235506184895812 ], [ -67.62856157090927, -17.239493815104147 ], [ -67.629771762424014, -17.243839518229144 ], [ -67.632728237575932, -17.24782714843748 ], [ -67.633333333333312, -17.25 ], [ -67.639924452039907, -17.250353325737827 ], [ -67.643408881293382, -17.253813340928797 ], [ -67.645833333333314, -17.254166666666645 ], [ -67.669091118706575, -17.254519992404493 ], [ -67.672575547960051, -17.257980007595464 ], [ -67.679166666666646, -17.258333333333312 ], [ -67.685757785373241, -17.257980007595464 ], [ -67.69130859374998, -17.252457004123244 ], [ -67.692019992404482, -17.247575547960047 ], [ -67.697543165418807, -17.242024739583311 ], [ -67.702424452039907, -17.241313340928798 ], [ -67.710075547960045, -17.233686659071161 ], [ -67.7125, -17.233333333333313 ], [ -67.713067287868896, -17.226956176757792 ], [ -67.71706254747177, -17.221801079644077 ], [ -67.723043823242165, -17.220266045464388 ], [ -67.726956176757795, -17.217233954535569 ], [ -67.731377156575491, -17.216099378797722 ], [ -67.740746900770375, -17.207750447591124 ], [ -67.74251759847003, -17.200850762261261 ], [ -67.745833333333309, -17.2 ], [ -67.746684265136693, -17.196684095594598 ], [ -67.75, -17.195833333333312 ], [ -67.75, -17.191666666666645 ], [ -67.75, -17.1875 ], [ -67.756591118706567, -17.187146674262131 ], [ -67.760075547960042, -17.18368665907116 ], [ -67.7625, -17.183333333333312 ], [ -67.770833333333314, -17.183333333333312 ], [ -67.771684265136699, -17.180017428927929 ], [ -67.775, -17.179166666666646 ], [ -67.775887383355013, -17.17570834689668 ], [ -67.785543823242165, -17.174432712131054 ], [ -67.789583333333312, -17.171301947699632 ], [ -67.793622843424458, -17.174432712131054 ], [ -67.798043823242168, -17.175567287868901 ], [ -67.801956176757784, -17.17859937879772 ], [ -67.806377156575493, -17.179733954535568 ], [ -67.810425482855877, -17.182871500651018 ], [ -67.81862284342445, -17.175567287868901 ], [ -67.825, -17.175 ], [ -67.825623575846336, -17.1634090847439 ], [ -67.831377156575499, -17.161932712131055 ], [ -67.835289510091116, -17.158900621202235 ], [ -67.84166666666664, -17.15833333333331 ], [ -67.842019992404488, -17.155908881293382 ], [ -67.853813340928795, -17.144091118706577 ], [ -67.854519992404491, -17.130908881293379 ], [ -67.857980007595458, -17.127424452039907 ], [ -67.858686659071154, -17.122575547960047 ], [ -67.866313340928798, -17.114924452039908 ], [ -67.867019992404494, -17.105908881293381 ], [ -67.870480007595461, -17.102424452039909 ], [ -67.871186659071157, -17.093408881293382 ], [ -67.874646674262124, -17.089924452039909 ], [ -67.875353325737819, -17.076742214626712 ], [ -67.878813340928801, -17.07325778537324 ], [ -67.879166666666649, -17.066666666666645 ], [ -67.886600409613692, -17.066005452473934 ], [ -67.888067287868907, -17.060289510091124 ], [ -67.895266045464382, -17.05221048990883 ], [ -67.896684265136699, -17.046684095594596 ], [ -67.9, -17.045833333333309 ], [ -67.900567287868896, -17.026956176757789 ], [ -67.907766045464385, -17.018877156575499 ], [ -67.909184265136702, -17.013350762261261 ], [ -67.914710489908828, -17.011932712131053 ], [ -67.922789510091121, -17.004733954535567 ], [ -67.92721048990883, -17.00359937879772 ], [ -67.940964253743473, -16.990733506944423 ], [ -67.942233954535567, -16.981122843424455 ], [ -67.946793111165348, -16.975655788845462 ], [ -67.954166666666652, -16.975 ], [ -67.964660135904921, -16.974382527669249 ], [ -67.968673197428359, -16.971450805664038 ], [ -67.978372531466988, -16.970039198133655 ], [ -67.979784308539479, -16.960339694552928 ], [ -67.982715691460484, -16.956326972113693 ], [ -67.984068467881926, -16.94246927897133 ], [ -67.99382680257159, -16.941049194335914 ], [ -67.997839864095027, -16.938117472330706 ], [ -68.00216013590493, -16.936882527669248 ], [ -68.011393568250853, -16.928869967990426 ], [ -68.013486226399721, -16.921550496419247 ], [ -68.028180440266908, -16.920116170247372 ], [ -68.029784308539476, -16.914506361219594 ], [ -68.032715691460481, -16.910493638780359 ], [ -68.033950975206139, -16.906173027886261 ], [ -68.036882358127144, -16.902160305447026 ], [ -68.0375, -16.9 ], [ -68.038067287868898, -16.897789510091123 ], [ -68.041099378797725, -16.893877156575495 ], [ -68.042566257052925, -16.888161214192685 ], [ -68.05, -16.8875 ], [ -68.053315734863261, -16.886649237738691 ], [ -68.054733954535564, -16.881122843424457 ], [ -68.05776604546439, -16.87721048990883 ], [ -68.058333333333294, -16.875 ], [ -68.058900621202241, -16.87278951009112 ], [ -68.061932712131053, -16.868877156575497 ], [ -68.06335093180337, -16.863350762261259 ], [ -68.066666666666634, -16.8625 ], [ -68.067233954535567, -16.856122843424455 ], [ -68.070266045464393, -16.852210489908831 ], [ -68.07140062120223, -16.847789510091122 ], [ -68.082766045464382, -16.835543823242162 ], [ -68.083900621202233, -16.831122843424453 ], [ -68.086932712131059, -16.827210489908829 ], [ -68.088067287868896, -16.82278951009112 ], [ -68.091099378797722, -16.818877156575496 ], [ -68.092233954535573, -16.81371493869355 ], [ -68.083068678114131, -16.811362881130616 ], [ -68.086932712131059, -16.806377156575497 ], [ -68.088067287868896, -16.793622843424455 ], [ -68.091099378797722, -16.789710489908828 ], [ -68.091666666666626, -16.775 ], [ -68.088350931803362, -16.774149068196589 ], [ -68.086932712131059, -16.768622843424453 ], [ -68.082937452528185, -16.763467746310738 ], [ -68.075850931803359, -16.76164906819659 ], [ -68.074432712131056, -16.756122843424453 ], [ -68.07140062120223, -16.75221048990883 ], [ -68.070833333333312, -16.75 ], [ -68.069982401529927, -16.746684265136693 ], [ -68.066666666666649, -16.745833333333309 ], [ -68.0625, -16.745833333333309 ], [ -68.06335093180337, -16.742517598470027 ], [ -68.066666666666634, -16.741666666666642 ], [ -68.067517598470033, -16.73835093180336 ], [ -68.070833333333297, -16.7375 ], [ -68.085493638780349, -16.736882358127144 ], [ -68.090805053710895, -16.73300221761065 ], [ -68.092435031466977, -16.721804979112388 ], [ -68.097993638780338, -16.720215691460478 ], [ -68.10200636121958, -16.717284308539472 ], [ -68.111705864800314, -16.715872531466989 ], [ -68.113117472330686, -16.70617319742836 ], [ -68.116105143229134, -16.702083333333306 ], [ -68.113117472330686, -16.697993469238256 ], [ -68.111882527669238, -16.695364210340685 ], [ -68.116049194335901, -16.689660135904923 ], [ -68.117284138997363, -16.681173197428361 ], [ -68.124382527669241, -16.672993469238257 ], [ -68.125617472330688, -16.668673197428358 ], [ -68.149452379014718, -16.643753729926189 ], [ -68.142284138997354, -16.635493469238256 ], [ -68.141049194335906, -16.63117319742836 ], [ -68.138117472330691, -16.627160135904923 ], [ -68.1375, -16.625 ], [ -68.139924452039892, -16.624646674262127 ], [ -68.143408881293368, -16.621186659071153 ], [ -68.148257785373232, -16.620480007595461 ], [ -68.164242214626697, -16.604519992404487 ], [ -68.169091118706561, -16.603813340928792 ], [ -68.1746419270833, -16.59829016791447 ], [ -68.175353325737817, -16.593408881293378 ], [ -68.180876329210037, -16.587858072916639 ], [ -68.183333333333294, -16.5875 ], [ -68.183686659071142, -16.585075547960042 ], [ -68.192019992404482, -16.576715596516902 ], [ -68.191313340928787, -16.568408881293376 ], [ -68.187853325737805, -16.564924452039904 ], [ -68.18714667426211, -16.555908881293377 ], [ -68.179519992404479, -16.548257785373238 ], [ -68.178811306423569, -16.539214748806398 ], [ -68.160757785373221, -16.521186659071155 ], [ -68.158333333333303, -16.520833333333307 ], [ -68.158994547526007, -16.513399590386257 ], [ -68.1625, -16.5125 ], [ -68.162853325737814, -16.510075547960042 ], [ -68.168376329210034, -16.504524739583307 ], [ -68.170833333333292, -16.504166666666638 ], [ -68.17118665907114, -16.501742214626709 ], [ -68.174646674262121, -16.498257785373237 ], [ -68.175, -16.495833333333305 ], [ -68.174646674262121, -16.476742214626707 ], [ -68.17118665907114, -16.473257785373235 ], [ -68.170480007595444, -16.455908881293375 ], [ -68.162853325737814, -16.448257785373237 ], [ -68.162146674262118, -16.443408881293376 ], [ -68.158686659071151, -16.439924452039904 ], [ -68.157980007595455, -16.401742214626708 ], [ -68.154519992404474, -16.398257785373236 ], [ -68.153813340928778, -16.389242214626709 ], [ -68.150353325737811, -16.385757785373237 ], [ -68.149646674262115, -16.376742214626709 ], [ -68.146186659071148, -16.373257785373234 ], [ -68.145480007595452, -16.364242214626707 ], [ -68.142019992404471, -16.360757785373234 ], [ -68.141313340928789, -16.355908881293374 ], [ -68.135787963867145, -16.350355699327228 ], [ -68.126742214626702, -16.349646674262125 ], [ -68.108687676323754, -16.331617397732177 ], [ -68.107980007595444, -16.314242214626706 ], [ -68.104519992404477, -16.310757785373234 ], [ -68.104166666666629, -16.3 ], [ -68.104166666666643, -16.295833333333306 ], [ -68.114924452039887, -16.295480007595458 ], [ -68.122575547960025, -16.287853325737817 ], [ -68.12742445203989, -16.287146674262125 ], [ -68.135075547960028, -16.279519992404484 ], [ -68.148257785373232, -16.278813340928792 ], [ -68.151742214626694, -16.275353325737818 ], [ -68.154166666666626, -16.275 ], [ -68.153813340928778, -16.272575547960042 ], [ -68.150353325737811, -16.269091118706569 ], [ -68.15, -16.266666666666637 ], [ -68.151065402560732, -16.263216824001706 ], [ -68.174262830946148, -16.261762661404049 ], [ -68.175655449761251, -16.239544338650145 ], [ -68.178511216905349, -16.235455661349796 ], [ -68.179822116427914, -16.227044338650146 ], [ -68.18342963324649, -16.221879408094587 ], [ -68.19191250271264, -16.220177883572021 ], [ -68.197877671983477, -16.224344550238687 ], [ -68.204412502712643, -16.225655449761256 ], [ -68.211453925238686, -16.22073686387801 ], [ -68.213155449761246, -16.212254163953965 ], [ -68.208988783094583, -16.206288994683131 ], [ -68.207677883572018, -16.199754163953962 ], [ -68.212408786349783, -16.192981465657521 ], [ -68.219537014431381, -16.190780300564207 ], [ -68.221488783094586, -16.187254163953963 ], [ -68.217294650607599, -16.18125 ], [ -68.220177883572006, -16.177122328016463 ], [ -68.220833333333303, -16.170833333333302 ], [ -68.245833333333294, -16.170833333333302 ], [ -68.245833333333294, -16.166666666666636 ], [ -68.245480007595447, -16.160075547960041 ], [ -68.241681247287289, -16.15625 ], [ -68.245480007595447, -16.152424452039902 ], [ -68.246186659071142, -16.144120449489986 ], [ -68.242019992404479, -16.139924452039899 ], [ -68.241313340928784, -16.131617736816377 ], [ -68.249646674262124, -16.123257785373234 ], [ -68.25, -16.120833333333302 ], [ -68.252210489908819, -16.121400621202227 ], [ -68.25612284342445, -16.124432712131046 ], [ -68.282118394639724, -16.125567287868893 ], [ -68.283900621202221, -16.118622843424447 ], [ -68.286932712131033, -16.114710489908823 ], [ -68.288161214192669, -16.100899590386256 ], [ -68.294982571072012, -16.099149068196585 ], [ -68.295833333333292, -16.095833333333303 ], [ -68.3, -16.095833333333303 ], [ -68.299646674262121, -16.085075547960038 ], [ -68.29618665907114, -16.081591118706566 ], [ -68.295833333333292, -16.054166666666635 ], [ -68.302424452039901, -16.053813340928787 ], [ -68.305908881293362, -16.050353325737817 ], [ -68.323257785373229, -16.049646674262121 ], [ -68.326742214626705, -16.04618665907115 ], [ -68.331591118706555, -16.045480007595454 ], [ -68.335075547960031, -16.042019992404484 ], [ -68.3375, -16.041666666666636 ], [ -68.338067287868881, -16.035289510091115 ], [ -68.34206271701386, -16.0301344129774 ], [ -68.349149237738686, -16.028315734863249 ], [ -68.350567287868884, -16.022789510091116 ], [ -68.353599378797711, -16.018877156575488 ], [ -68.355017428927923, -16.013350931803355 ], [ -68.361838785807251, -16.011600409613685 ], [ -68.3625, -16.004166666666634 ], [ -68.362853325737817, -15.997575547960038 ], [ -68.372901746961773, -15.987499830457867 ], [ -68.377084011501694, -15.991652764214379 ], [ -68.385075547960028, -15.983686659071148 ], [ -68.391666666666637, -15.983333333333302 ], [ -68.392327880859341, -15.975899590386254 ], [ -68.398043823242148, -15.974432712131044 ], [ -68.407413736979137, -15.966083780924448 ], [ -68.408900621202221, -15.960289510091114 ], [ -68.411932712131048, -15.956377156575488 ], [ -68.4125, -15.95 ], [ -68.412853325737814, -15.939242214626704 ], [ -68.416313340928781, -15.935757785373232 ], [ -68.416666666666629, -15.933333333333318 ], [ -68.419091118706561, -15.932980007595454 ], [ -68.422575547960037, -15.929519992404483 ], [ -68.441666666666634, -15.929166666666635 ], [ -68.452248128255178, -15.928637186686165 ], [ -68.457574801974786, -15.924053785535992 ], [ -68.458862982855862, -15.918585035535992 ], [ -68.461970350477401, -15.914748297797278 ], [ -68.463029649522539, -15.910251702202659 ], [ -68.471787516276009, -15.900756666395367 ], [ -68.47825453016489, -15.899233500162728 ], [ -68.479696316189205, -15.894892544216548 ], [ -68.475529649522542, -15.889748297797277 ], [ -68.47447035047739, -15.876918368869326 ], [ -68.471362982855865, -15.87308163113061 ], [ -68.470833333333303, -15.870833333333302 ], [ -68.473043823242151, -15.870266045464378 ], [ -68.481122843424444, -15.863067287868891 ], [ -68.492413330078094, -15.861932712131043 ], [ -68.497916666666626, -15.866197882758215 ], [ -68.501956176757773, -15.863067287868891 ], [ -68.511612616644925, -15.861791483561166 ], [ -68.513311089409683, -15.855173407660558 ], [ -68.517413330078085, -15.853599378797711 ], [ -68.522789510091116, -15.857766045464377 ], [ -68.531377156575488, -15.858900621202224 ], [ -68.535289510091118, -15.861932712131043 ], [ -68.5375, -15.8625 ], [ -68.539924452039898, -15.862146674262121 ], [ -68.543408881293374, -15.858686659071148 ], [ -68.545833333333306, -15.858333333333317 ], [ -68.546186659071154, -15.869091118706566 ], [ -68.558319769965237, -15.881249152289465 ], [ -68.554519992404479, -15.885075547960037 ], [ -68.553813340928784, -15.894091118706566 ], [ -68.550353325737817, -15.897575547960038 ], [ -68.55, -15.91666666666665 ], [ -68.55, -15.920833333333317 ], [ -68.552424452039901, -15.921186659071164 ], [ -68.560075547960039, -15.928813340928803 ], [ -68.5625, -15.929166666666651 ], [ -68.5875, -15.929166666666651 ], [ -68.602160305447015, -15.928549194335922 ], [ -68.606173027886257, -15.925617472330714 ], [ -68.615872531466977, -15.924205864800332 ], [ -68.617435031466982, -15.913471815321165 ], [ -68.620833333333294, -15.9125 ], [ -68.621186659071142, -15.905908881293387 ], [ -68.626708645290762, -15.900359090169255 ], [ -68.63087972005205, -15.899646674262137 ], [ -68.635075547960042, -15.903813340928803 ], [ -68.643381076388863, -15.904519992404499 ], [ -68.64964497884111, -15.898286946614567 ], [ -68.65, -15.891666666666652 ], [ -68.656591118706558, -15.891313340928804 ], [ -68.660075547960034, -15.887853325737831 ], [ -68.6625, -15.8875 ], [ -68.664710489908828, -15.88693271213106 ], [ -68.668622843424444, -15.88390062120224 ], [ -68.674291653103268, -15.882445949978283 ], [ -68.67570834689667, -15.871720716688351 ], [ -68.679166666666632, -15.870833333333318 ], [ -68.679822455512124, -15.878206719292518 ], [ -68.685411919487819, -15.882868109809012 ], [ -68.689456176757773, -15.879733954535574 ], [ -68.719919840494754, -15.878559027777762 ], [ -68.721752929687469, -15.871416219075504 ], [ -68.732396104600667, -15.861932712131059 ], [ -68.768877156575485, -15.863067287868908 ], [ -68.772789510091116, -15.866099378797728 ], [ -68.77916666666664, -15.866666666666649 ], [ -68.781591118706572, -15.866313340928803 ], [ -68.787141927083297, -15.860790337456582 ], [ -68.787853325737814, -15.855908881293386 ], [ -68.799646674262121, -15.844091118706581 ], [ -68.8, -15.81666666666665 ], [ -68.804166666666632, -15.81666666666665 ], [ -68.806377156575493, -15.816099378797727 ], [ -68.81028951009111, -15.813067287868908 ], [ -68.823043823242159, -15.81193271213106 ], [ -68.835289510091116, -15.800567287868907 ], [ -68.839710489908825, -15.799432712131059 ], [ -68.847789510091118, -15.792233954535574 ], [ -68.853315904405349, -15.790815904405365 ], [ -68.855017428927923, -15.7841840955946 ], [ -68.861649237738689, -15.782482571072032 ], [ -68.863067287868887, -15.776956176757796 ], [ -68.867062717013852, -15.77180107964408 ], [ -68.873043823242156, -15.770266045464393 ], [ -68.882413736979132, -15.761917114257795 ], [ -68.883333333333297, -15.758333333333315 ], [ -68.890895250108471, -15.759104749891476 ], [ -68.891666666666637, -15.76666666666665 ], [ -68.894091118706569, -15.767019992404496 ], [ -68.89964497884111, -15.772546386718734 ], [ -68.9, -15.779166666666633 ], [ -68.903315904405346, -15.778315734863249 ], [ -68.90416666666664, -15.775 ], [ -68.910757785373235, -15.774646674262119 ], [ -68.914242214626711, -15.771186659071148 ], [ -68.916666666666629, -15.770833333333316 ], [ -68.919091118706561, -15.77048000759547 ], [ -68.930908881293377, -15.758686659071163 ], [ -68.935757785373227, -15.757980007595469 ], [ -68.941308593749966, -15.752457004123247 ], [ -68.942019992404482, -15.747575547960052 ], [ -68.95171169704858, -15.737857733832447 ], [ -68.954166666666637, -15.7375 ], [ -68.9583333333333, -15.7375 ], [ -68.960543823242162, -15.738067287868907 ], [ -68.972789510091118, -15.749432712131059 ], [ -68.975746663411428, -15.750567287868906 ], [ -68.982365587022542, -15.745437282986094 ], [ -68.984239027235219, -15.738137817382796 ], [ -69.002210489908819, -15.736932712131059 ], [ -69.01445617675779, -15.725567287868905 ], [ -69.016666666666637, -15.725 ], [ -69.017284138997368, -15.7145063612196 ], [ -69.020215861002569, -15.710493638780363 ], [ -69.021635945637996, -15.700735134548594 ], [ -69.02916666666664, -15.7 ], [ -69.028813340928792, -15.697575547960051 ], [ -69.025353325737811, -15.694091118706579 ], [ -69.024646674262129, -15.680908881293385 ], [ -69.021186659071148, -15.677424452039913 ], [ -69.020480007595452, -15.669120279947899 ], [ -69.024646674262129, -15.664924452039912 ], [ -69.025, -15.654166666666649 ], [ -69.025567287868896, -15.643622843424462 ], [ -69.028698052300314, -15.639583333333315 ], [ -69.025567287868896, -15.63554382324217 ], [ -69.024432712131045, -15.632586669921857 ], [ -69.028599378797708, -15.627210489908837 ], [ -69.029733954535558, -15.618622843424461 ], [ -69.032766045464385, -15.614710489908836 ], [ -69.033900621202221, -15.60612284342446 ], [ -69.036932712131048, -15.602210489908835 ], [ -69.038067287868898, -15.593622843424461 ], [ -69.041099378797711, -15.589710489908835 ], [ -69.042233954535561, -15.582586669921856 ], [ -69.038067287868898, -15.577210489908836 ], [ -69.036932712131048, -15.570086669921857 ], [ -69.041099378797711, -15.564710489908835 ], [ -69.042517428927923, -15.559184095594599 ], [ -69.049382866753447, -15.557422553168383 ], [ -69.050567287868887, -15.532586669921855 ], [ -69.046400621202224, -15.527210489908835 ], [ -69.045833333333306, -15.525 ], [ -69.046186659071154, -15.518408881293384 ], [ -69.055882093641458, -15.508686998155362 ], [ -69.075, -15.508333333333315 ], [ -69.075623575846322, -15.496742418077238 ], [ -69.081377156575485, -15.49526604546439 ], [ -69.085289510091116, -15.492233954535571 ], [ -69.090858968098928, -15.490804714626716 ], [ -69.092233954535558, -15.48454827202689 ], [ -69.084072197808126, -15.48245374891491 ], [ -69.082766045464382, -15.474253336588522 ], [ -69.086932712131045, -15.468877156575502 ], [ -69.088067287868896, -15.453229437934008 ], [ -69.079733954535556, -15.443877156575502 ], [ -69.078599378797719, -15.435289510091126 ], [ -69.075468614366287, -15.43125 ], [ -69.078599378797719, -15.427210489908834 ], [ -69.079733954535556, -15.420086669921854 ], [ -69.075567287868893, -15.414710489908835 ], [ -69.075, -15.4125 ], [ -69.072575547960042, -15.412146674262132 ], [ -69.069091118706567, -15.408686659071162 ], [ -69.066666666666634, -15.408333333333314 ], [ -69.066099378797716, -15.401956176757793 ], [ -69.058900621202227, -15.393877156575501 ], [ -69.057766045464376, -15.386753336588521 ], [ -69.061932712131053, -15.3813771565755 ], [ -69.06306728786889, -15.372048272026889 ], [ -69.056122843424447, -15.37026604546439 ], [ -69.042369249131909, -15.35740017361109 ], [ -69.041099378797711, -15.347789510091125 ], [ -69.038067287868898, -15.3438771565755 ], [ -69.036932712131048, -15.335289510091126 ], [ -69.033900621202221, -15.331377156575501 ], [ -69.032482571072023, -15.325850762261265 ], [ -69.026956176757778, -15.324432712131056 ], [ -69.023043823242162, -15.321400621202237 ], [ -69.018622843424453, -15.32026604546439 ], [ -69.014710489908822, -15.31723395453557 ], [ -69.009184095594591, -15.315815904405362 ], [ -69.008333333333297, -15.3125 ], [ -69.00890062120223, -15.301956176757791 ], [ -69.017249552408828, -15.292586263020812 ], [ -69.024149237738683, -15.290815904405362 ], [ -69.025567287868896, -15.285289510091125 ], [ -69.033916219075493, -15.275919596354147 ], [ -69.041073947482616, -15.274082777235222 ], [ -69.041666666666643, -15.25 ], [ -69.043877156575491, -15.249432712131055 ], [ -69.049032253689205, -15.245437282986089 ], [ -69.050850762261248, -15.238350762261263 ], [ -69.054166666666632, -15.2375 ], [ -69.054784138997363, -15.231173027886264 ], [ -69.058060031466979, -15.226688639322894 ], [ -69.062969292534689, -15.224382527669249 ], [ -69.068673027886248, -15.228549194335915 ], [ -69.079985894097192, -15.229784138997374 ], [ -69.095129733615423, -15.215833197699631 ], [ -69.096450805664034, -15.197839694552929 ], [ -69.100113932291634, -15.192825317382791 ], [ -69.108407931857613, -15.190454101562478 ], [ -69.10472819010414, -15.185416666666645 ], [ -69.107715861002575, -15.181326972113693 ], [ -69.109135945637988, -15.171568467881922 ], [ -69.116666666666632, -15.170833333333311 ], [ -69.117233954535564, -15.168622843424458 ], [ -69.120266045464376, -15.164710489908831 ], [ -69.121400621202227, -15.151956176757791 ], [ -69.128599378797716, -15.143877156575499 ], [ -69.130303955078091, -15.137235514322894 ], [ -69.136281331380175, -15.141868082682269 ], [ -69.1410725911458, -15.14079386393227 ], [ -69.141666666666637, -15.116666666666644 ], [ -69.141313340928789, -15.110075547960047 ], [ -69.137853325737822, -15.106591118706575 ], [ -69.137141927083306, -15.10170966254338 ], [ -69.131591118706567, -15.096186659071158 ], [ -69.126742214626702, -15.095480007595464 ], [ -69.123257785373241, -15.092019992404492 ], [ -69.118408881293377, -15.091313340928796 ], [ -69.114924452039901, -15.087853325737825 ], [ -69.110075547960037, -15.087146674262129 ], [ -69.106591118706575, -15.083686659071159 ], [ -69.1, -15.083333333333311 ], [ -69.099646674262118, -15.076742214626714 ], [ -69.096186659071151, -15.07325778537324 ], [ -69.095833333333303, -15.045833333333309 ], [ -69.095475260416634, -15.043376329210046 ], [ -69.089924452039895, -15.037853325737824 ], [ -69.0875, -15.0375 ], [ -69.086932712131045, -15.035289510091122 ], [ -69.083900621202233, -15.031377156575498 ], [ -69.082766045464382, -15.026956176757789 ], [ -69.065731472439211, -15.009035576714385 ], [ -69.055054050021667, -15.007624986436609 ], [ -69.054166666666632, -15.004166666666643 ], [ -69.054519992404479, -15.001742214626713 ], [ -69.057980007595461, -14.998257785373241 ], [ -69.058333333333309, -14.99583333333331 ], [ -69.058686659071157, -14.99340888129338 ], [ -69.064209662543377, -14.987858072916643 ], [ -69.069091118706567, -14.98714667426213 ], [ -69.085075547960045, -14.971186659071158 ], [ -69.093379720052056, -14.970480007595462 ], [ -69.097575547960034, -14.974646674262129 ], [ -69.102424452039898, -14.975353325737824 ], [ -69.105908881293374, -14.978813340928795 ], [ -69.108333333333306, -14.979166666666643 ], [ -69.108686659071154, -14.976742214626713 ], [ -69.120480007595461, -14.964924452039908 ], [ -69.121186659071157, -14.960075547960045 ], [ -69.124646674262124, -14.956591118706573 ], [ -69.125, -14.929166666666642 ], [ -69.124149237738692, -14.925850762261261 ], [ -69.117327880859349, -14.924100409613692 ], [ -69.116099378797713, -14.910289510091122 ], [ -69.113067287868901, -14.906377156575497 ], [ -69.111649237738689, -14.90085076226126 ], [ -69.104974365234341, -14.899138047960045 ], [ -69.103599378797711, -14.89288160536022 ], [ -69.108333333333306, -14.891666666666643 ], [ -69.109184095594586, -14.888350762261261 ], [ -69.1125, -14.8875 ], [ -69.1125, -14.88333333333331 ], [ -69.114924452039901, -14.882980007595462 ], [ -69.12047526041664, -14.87745700412324 ], [ -69.121186659071157, -14.872575547960045 ], [ -69.135045708550322, -14.858691067165774 ], [ -69.139924452039907, -14.857980007595462 ], [ -69.147575547960045, -14.850353325737823 ], [ -69.15416666666664, -14.85 ], [ -69.154784138997371, -14.847839694552928 ], [ -69.157715691460481, -14.843826972113691 ], [ -69.158950975206139, -14.839506530761694 ], [ -69.166049024793807, -14.83132680257159 ], [ -69.167284308539465, -14.828697543674021 ], [ -69.163061523437477, -14.822916666666643 ], [ -69.166049024793807, -14.818826802571589 ], [ -69.167638312445717, -14.813268195258221 ], [ -69.17846103244355, -14.81169297960067 ], [ -69.179784308539467, -14.79367319742836 ], [ -69.186882358127136, -14.785493469238256 ], [ -69.188117641872807, -14.778697543674021 ], [ -69.18395097520613, -14.772993469238257 ], [ -69.183333333333309, -14.7625 ], [ -69.1625, -14.7625 ], [ -69.162853325737814, -14.755908881293378 ], [ -69.174646674262121, -14.744091118706571 ], [ -69.175, -14.71666666666664 ], [ -69.181377156575493, -14.716099378797718 ], [ -69.186532253689208, -14.712104119194853 ], [ -69.18806728786889, -14.706122843424453 ], [ -69.195266045464379, -14.698043823242163 ], [ -69.19640062120223, -14.689456176757787 ], [ -69.209266493055523, -14.675702412923151 ], [ -69.218877156575488, -14.67443271213105 ], [ -69.224032253689202, -14.670437452528185 ], [ -69.22585093180335, -14.663350931803359 ], [ -69.229166666666643, -14.6625 ], [ -69.229166666666643, -14.658333333333307 ], [ -69.231377156575491, -14.658900621202232 ], [ -69.235289510091121, -14.661932712131051 ], [ -69.23971048990883, -14.663067287868898 ], [ -69.243622843424447, -14.666099378797718 ], [ -69.249338785807268, -14.667566257052925 ], [ -69.25, -14.675 ], [ -69.252424452039904, -14.674646674262128 ], [ -69.255908881293379, -14.671186659071154 ], [ -69.258333333333312, -14.670833333333308 ], [ -69.260543823242159, -14.670266045464384 ], [ -69.26445617675779, -14.667233954535565 ], [ -69.269982401529916, -14.665815734863255 ], [ -69.271400621202233, -14.66028951009112 ], [ -69.274432712131045, -14.656377156575495 ], [ -69.275850931803362, -14.65085093180336 ], [ -69.281377156575488, -14.64943271213105 ], [ -69.289456176757781, -14.642233954535564 ], [ -69.292413330078091, -14.641099378797717 ], [ -69.299032253689205, -14.64622921413843 ], [ -69.300920274522539, -14.653585984971762 ], [ -69.345833333333303, -14.65416666666664 ], [ -69.346186659071151, -14.63924221462671 ], [ -69.349646674262132, -14.635757785373238 ], [ -69.35, -14.620833333333307 ], [ -69.356591118706575, -14.620480007595461 ], [ -69.360075547960037, -14.617019992404487 ], [ -69.369091118706564, -14.616313340928793 ], [ -69.372575547960039, -14.61285332573782 ], [ -69.375, -14.6125 ], [ -69.385543823242159, -14.613067287868898 ], [ -69.38945617675779, -14.616099378797717 ], [ -69.403267076280358, -14.617327880859349 ], [ -69.40416666666664, -14.620833333333307 ], [ -69.414924452039898, -14.620480007595461 ], [ -69.418408881293374, -14.617019992404487 ], [ -69.425, -14.61666666666664 ], [ -69.426038106282519, -14.613219028049018 ], [ -69.44505869547524, -14.611760796440945 ], [ -69.445833333333312, -14.604166666666639 ], [ -69.445833333333312, -14.595833333333307 ], [ -69.448257785373244, -14.595480007595459 ], [ -69.460075547960045, -14.583686659071153 ], [ -69.472546217176628, -14.582980007595459 ], [ -69.476742214626711, -14.587146674262126 ], [ -69.485757785373238, -14.587853325737822 ], [ -69.489242214626714, -14.591313340928792 ], [ -69.495833333333309, -14.59166666666664 ], [ -69.496494547526012, -14.599100409613689 ], [ -69.50331573486325, -14.600850931803359 ], [ -69.504166666666634, -14.604166666666639 ], [ -69.507482401529927, -14.603315734863255 ], [ -69.508333333333312, -14.6 ], [ -69.515864054361955, -14.599264865451362 ], [ -69.517284308539473, -14.589506530761692 ], [ -69.529971483018642, -14.575734965006484 ], [ -69.544847106933574, -14.574282836914037 ], [ -69.546450975206142, -14.568673197428359 ], [ -69.550331115722628, -14.563361443413601 ], [ -69.561705864800317, -14.56170586480032 ], [ -69.563232591417076, -14.551216125488255 ], [ -69.567135789659261, -14.549382358127144 ], [ -69.57283986409503, -14.55354902479381 ], [ -69.575469122992601, -14.554784308539469 ], [ -69.581173197428356, -14.550617641872803 ], [ -69.5875, -14.55 ], [ -69.586911010742156, -14.521751403808567 ], [ -69.581122843424453, -14.520266045464382 ], [ -69.577210489908822, -14.517233954535563 ], [ -69.567682562933996, -14.515975104437906 ], [ -69.566099378797716, -14.511511908637125 ], [ -69.578599378797719, -14.49804382324216 ], [ -69.580017598470022, -14.492517598470025 ], [ -69.585543823242162, -14.491099378797715 ], [ -69.593622843424455, -14.483900621202229 ], [ -69.600937228732619, -14.482766045464382 ], [ -69.610407850477401, -14.491204833984348 ], [ -69.614583333333314, -14.487968783908393 ], [ -69.618622843424447, -14.491099378797715 ], [ -69.623043823242156, -14.492233954535562 ], [ -69.626956176757787, -14.495266045464383 ], [ -69.630103895399287, -14.49640062120223 ], [ -69.63945617675779, -14.488067287868896 ], [ -69.641666666666637, -14.4875 ], [ -69.641049024793816, -14.481173197428358 ], [ -69.63811764187281, -14.477160135904921 ], [ -69.636882358127139, -14.474263339572456 ], [ -69.645215691460479, -14.464660135904921 ], [ -69.646804979112389, -14.459101528591553 ], [ -69.657598198784697, -14.457530721028618 ], [ -69.658333333333303, -14.45 ], [ -69.660757785373235, -14.449646674262125 ], [ -69.668408881293374, -14.442019992404486 ], [ -69.679166666666646, -14.441666666666638 ], [ -69.679733954535564, -14.439456176757785 ], [ -69.68276604546439, -14.43554382324216 ], [ -69.683900621202227, -14.426956176757784 ], [ -69.686932712131053, -14.42304382324216 ], [ -69.688396369086348, -14.417340426974798 ], [ -69.700746663411437, -14.416099378797714 ], [ -69.706122843424453, -14.420266045464382 ], [ -69.710543823242162, -14.421400621202229 ], [ -69.715529547797289, -14.425264655219156 ], [ -69.717233954535573, -14.418622843424451 ], [ -69.724432712131048, -14.410543823242159 ], [ -69.725637647840685, -14.392572360568549 ], [ -69.729166666666643, -14.391666666666639 ], [ -69.728813340928795, -14.380908881293374 ], [ -69.725353325737828, -14.377424452039902 ], [ -69.724646674262132, -14.373284403483044 ], [ -69.732980007595458, -14.364924452039903 ], [ -69.733686659071154, -14.356620449489988 ], [ -69.729519992404491, -14.352424452039902 ], [ -69.728813340928795, -14.344117736816377 ], [ -69.737146674262135, -14.335757785373236 ], [ -69.7375, -14.333333333333304 ], [ -69.754166666666649, -14.333333333333304 ], [ -69.761600409613692, -14.332672119140597 ], [ -69.763067287868893, -14.326956176757784 ], [ -69.766099378797719, -14.323043823242159 ], [ -69.76723395453557, -14.31862284342445 ], [ -69.77122921413843, -14.313467746310735 ], [ -69.778559197319851, -14.311586676703531 ], [ -69.779733954535573, -14.28112284342445 ], [ -69.783729214138432, -14.275967746310734 ], [ -69.789710489908828, -14.274432712131048 ], [ -69.794865587022542, -14.270437452528183 ], [ -69.795833333333306, -14.266666666666637 ], [ -69.802424452039901, -14.267019992404485 ], [ -69.805908881293377, -14.270480007595458 ], [ -69.808333333333309, -14.270833333333304 ], [ -69.814924452039904, -14.270480007595458 ], [ -69.818408881293379, -14.267019992404485 ], [ -69.822546217176622, -14.266313340928789 ], [ -69.827083333333306, -14.270818752712644 ], [ -69.83125, -14.266681247287297 ], [ -69.835075547960045, -14.270480007595458 ], [ -69.839212883843288, -14.271186659071152 ], [ -69.843408881293385, -14.267019992404485 ], [ -69.845833333333303, -14.266666666666637 ], [ -69.846684265136702, -14.263350931803355 ], [ -69.85, -14.2625 ], [ -69.853315734863259, -14.263350931803355 ], [ -69.854733954535561, -14.268877156575492 ], [ -69.857766045464388, -14.272789510091117 ], [ -69.85918426513669, -14.278315734863252 ], [ -69.8625, -14.279166666666637 ], [ -69.8625, -14.283333333333305 ], [ -69.869091118706578, -14.283686659071151 ], [ -69.872575547960054, -14.287146674262123 ], [ -69.876715596516902, -14.287853325737817 ], [ -69.885075547960042, -14.279519992404484 ], [ -69.894091118706569, -14.278813340928791 ], [ -69.897575547960045, -14.275353325737818 ], [ -69.914212883843291, -14.274646674262124 ], [ -69.918408881293374, -14.278813340928791 ], [ -69.930879550509957, -14.279519992404484 ], [ -69.935075547960054, -14.275353325737818 ], [ -69.9375, -14.275 ], [ -69.939924452039904, -14.274646674262124 ], [ -69.951742214626719, -14.262853325737819 ], [ -69.954166666666623, -14.2625 ], [ -69.954519992404485, -14.255908881293374 ], [ -69.957980007595467, -14.252424452039902 ], [ -69.958333333333314, -14.25 ], [ -69.968801710340685, -14.249357265896238 ], [ -69.972864956325935, -14.246476067437037 ], [ -69.986780124240425, -14.245056660970022 ], [ -69.988203599717863, -14.221876017252574 ], [ -69.993801710340691, -14.220190599229571 ], [ -69.997864956325927, -14.21730940077037 ], [ -70.006301710340693, -14.216023932562905 ], [ -70.01036495632593, -14.213142734103704 ], [ -70.018801710340696, -14.211857265896239 ], [ -70.031198289659272, -14.200642734103702 ], [ -70.035468377007362, -14.199357265896237 ], [ -70.044623989529057, -14.191516791449622 ], [ -70.046859232584609, -14.184092542860213 ], [ -70.058967081705703, -14.18269059922957 ], [ -70.068698289659267, -14.191023932562905 ], [ -70.070833333333297, -14.191666666666638 ], [ -70.073257785373244, -14.19131334092879 ], [ -70.081249321831578, -14.183347235785561 ], [ -70.085416666666646, -14.187485419379311 ], [ -70.089242214626708, -14.183686659071151 ], [ -70.091666666666626, -14.183333333333303 ], [ -70.092517598470025, -14.180017598470023 ], [ -70.098043823242165, -14.178599378797713 ], [ -70.103430006239122, -14.174107530381914 ], [ -70.104733954535575, -14.165920003255177 ], [ -70.100468783908397, -14.160416666666636 ], [ -70.103599378797725, -14.156377156575491 ], [ -70.104733954535575, -14.147789510091116 ], [ -70.11193271213105, -14.139710489908824 ], [ -70.113067287868901, -14.135289510091116 ], [ -70.121416219075499, -14.125919765896237 ], [ -70.127210489908833, -14.124432712131046 ], [ -70.131122843424464, -14.121400621202227 ], [ -70.133333333333297, -14.120833333333303 ], [ -70.136649237738681, -14.119982401529917 ], [ -70.1375, -14.116666666666637 ], [ -70.139924452039892, -14.116313340928789 ], [ -70.143408881293368, -14.112853325737817 ], [ -70.148257785373232, -14.112146674262123 ], [ -70.151742214626694, -14.10868665907115 ], [ -70.158333333333303, -14.108333333333302 ], [ -70.158900621202221, -14.097789510091115 ], [ -70.170266045464373, -14.085543823242157 ], [ -70.171541680229993, -14.075887383355004 ], [ -70.177210489908816, -14.074432712131046 ], [ -70.182365587022531, -14.070437452528182 ], [ -70.183333333333294, -14.066666666666636 ], [ -70.184232923719577, -14.063161214192677 ], [ -70.198043823242145, -14.061932712131046 ], [ -70.201956176757776, -14.058900621202227 ], [ -70.207482571072006, -14.057482401529917 ], [ -70.2083333333333, -14.054166666666635 ], [ -70.210757785373232, -14.054519992404483 ], [ -70.216308593749957, -14.060043165418806 ], [ -70.217019992404474, -14.0649244520399 ], [ -70.220480007595455, -14.068408881293372 ], [ -70.221186659071151, -14.073257785373233 ], [ -70.224646674262118, -14.076742214626705 ], [ -70.225353325737814, -14.085757785373232 ], [ -70.228813340928781, -14.089242214626704 ], [ -70.229166666666629, -14.095833333333303 ], [ -70.235543823242153, -14.096400621202227 ], [ -70.240529378255175, -14.100264655219153 ], [ -70.241666666666632, -14.095833333333303 ], [ -70.244091118706564, -14.095480007595455 ], [ -70.247575547960039, -14.092019992404484 ], [ -70.25, -14.091666666666637 ], [ -70.250899590386254, -14.088161214192677 ], [ -70.258333333333297, -14.0875 ], [ -70.258938259548572, -14.089672682020369 ], [ -70.261895073784686, -14.093660651312904 ], [ -70.263557603624093, -14.099630737304658 ], [ -70.272827148437457, -14.107728237575925 ], [ -70.278797403971325, -14.109390767415334 ], [ -70.286895073784692, -14.118660651312904 ], [ -70.288464355468719, -14.12429673936629 ], [ -70.303373209635382, -14.125719536675316 ], [ -70.304610527886254, -14.134091356065507 ], [ -70.29939507378468, -14.141125996907522 ], [ -70.300604926215243, -14.148006015353703 ], [ -70.30772840711802, -14.156160651312904 ], [ -70.309308878580694, -14.161836242675751 ], [ -70.320833333333297, -14.1625 ], [ -70.321684095594577, -14.165815734863251 ], [ -70.328505452473919, -14.167566257052922 ], [ -70.329166666666637, -14.175 ], [ -70.335757785373232, -14.174646674262123 ], [ -70.339242214626694, -14.17118665907115 ], [ -70.341666666666626, -14.170833333333304 ], [ -70.352424452039898, -14.170480007595456 ], [ -70.355908881293374, -14.167019992404484 ], [ -70.358333333333292, -14.166666666666636 ], [ -70.358900621202224, -14.177210489908823 ], [ -70.361932712131036, -14.181122843424449 ], [ -70.363405693901882, -14.186862352159258 ], [ -70.381377156575482, -14.188067287868893 ], [ -70.385289510091113, -14.191099378797713 ], [ -70.389710489908822, -14.19223395453556 ], [ -70.39375, -14.195364549424884 ], [ -70.397789510091116, -14.19223395453556 ], [ -70.402210489908825, -14.191099378797713 ], [ -70.406122843424441, -14.188067287868893 ], [ -70.411649237738686, -14.186649068196585 ], [ -70.413387383355001, -14.179875183105439 ], [ -70.423043823242153, -14.178599378797713 ], [ -70.427097235785553, -14.175457933213945 ], [ -70.451956176757776, -14.199432712131047 ], [ -70.456377156575485, -14.200567287868894 ], [ -70.476956176757781, -14.220266045464381 ], [ -70.4875, -14.220833333333303 ], [ -70.489924452039901, -14.220480007595457 ], [ -70.495477634006036, -14.214954460991724 ], [ -70.496186659071142, -14.205908881293373 ], [ -70.50587734646264, -14.196192084418373 ], [ -70.510046386718713, -14.195480007595457 ], [ -70.514242214626705, -14.199646674262123 ], [ -70.518379720052053, -14.200353325737817 ], [ -70.522575547960031, -14.196186659071151 ], [ -70.525, -14.195833333333304 ], [ -70.527210489908825, -14.195266045464379 ], [ -70.535289510091118, -14.188067287868893 ], [ -70.540815904405349, -14.186649068196585 ], [ -70.542233954535561, -14.181122843424449 ], [ -70.545266045464373, -14.177210489908823 ], [ -70.546400621202224, -14.168622843424449 ], [ -70.549432712131036, -14.164710489908824 ], [ -70.55, -14.154166666666637 ], [ -70.552424452039901, -14.153813340928789 ], [ -70.555908881293362, -14.150353325737818 ], [ -70.564924452039904, -14.149646674262122 ], [ -70.568408881293365, -14.14618665907115 ], [ -70.580882432725659, -14.145480007595456 ], [ -70.589242214626708, -14.153813340928789 ], [ -70.59166666666664, -14.154166666666637 ], [ -70.602424452039898, -14.154519992404484 ], [ -70.605908881293374, -14.157980007595455 ], [ -70.610046386718722, -14.158686659071151 ], [ -70.6145833333333, -14.154181247287296 ], [ -70.618408881293377, -14.157980007595455 ], [ -70.620833333333294, -14.158333333333303 ], [ -70.621684095594588, -14.155017598470021 ], [ -70.628315904405355, -14.153315734863252 ], [ -70.629733954535553, -14.147789510091116 ], [ -70.632766045464379, -14.14387715657549 ], [ -70.63390062120223, -14.135289510091116 ], [ -70.636932712131042, -14.131377156575491 ], [ -70.638387383354996, -14.125708516438772 ], [ -70.648043823242148, -14.124432712131046 ], [ -70.651956176757778, -14.121400621202227 ], [ -70.657118394639724, -14.12026604546438 ], [ -70.658333333333303, -14.125 ], [ -70.669091118706561, -14.124646674262122 ], [ -70.672575547960037, -14.121186659071149 ], [ -70.68504638671871, -14.120480007595456 ], [ -70.689242214626702, -14.124646674262122 ], [ -70.691666666666634, -14.125 ], [ -70.692019992404482, -14.118408881293373 ], [ -70.695480007595449, -14.114924452039901 ], [ -70.696186659071145, -14.11007554796004 ], [ -70.703813340928789, -14.1024244520399 ], [ -70.704519992404485, -14.098287116156653 ], [ -70.700353325737808, -14.094091118706567 ], [ -70.7, -14.0875 ], [ -70.702424452039892, -14.087146674262122 ], [ -70.712142266167504, -14.077455139160126 ], [ -70.7125, -14.075 ], [ -70.719091118706558, -14.075353325737817 ], [ -70.722575547960034, -14.078813340928789 ], [ -70.735046386718722, -14.079519992404483 ], [ -70.739242214626699, -14.075353325737817 ], [ -70.751713053385387, -14.074646674262123 ], [ -70.755908881293365, -14.078813340928789 ], [ -70.777424452039895, -14.079519992404483 ], [ -70.780908881293371, -14.082980007595456 ], [ -70.7875, -14.083333333333304 ], [ -70.791666666666629, -14.083333333333304 ], [ -70.792517428927923, -14.086649068196584 ], [ -70.799603949652749, -14.088467746310734 ], [ -70.803599378797713, -14.093622843424448 ], [ -70.804733954535564, -14.110543823242157 ], [ -70.807864718966982, -14.114583333333304 ], [ -70.804179890950493, -14.119337632920978 ], [ -70.81028951009111, -14.124432712131046 ], [ -70.816270616319414, -14.125967746310733 ], [ -70.820266045464379, -14.13112284342445 ], [ -70.820833333333297, -14.141666666666637 ], [ -70.835543823242162, -14.142233954535559 ], [ -70.839456176757778, -14.14526604546438 ], [ -70.843877156575488, -14.146400621202227 ], [ -70.856122843424444, -14.157766045464379 ], [ -70.861649237738689, -14.159184265136689 ], [ -70.863067287868887, -14.164710489908824 ], [ -70.866844007703961, -14.169583638509085 ], [ -70.871579996744757, -14.171400621202228 ], [ -70.876956176757787, -14.167233954535561 ], [ -70.879913330078097, -14.166099378797714 ], [ -70.885289510091113, -14.170266045464381 ], [ -70.8875, -14.170833333333304 ], [ -70.8875, -14.175 ], [ -70.886882527669243, -14.185493469238251 ], [ -70.882715861002566, -14.191197543674015 ], [ -70.884088812933996, -14.203382703993025 ], [ -70.889506361219588, -14.207715691460473 ], [ -70.895064968532949, -14.209304979112384 ], [ -70.896450805664031, -14.218826802571584 ], [ -70.900617472330694, -14.22453087700735 ], [ -70.899382527669246, -14.227160135904919 ], [ -70.896450805664031, -14.231173197428356 ], [ -70.895215861002569, -14.235493469238252 ], [ -70.892284138997368, -14.239506530761689 ], [ -70.891049194335906, -14.243826802571585 ], [ -70.883950805664028, -14.25200653076169 ], [ -70.882715861002566, -14.256326802571586 ], [ -70.878549194335903, -14.26203087700735 ], [ -70.880005900065072, -14.27004581027558 ], [ -70.890872531466982, -14.271627468532957 ], [ -70.892284138997368, -14.281326802571586 ], [ -70.899382527669246, -14.28950653076169 ], [ -70.9, -14.291666666666638 ], [ -70.900967746310727, -14.295437452528184 ], [ -70.906122843424441, -14.299432712131047 ], [ -70.913067287868898, -14.301214938693548 ], [ -70.911932712131048, -14.323043823242159 ], [ -70.907766045464385, -14.328420003255179 ], [ -70.909070163302914, -14.336607530381915 ], [ -70.915816582573754, -14.342233954535562 ], [ -70.918877156575491, -14.341099378797715 ], [ -70.922789510091121, -14.338067287868896 ], [ -70.929166666666632, -14.3375 ], [ -70.931377156575493, -14.338067287868896 ], [ -70.936532253689208, -14.342062547471759 ], [ -70.938387383355007, -14.349291483561169 ], [ -70.948043823242159, -14.350567287868895 ], [ -70.961596340603265, -14.363145785861516 ], [ -70.963067287868896, -14.368877156575493 ], [ -70.967626614040768, -14.374344041612385 ], [ -70.982433742947023, -14.375661214192681 ], [ -70.983333333333306, -14.379166666666638 ], [ -70.982766045464373, -14.385543823242159 ], [ -70.978599378797711, -14.390920003255181 ], [ -70.979733954535561, -14.398043823242158 ], [ -70.983900621202224, -14.40342000325518 ], [ -70.982766045464373, -14.406377156575493 ], [ -70.979733954535561, -14.410289510091118 ], [ -70.978315904405349, -14.415815734863253 ], [ -70.975, -14.416666666666639 ], [ -70.974149237738686, -14.41998240152992 ], [ -70.970833333333303, -14.420833333333306 ], [ -70.97047831217445, -14.427453782823322 ], [ -70.964924452039895, -14.432980007595457 ], [ -70.9625, -14.433333333333305 ], [ -70.9625, -14.4375 ], [ -70.963467746310727, -14.441270785861517 ], [ -70.968622843424455, -14.445266045464383 ], [ -70.982360500759512, -14.446488104926187 ], [ -70.991205851236955, -14.456239997016031 ], [ -70.98693271213105, -14.461753336588515 ], [ -70.988099839952227, -14.499084642198323 ], [ -70.991666666666632, -14.5 ], [ -70.991099378797713, -14.518877156575494 ], [ -70.988067287868887, -14.522789510091119 ], [ -70.986876424153621, -14.544924079047282 ], [ -70.979812282986074, -14.546736823187906 ], [ -70.967233954535558, -14.560289510091119 ], [ -70.96666666666664, -14.56666666666664 ], [ -70.968877156575488, -14.567233954535563 ], [ -70.974032253689202, -14.571229214138429 ], [ -70.97585076226126, -14.578315734863255 ], [ -70.979166666666643, -14.579166666666641 ], [ -70.991666666666632, -14.579166666666641 ], [ -70.998043823242156, -14.579733954535563 ], [ -71.007413736979132, -14.58808288574216 ], [ -71.009184095594591, -14.594982401529922 ], [ -71.0125, -14.595833333333307 ], [ -71.023043823242162, -14.595266045464383 ], [ -71.027083333333309, -14.592135450575061 ], [ -71.031122843424455, -14.595266045464383 ], [ -71.035543823242165, -14.59640062120223 ], [ -71.039456176757781, -14.599432712131049 ], [ -71.044982571072012, -14.600850931803359 ], [ -71.046400621202224, -14.606377156575494 ], [ -71.04943271213105, -14.610289510091119 ], [ -71.050850762261248, -14.615815734863254 ], [ -71.056377156575493, -14.617233954535564 ], [ -71.06028951009111, -14.620266045464383 ], [ -71.064710489908819, -14.62140062120223 ], [ -71.07695617675779, -14.632766045464383 ], [ -71.084079996744762, -14.63390062120223 ], [ -71.089583333333309, -14.62963545057506 ], [ -71.093622843424455, -14.632766045464383 ], [ -71.106377156575491, -14.63390062120223 ], [ -71.111532253689205, -14.637895880805095 ], [ -71.113067287868901, -14.643877156575495 ], [ -71.116099378797713, -14.647789510091119 ], [ -71.116666666666632, -14.65 ], [ -71.116666666666632, -14.65416666666664 ], [ -71.116099378797713, -14.660543823242161 ], [ -71.108900621202224, -14.668622843424453 ], [ -71.10741373697914, -14.674417114257787 ], [ -71.098043823242165, -14.682766045464383 ], [ -71.09251742892792, -14.684184265136693 ], [ -71.091099378797708, -14.689710489908828 ], [ -71.088067287868896, -14.693622843424453 ], [ -71.086862182617153, -14.711594306098064 ], [ -71.079790242512985, -14.713409254285999 ], [ -71.079166666666637, -14.725 ], [ -71.07695617675779, -14.725567287868898 ], [ -71.068877156575496, -14.732766045464384 ], [ -71.063350762261251, -14.734184265136694 ], [ -71.061596340603273, -14.741020880805095 ], [ -71.046821424696148, -14.754733954535565 ], [ -71.02598775227861, -14.753544108072891 ], [ -71.021400621202233, -14.748043823242162 ], [ -71.019865587022537, -14.742062547471763 ], [ -71.014574517144069, -14.737961832682267 ], [ -71.006377156575496, -14.745266045464383 ], [ -71.001956176757787, -14.746400621202232 ], [ -70.998043823242156, -14.749432712131052 ], [ -70.9875, -14.75 ], [ -70.985075547960037, -14.750353325737823 ], [ -70.981591118706561, -14.753813340928794 ], [ -70.979166666666643, -14.754166666666642 ], [ -70.978813340928795, -14.760757785373238 ], [ -70.974646674262118, -14.764953782823326 ], [ -70.975353325737814, -14.769091118706573 ], [ -70.983686659071154, -14.777451070149715 ], [ -70.982980007595458, -14.785757785373239 ], [ -70.979519992404477, -14.789242214626711 ], [ -70.978813340928795, -14.802424452039906 ], [ -70.975014580620623, -14.80625 ], [ -70.978813340928795, -14.810075547960045 ], [ -70.979166666666643, -14.825 ], [ -70.985757785373238, -14.825353325737822 ], [ -70.989242214626699, -14.828813340928795 ], [ -70.995833333333309, -14.829166666666643 ], [ -70.995833333333309, -14.833333333333309 ], [ -70.995480007595461, -14.848257785373239 ], [ -70.991313340928784, -14.852453613281225 ], [ -70.992019992404479, -14.881591118706574 ], [ -70.996186659071157, -14.885786946614559 ], [ -70.995480007595461, -14.894091118706573 ], [ -70.992019992404479, -14.897575547960045 ], [ -70.991666666666632, -14.904166666666644 ], [ -70.991049194335901, -14.906326972113691 ], [ -70.986882527669238, -14.912030707465254 ], [ -70.9881174723307, -14.914660305447025 ], [ -70.992284138997363, -14.920364040798587 ], [ -70.991049194335901, -14.927160305447025 ], [ -70.9881174723307, -14.931173027886262 ], [ -70.986882527669238, -14.94382697211369 ], [ -70.983065795898412, -14.949051581488693 ], [ -70.995098198784689, -14.950802612304663 ], [ -70.99645080566404, -14.964660305447024 ], [ -71.003549194335903, -14.972839694552928 ], [ -71.004784138997366, -14.989660305447025 ], [ -71.008950805664028, -14.995364040798588 ], [ -71.00771586100258, -14.997993638780358 ], [ -71.004784138997366, -15.002006361219594 ], [ -71.003549194335903, -15.006326972113692 ], [ -71.000617472330703, -15.010339694552929 ], [ -70.999382527669241, -15.014660305447025 ], [ -70.992284138997363, -15.022839694552928 ], [ -70.990949503580694, -15.036513604058136 ], [ -70.9875, -15.0375 ], [ -70.98693271213105, -15.043877156575498 ], [ -70.983900621202224, -15.047789510091123 ], [ -70.982429673936608, -15.0535210503472 ], [ -70.967654758029482, -15.067233954535567 ], [ -70.960289510091116, -15.06609937879772 ], [ -70.955303955078094, -15.062235514322893 ], [ -70.953599378797719, -15.068877156575498 ], [ -70.950468614366287, -15.072916666666643 ], [ -70.953599378797719, -15.07695617675779 ], [ -70.954733954535556, -15.081377156575499 ], [ -70.957766045464382, -15.085289510091123 ], [ -70.958900621202233, -15.089710489908832 ], [ -70.966099378797708, -15.097789510091124 ], [ -70.96666666666664, -15.1 ], [ -70.973257785373235, -15.100353325737824 ], [ -70.976742214626711, -15.103813340928797 ], [ -70.979166666666643, -15.104166666666645 ], [ -70.978813340928795, -15.123257785373241 ], [ -70.974646674262118, -15.127453613281228 ], [ -70.975353325737814, -15.139924452039908 ], [ -70.978813340928795, -15.14340888129338 ], [ -70.979519992404477, -15.160757785373242 ], [ -70.983319430881039, -15.164584011501715 ], [ -70.975353325737814, -15.172575547960047 ], [ -70.974646674262118, -15.177424452039908 ], [ -70.970847913953961, -15.18125 ], [ -70.975353325737814, -15.185786946614561 ], [ -70.974646674262118, -15.189924452039909 ], [ -70.971186659071151, -15.193408881293381 ], [ -70.970480007595455, -15.198257785373242 ], [ -70.967019992404488, -15.201742214626714 ], [ -70.966313340928792, -15.210757785373243 ], [ -70.962853325737811, -15.214242214626715 ], [ -70.9625, -15.216666666666645 ], [ -70.965815904405346, -15.21751742892793 ], [ -70.967233954535558, -15.223043823242167 ], [ -70.970266045464385, -15.226956176757792 ], [ -70.971400621202221, -15.231377156575499 ], [ -70.979749552408819, -15.240747070312478 ], [ -70.986649237738689, -15.242517428927929 ], [ -70.9875, -15.245833333333312 ], [ -71.0, -15.245833333333312 ], [ -71.007433742947015, -15.245172119140603 ], [ -71.009184095594591, -15.238350762261263 ], [ -71.014710489908822, -15.236932712131054 ], [ -71.018622843424453, -15.233900621202235 ], [ -71.025, -15.233333333333313 ], [ -71.027424452039895, -15.233686659071159 ], [ -71.030908881293371, -15.237146674262132 ], [ -71.0375, -15.2375 ], [ -71.037853325737814, -15.222575547960048 ], [ -71.045480007595458, -15.214924452039909 ], [ -71.045833333333306, -15.2125 ], [ -71.05, -15.2125 ], [ -71.052172851562474, -15.211895073784701 ], [ -71.060409206814199, -15.20470004611543 ], [ -71.064493815104143, -15.207728407118033 ], [ -71.102172851562472, -15.208938259548589 ], [ -71.11449381510414, -15.220228407118034 ], [ -71.118839518229137, -15.22143825954859 ], [ -71.122827148437466, -15.2243950737847 ], [ -71.13133951822914, -15.225604926215256 ], [ -71.136390855577233, -15.229350111219597 ], [ -71.138104926215249, -15.235506184895812 ], [ -71.154632229275151, -15.253136189778624 ], [ -71.160506015353704, -15.254771592881923 ], [ -71.170118713378884, -15.263345675998243 ], [ -71.171550496419243, -15.278347778320292 ], [ -71.180048624674455, -15.279771592881923 ], [ -71.197827317979574, -15.263104926215256 ], [ -71.2, -15.2625 ], [ -71.19914906819659, -15.259184095594597 ], [ -71.195833333333312, -15.258333333333312 ], [ -71.196186659071145, -15.251742214626715 ], [ -71.199646674262127, -15.248257785373243 ], [ -71.2, -15.245833333333312 ], [ -71.199432712131042, -15.243622843424458 ], [ -71.190136210123669, -15.233373684353277 ], [ -71.185404798719588, -15.237040540907097 ], [ -71.171535746256481, -15.224066840277757 ], [ -71.170266045464388, -15.214456176757791 ], [ -71.163067287868898, -15.206377156575499 ], [ -71.161932712131048, -15.199062771267339 ], [ -71.170266045464388, -15.189710489908833 ], [ -71.171400621202224, -15.185289510091124 ], [ -71.17443271213105, -15.181377156575499 ], [ -71.175567287868901, -15.176956176757791 ], [ -71.178599378797713, -15.173043823242166 ], [ -71.179733954535564, -15.16175333658852 ], [ -71.175567287868901, -15.156377156575498 ], [ -71.17443271213105, -15.151956176757791 ], [ -71.169913906521245, -15.146537611219596 ], [ -71.159220716688338, -15.14512498643661 ], [ -71.157482401529919, -15.138350762261263 ], [ -71.151956176757778, -15.136932712131054 ], [ -71.146570163302925, -15.132440863715257 ], [ -71.145266045464382, -15.12425333658852 ], [ -71.149432712131045, -15.118877156575499 ], [ -71.15, -15.116666666666644 ], [ -71.156591118706572, -15.116313340928798 ], [ -71.162144300672708, -15.110787963867164 ], [ -71.162853325737814, -15.101742214626714 ], [ -71.168378872341549, -15.096189032660568 ], [ -71.177424452039901, -15.095480007595464 ], [ -71.180908881293377, -15.092019992404492 ], [ -71.198257785373229, -15.091313340928796 ], [ -71.203808593749969, -15.085790337456574 ], [ -71.204519992404485, -15.08090888129338 ], [ -71.207980007595452, -15.077424452039908 ], [ -71.208686659071148, -15.064242214626713 ], [ -71.212146674262129, -15.060757785373241 ], [ -71.2125, -15.05833333333331 ], [ -71.224090745713951, -15.058956909179665 ], [ -71.225861952039907, -15.065858968098937 ], [ -71.232118394639727, -15.067233954535567 ], [ -71.233333333333306, -15.0625 ], [ -71.234324306911859, -15.059033881293381 ], [ -71.250469122992598, -15.057715861002581 ], [ -71.256173197428353, -15.061882527669248 ], [ -71.265961032443542, -15.063307020399282 ], [ -71.267284308539473, -15.081326972113693 ], [ -71.278611416286864, -15.093741522894943 ], [ -71.274732632107174, -15.099051581488693 ], [ -71.285493469238247, -15.100617472330708 ], [ -71.290507846408389, -15.104280598958312 ], [ -71.292638312445717, -15.11173163519963 ], [ -71.302160135904927, -15.113117472330707 ], [ -71.306173197428365, -15.116049194335915 ], [ -71.311573621961784, -15.117593044704838 ], [ -71.3125, -15.12083333333331 ], [ -71.325, -15.12083333333331 ], [ -71.325567287868893, -15.106122843424457 ], [ -71.328599378797719, -15.102210489908831 ], [ -71.330017598470022, -15.096684095594595 ], [ -71.335543823242162, -15.095266045464387 ], [ -71.339456176757778, -15.092233954535567 ], [ -71.35326707628036, -15.091005452473937 ], [ -71.355017598470027, -15.084184095594596 ], [ -71.358333333333306, -15.083333333333311 ], [ -71.359242587619335, -15.079790242512999 ], [ -71.370833333333309, -15.079166666666644 ], [ -71.371186659071157, -15.076742214626714 ], [ -71.387146674262127, -15.060757785373241 ], [ -71.387853325737822, -15.05590888129338 ], [ -71.391313340928789, -15.052424452039908 ], [ -71.392019992404485, -15.047575547960047 ], [ -71.39754316541881, -15.04202473958331 ], [ -71.402424452039909, -15.041313340928797 ], [ -71.405908881293371, -15.037853325737824 ], [ -71.408333333333303, -15.0375 ], [ -71.416666666666643, -15.0375 ], [ -71.418914964463951, -15.038029649522546 ], [ -71.42275170220266, -15.041137017144074 ], [ -71.431414964463954, -15.042196316189212 ], [ -71.435251702202663, -15.04530368381074 ], [ -71.438440789116726, -15.04636298285588 ], [ -71.443585035536003, -15.042196316189212 ], [ -71.455266825358052, -15.041137017144074 ], [ -71.465910000271236, -15.050954182942686 ], [ -71.467254130045546, -15.056660630967858 ], [ -71.473848300509957, -15.063029649522546 ], [ -71.478394063313772, -15.061613633897547 ], [ -71.479166666666643, -15.05833333333331 ], [ -71.483333333333306, -15.05833333333331 ], [ -71.483691067165779, -15.060788302951366 ], [ -71.493408881293377, -15.070480007595464 ], [ -71.502424452039904, -15.071186659071158 ], [ -71.505908881293379, -15.07464667426213 ], [ -71.510757785373244, -15.075353325737824 ], [ -71.514953782823326, -15.079519992404492 ], [ -71.519091118706569, -15.078813340928797 ], [ -71.522575547960045, -15.075353325737824 ], [ -71.525, -15.075 ], [ -71.525567287868896, -15.098043823242165 ], [ -71.528599378797722, -15.10195617675779 ], [ -71.529733954535558, -15.114710489908832 ], [ -71.536932712131048, -15.122789510091124 ], [ -71.538067287868898, -15.127210489908832 ], [ -71.541099378797711, -15.131122843424457 ], [ -71.542233954535561, -15.143877156575499 ], [ -71.546400621202224, -15.149253336588519 ], [ -71.545266045464388, -15.156377156575498 ], [ -71.542128499348934, -15.160425482855882 ], [ -71.54943271213105, -15.168622843424458 ], [ -71.550567287868901, -15.173043823242166 ], [ -71.554733954535564, -15.178420003255187 ], [ -71.553599378797713, -15.189710489908833 ], [ -71.546400621202224, -15.197789510091123 ], [ -71.544982401529921, -15.203315904405361 ], [ -71.541666666666643, -15.204166666666644 ], [ -71.542322625054226, -15.211540052625846 ], [ -71.547789510091121, -15.216099378797722 ], [ -71.554733954535564, -15.217881605360223 ], [ -71.553599378797713, -15.227210489908833 ], [ -71.54943271213105, -15.232586669921854 ], [ -71.550567287868901, -15.239710489908832 ], [ -71.553599378797713, -15.243622843424458 ], [ -71.554733954535564, -15.260543823242166 ], [ -71.558900621202227, -15.265920003255188 ], [ -71.55776604546439, -15.268877156575499 ], [ -71.550567287868901, -15.276956176757791 ], [ -71.55, -15.279166666666645 ], [ -71.550353325737817, -15.285757785373242 ], [ -71.553813340928798, -15.289242214626714 ], [ -71.554524400499105, -15.294121636284702 ], [ -71.564242214626717, -15.303813340928798 ], [ -71.566666666666634, -15.304166666666646 ], [ -71.566313340928801, -15.306591118706576 ], [ -71.562853325737819, -15.310075547960048 ], [ -71.5625, -15.325 ], [ -71.56581573486325, -15.325850762261265 ], [ -71.566666666666634, -15.329166666666646 ], [ -71.567233954535567, -15.3438771565755 ], [ -71.570266045464379, -15.347789510091125 ], [ -71.571736823187905, -15.353521050347201 ], [ -71.585289510091116, -15.366099378797722 ], [ -71.591073777940508, -15.367583889431403 ], [ -71.59166666666664, -15.391666666666646 ], [ -71.594982401529919, -15.392517428927931 ], [ -71.596400621202235, -15.398043823242167 ], [ -71.60451338026256, -15.407148573133661 ], [ -71.609079996744768, -15.408900621202237 ], [ -71.614456176757784, -15.404733954535571 ], [ -71.617413330078094, -15.403599378797722 ], [ -71.622789510091124, -15.40776604546439 ], [ -71.62831573486325, -15.409184095594599 ], [ -71.629733954535567, -15.414710489908835 ], [ -71.634829033745632, -15.420820109049458 ], [ -71.63945617675779, -15.41723395453557 ], [ -71.643877156575499, -15.416099378797723 ], [ -71.647789510091116, -15.413067287868904 ], [ -71.65416666666664, -15.4125 ], [ -71.654519992404488, -15.41492445203991 ], [ -71.657980007595455, -15.418408881293383 ], [ -71.658686659071151, -15.427424452039912 ], [ -71.662146674262132, -15.430908881293384 ], [ -71.662853325737828, -15.439924452039911 ], [ -71.670480007595458, -15.447575547960049 ], [ -71.671186659071154, -15.45242445203991 ], [ -71.679519992404494, -15.460784233940952 ], [ -71.678813340928798, -15.473257785373244 ], [ -71.675353325737817, -15.476742214626716 ], [ -71.675, -15.483333333333313 ], [ -71.675, -15.4875 ], [ -71.675567287868901, -15.489710489908834 ], [ -71.678599378797713, -15.493622843424459 ], [ -71.68001759847003, -15.499149237738695 ], [ -71.683333333333309, -15.5 ], [ -71.683333333333309, -15.5125 ], [ -71.683686659071157, -15.514924452039912 ], [ -71.687146674262124, -15.518408881293384 ], [ -71.6875, -15.520833333333314 ], [ -71.693877156575496, -15.520266045464391 ], [ -71.697789510091127, -15.517233954535572 ], [ -71.702210489908836, -15.516099378797724 ], [ -71.706122843424453, -15.513067287868905 ], [ -71.710543823242162, -15.511932712131056 ], [ -71.714456176757793, -15.508900621202237 ], [ -71.721579996744765, -15.50776604546439 ], [ -71.726956176757795, -15.511932712131056 ], [ -71.732482401529921, -15.513350762261265 ], [ -71.734144253200924, -15.51982659233939 ], [ -71.738246663411431, -15.521400621202238 ], [ -71.743622843424461, -15.517233954535572 ], [ -71.750746663411434, -15.516099378797724 ], [ -71.75612284342445, -15.520266045464391 ], [ -71.758333333333312, -15.520833333333314 ], [ -71.760543823242159, -15.520266045464391 ], [ -71.76445617675779, -15.517233954535572 ], [ -71.76998240152993, -15.515815904405363 ], [ -71.771400621202233, -15.510289510091127 ], [ -71.775395880805092, -15.505134412977412 ], [ -71.782326592339388, -15.503355577256926 ], [ -71.783900621202235, -15.499253336588522 ], [ -71.779733954535573, -15.4938771565755 ], [ -71.778599378797722, -15.486753336588523 ], [ -71.782766045464385, -15.481377156575501 ], [ -71.783900621202235, -15.468622843424459 ], [ -71.786932712131048, -15.464710489908835 ], [ -71.7875, -15.4625 ], [ -71.794091118706575, -15.462146674262133 ], [ -71.797575547960051, -15.45868665907116 ], [ -71.804166666666646, -15.458333333333314 ], [ -71.808333333333309, -15.458333333333314 ], [ -71.809232923719591, -15.454827880859355 ], [ -71.816666666666649, -15.454166666666648 ], [ -71.827424452039907, -15.454519992404494 ], [ -71.830908881293382, -15.457980007595467 ], [ -71.844091118706572, -15.45868665907116 ], [ -71.847575547960048, -15.462146674262133 ], [ -71.851712883843291, -15.462853325737829 ], [ -71.855908881293374, -15.45868665907116 ], [ -71.866666666666646, -15.458333333333314 ], [ -71.867019992404494, -15.451742214626716 ], [ -71.870480007595461, -15.448257785373244 ], [ -71.871186659071157, -15.443408881293383 ], [ -71.874646674262124, -15.439924452039911 ], [ -71.875, -15.4375 ], [ -71.868408881293377, -15.437146674262133 ], [ -71.862858072916637, -15.431623670789911 ], [ -71.862146674262135, -15.426742214626717 ], [ -71.858686659071154, -15.423257785373245 ], [ -71.857980007595458, -15.414953613281231 ], [ -71.862146674262135, -15.410757785373244 ], [ -71.8625, -15.404166666666647 ], [ -71.8625, -15.395833333333313 ], [ -71.866931321885829, -15.394696044921854 ], [ -71.863067287868901, -15.389710489908834 ], [ -71.86193271213105, -15.374253336588522 ], [ -71.866099378797713, -15.3688771565755 ], [ -71.866666666666646, -15.3625 ], [ -71.864456176757784, -15.361932712131056 ], [ -71.858963182237389, -15.357351684570292 ], [ -71.857766045464388, -15.338714938693556 ], [ -71.86595815022784, -15.336612616644945 ], [ -71.867233954535564, -15.326956176757792 ], [ -71.87026604546439, -15.323043823242166 ], [ -71.871400621202241, -15.318622843424459 ], [ -71.875395880805101, -15.313467746310742 ], [ -71.881377156575496, -15.311932712131055 ], [ -71.894929843478707, -15.299354383680534 ], [ -71.896400621202233, -15.293622843424458 ], [ -71.903599378797722, -15.285543823242167 ], [ -71.904733954535573, -15.264456176757792 ], [ -71.911932712131048, -15.2563771565755 ], [ -71.913067287868898, -15.25195617675779 ], [ -71.917653740776885, -15.246456570095464 ], [ -71.938246663411434, -15.245266045464389 ], [ -71.943622843424464, -15.249432712131055 ], [ -71.945833333333312, -15.25 ], [ -71.945141262478273, -15.225761244032096 ], [ -71.926060485839827, -15.224267578124978 ], [ -71.924344550238686, -15.21871100531682 ], [ -71.921488783094588, -15.214622328016471 ], [ -71.920177883572023, -15.212254163953972 ], [ -71.924371846516905, -15.20625 ], [ -71.921488783094588, -15.202122328016472 ], [ -71.920177883572023, -15.193711005316818 ], [ -71.917322116427925, -15.189622328016471 ], [ -71.916666666666643, -15.183333333333312 ], [ -71.9125, -15.183333333333312 ], [ -71.910075547960048, -15.182980007595464 ], [ -71.906591118706572, -15.179519992404492 ], [ -71.90416666666664, -15.179166666666646 ], [ -71.90416666666664, -15.175 ], [ -71.903813340928792, -15.172575547960047 ], [ -71.900353325737825, -15.169091118706575 ], [ -71.9, -15.166666666666645 ], [ -71.899432712131059, -15.156122843424457 ], [ -71.896400621202233, -15.152210489908832 ], [ -71.895266045464382, -15.147789510091124 ], [ -71.89223395453557, -15.143877156575499 ], [ -71.890815734863253, -15.138350762261263 ], [ -71.883729214138427, -15.136532253689214 ], [ -71.879733954535567, -15.131377156575498 ], [ -71.878315734863264, -15.125850762261262 ], [ -71.872789510091124, -15.124432712131053 ], [ -71.868877156575493, -15.121400621202234 ], [ -71.864456176757784, -15.120266045464387 ], [ -71.860543823242168, -15.117233954535568 ], [ -71.845833333333303, -15.116666666666644 ], [ -71.838538445366737, -15.116017659505186 ], [ -71.836932712131059, -15.111562771267339 ], [ -71.845266045464385, -15.102210489908831 ], [ -71.846400621202235, -15.09925333658852 ], [ -71.842233954535573, -15.093877156575498 ], [ -71.841099378797722, -15.084548272026886 ], [ -71.845833333333289, -15.083333333333311 ], [ -71.845833333333303, -15.079166666666644 ], [ -71.848257785373235, -15.079519992404492 ], [ -71.851742214626711, -15.082980007595463 ], [ -71.856591118706575, -15.083686659071159 ], [ -71.864242214626714, -15.091313340928796 ], [ -71.877424452039904, -15.092019992404492 ], [ -71.880908881293379, -15.095480007595464 ], [ -71.885757785373244, -15.096186659071158 ], [ -71.889242214626719, -15.09964667426213 ], [ -71.893379550509962, -15.100353325737824 ], [ -71.897575547960045, -15.096186659071158 ], [ -71.922549777560747, -15.095480007595464 ], [ -71.935075547960054, -15.107980007595463 ], [ -71.94338107638886, -15.108686659071157 ], [ -71.949641927083306, -15.102457004123242 ], [ -71.950353325737822, -15.097575547960048 ], [ -71.960044860839815, -15.087857733832443 ], [ -71.964924452039909, -15.087146674262129 ], [ -71.972575547960048, -15.079519992404492 ], [ -71.981591118706575, -15.078813340928797 ], [ -71.985417514377147, -15.075013563368033 ], [ -71.997575547960054, -15.087146674262129 ], [ -72.002424452039904, -15.087853325737825 ], [ -72.005908881293379, -15.091313340928796 ], [ -72.010046217176622, -15.092019992404492 ], [ -72.014242214626719, -15.087853325737825 ], [ -72.023257785373247, -15.087146674262129 ], [ -72.030908881293385, -15.079519992404492 ], [ -72.033333333333317, -15.079166666666644 ], [ -72.035757785373249, -15.078813340928797 ], [ -72.041310967339385, -15.073287963867164 ], [ -72.042019992404491, -15.064242214626713 ], [ -72.045480007595458, -15.060757785373241 ], [ -72.046186659071154, -15.05590888129338 ], [ -72.049646674262135, -15.052424452039908 ], [ -72.050353325737831, -15.035075547960046 ], [ -72.053813340928798, -15.031591118706574 ], [ -72.054166666666632, -15.029166666666644 ], [ -72.06492445203989, -15.028813340928796 ], [ -72.068408881293365, -15.025353325737825 ], [ -72.073257785373229, -15.024646674262129 ], [ -72.080908881293368, -15.01701999240449 ], [ -72.085757785373232, -15.016313340928797 ], [ -72.09547559950083, -15.006621636284699 ], [ -72.095833333333303, -15.004166666666643 ], [ -72.102424452039898, -15.003813340928797 ], [ -72.10590888129336, -15.000353325737823 ], [ -72.1125, -15.0 ], [ -72.127160305447006, -14.999382527669248 ], [ -72.131173027886248, -14.99645080566404 ], [ -72.135493638780346, -14.995215861002581 ], [ -72.143673027886251, -14.988117472330707 ], [ -72.149231635199612, -14.986528184678797 ], [ -72.15080702039927, -14.975705634223067 ], [ -72.168826972113678, -14.974382527669247 ], [ -72.177006361219583, -14.967284138997371 ], [ -72.183802625868026, -14.966049194335914 ], [ -72.189506361219586, -14.970215861002581 ], [ -72.194906955295096, -14.971759711371504 ], [ -72.195833333333297, -14.975 ], [ -72.204166666666623, -14.975 ], [ -72.206591118706555, -14.974646674262129 ], [ -72.210075547960031, -14.971186659071158 ], [ -72.219091118706558, -14.970480007595462 ], [ -72.226742214626697, -14.962853325737823 ], [ -72.231591118706561, -14.962146674262129 ], [ -72.235075547960037, -14.958686659071157 ], [ -72.268379720052053, -14.957980007595463 ], [ -72.272575547960031, -14.962146674262129 ], [ -72.280883110894067, -14.962853325737823 ], [ -72.293408881293374, -14.950353325737824 ], [ -72.298257785373224, -14.94964667426213 ], [ -72.312145317925314, -14.935784912109352 ], [ -72.3125, -14.929166666666642 ], [ -72.312146674262124, -14.926742214626712 ], [ -72.308686659071142, -14.92325778537324 ], [ -72.308333333333294, -14.920833333333309 ], [ -72.307980007595447, -14.914242214626713 ], [ -72.304519992404479, -14.91075778537324 ], [ -72.303813340928784, -14.905908881293378 ], [ -72.300353325737817, -14.902424452039906 ], [ -72.3, -14.9 ], [ -72.300353325737817, -14.889242214626712 ], [ -72.303813340928784, -14.88575778537324 ], [ -72.304519992404479, -14.880908881293379 ], [ -72.307980007595447, -14.877424452039907 ], [ -72.308333333333294, -14.854166666666643 ], [ -72.308686659071142, -14.843408881293378 ], [ -72.312146674262124, -14.839924452039906 ], [ -72.3125, -14.833333333333309 ], [ -72.327160305447009, -14.832715691460479 ], [ -72.331173027886251, -14.829784308539471 ], [ -72.364660305447018, -14.828549024793812 ], [ -72.368673027886246, -14.825617641872805 ], [ -72.389660305447009, -14.824382358127146 ], [ -72.393673027886251, -14.821450975206139 ], [ -72.415857272677911, -14.820145331488691 ], [ -72.41728413899736, -14.810339864095027 ], [ -72.420215861002575, -14.80632680257159 ], [ -72.420833333333292, -14.8 ], [ -72.432424248589371, -14.799376424153621 ], [ -72.434184095594588, -14.792517598470027 ], [ -72.439710489908819, -14.791099378797718 ], [ -72.44362284342445, -14.788067287868898 ], [ -72.45, -14.7875 ], [ -72.454166666666637, -14.7875 ], [ -72.454733954535556, -14.785289510091122 ], [ -72.461285061306384, -14.778599378797718 ], [ -72.4625, -14.783333333333308 ], [ -72.466666666666626, -14.783333333333308 ], [ -72.467233954535558, -14.781122843424454 ], [ -72.470266045464371, -14.777210489908828 ], [ -72.471541680230004, -14.767554050021676 ], [ -72.478505452473925, -14.765767076280357 ], [ -72.479733954535561, -14.751956176757787 ], [ -72.487038167317678, -14.74375881618921 ], [ -72.483900621202224, -14.739710489908829 ], [ -72.482766045464373, -14.728420003255183 ], [ -72.486932712131036, -14.723043823242161 ], [ -72.488067287868887, -14.715729437934002 ], [ -72.478583780924438, -14.705086432562908 ], [ -72.471684095594583, -14.703315734863256 ], [ -72.470266045464371, -14.69778951009112 ], [ -72.467233954535558, -14.693877156575496 ], [ -72.466099378797708, -14.68528951009112 ], [ -72.463067287868896, -14.681377156575495 ], [ -72.461932712131045, -14.670086669921849 ], [ -72.46706271701386, -14.663467746310738 ], [ -72.470833333333303, -14.6625 ], [ -72.470833333333303, -14.658333333333307 ], [ -72.477134874131906, -14.65897606743704 ], [ -72.481198459201352, -14.661857265896241 ], [ -72.502134874131912, -14.663142734103706 ], [ -72.51036512586802, -14.670190599229574 ], [ -72.512821790907083, -14.671476067437041 ], [ -72.51869845920136, -14.667309400770373 ], [ -72.529488457573748, -14.666023932562908 ], [ -72.535365125868026, -14.670190599229574 ], [ -72.545006985134521, -14.671659851074192 ], [ -72.546476236979132, -14.681301710340685 ], [ -72.550776502821151, -14.686793009440079 ], [ -72.578388807508645, -14.68820699055987 ], [ -72.579809570312463, -14.702135043674019 ], [ -72.583309936523406, -14.70707177056204 ], [ -72.590702311197887, -14.709297519259957 ], [ -72.59166666666664, -14.7125 ], [ -72.594850328233477, -14.711516994900148 ], [ -72.596488783094586, -14.706211005316815 ], [ -72.599344550238683, -14.702122328016468 ], [ -72.600722588433129, -14.675758870442682 ], [ -72.618788994683129, -14.67434455023869 ], [ -72.622877671983474, -14.671488783094592 ], [ -72.631288994683132, -14.670177883572023 ], [ -72.635377671983477, -14.667322116427925 ], [ -72.6458333333333, -14.666666666666641 ], [ -72.648257785373232, -14.667019992404487 ], [ -72.651742214626708, -14.67048000759546 ], [ -72.656591118706558, -14.671186659071154 ], [ -72.660075547960034, -14.674646674262128 ], [ -72.673257785373238, -14.675353325737822 ], [ -72.685075547960039, -14.687146674262127 ], [ -72.691666666666634, -14.6875 ], [ -72.691666666666634, -14.683333333333307 ], [ -72.693788994683132, -14.682677883572023 ], [ -72.697877671983477, -14.679822116427925 ], [ -72.706288994683121, -14.678511216905356 ], [ -72.71037767198348, -14.675655449761258 ], [ -72.712745836045968, -14.67434455023869 ], [ -72.718752034505172, -14.678540039062474 ], [ -72.724276394314202, -14.674258761935738 ], [ -72.725722588433129, -14.646588812934002 ], [ -72.744344414604996, -14.645177883572023 ], [ -72.746488783094591, -14.652122328016468 ], [ -72.749908786349792, -14.657018534342422 ], [ -72.756288994683132, -14.658988783094593 ], [ -72.760377671983477, -14.661844550238689 ], [ -72.764622328016458, -14.663155449761259 ], [ -72.76875, -14.666038513183569 ], [ -72.77287767198348, -14.663155449761259 ], [ -72.777122328016461, -14.661844550238689 ], [ -72.785377671983468, -14.654822116427926 ], [ -72.7875, -14.65416666666664 ], [ -72.78835076226126, -14.65085093180336 ], [ -72.791666666666629, -14.65 ], [ -72.792233954535561, -14.652210489908828 ], [ -72.79943271213105, -14.66028951009112 ], [ -72.800623575846316, -14.682424079047284 ], [ -72.804166666666632, -14.683333333333307 ], [ -72.816666666666634, -14.683333333333307 ], [ -72.817019992404482, -14.685757785373237 ], [ -72.824646674262127, -14.693408881293378 ], [ -72.825353325737822, -14.698257785373238 ], [ -72.828813340928789, -14.70174221462671 ], [ -72.829519992404485, -14.719091118706572 ], [ -72.832980007595452, -14.722575547960044 ], [ -72.833686659071148, -14.735757785373238 ], [ -72.837146674262115, -14.73924221462671 ], [ -72.837853325737811, -14.744091118706571 ], [ -72.841313340928792, -14.747575547960045 ], [ -72.84166666666664, -14.758333333333308 ], [ -72.849100409613683, -14.757672119140601 ], [ -72.85, -14.754166666666642 ], [ -72.850353325737814, -14.747575547960045 ], [ -72.853813340928795, -14.744091118706571 ], [ -72.854519992404477, -14.730908881293377 ], [ -72.866313340928784, -14.719091118706572 ], [ -72.867019992404479, -14.710075547960043 ], [ -72.87254536946611, -14.704522365993899 ], [ -72.881591118706567, -14.703813340928793 ], [ -72.885075547960042, -14.700353325737822 ], [ -72.898257785373232, -14.699646674262127 ], [ -72.901742214626708, -14.696186659071156 ], [ -72.9125, -14.695833333333308 ], [ -72.9125, -14.691666666666642 ], [ -72.912853325737814, -14.689242214626709 ], [ -72.918375311957433, -14.683692253960478 ], [ -72.922549099392327, -14.682980007595461 ], [ -72.930908881293377, -14.691313340928794 ], [ -72.935046386718724, -14.692019992404488 ], [ -72.939242214626702, -14.687853325737821 ], [ -72.944091118706567, -14.687146674262127 ], [ -72.947575547960042, -14.683686659071155 ], [ -72.952424452039907, -14.682980007595461 ], [ -72.957975260416632, -14.677456834581138 ], [ -72.958686659071148, -14.672575547960044 ], [ -72.966313340928792, -14.664924452039905 ], [ -72.967019992404488, -14.660075547960044 ], [ -72.972546386718719, -14.654521518283394 ], [ -72.979166666666643, -14.65416666666664 ], [ -72.980054050021664, -14.657624816894504 ], [ -72.98971048990883, -14.658900621202232 ], [ -72.993622843424447, -14.661932712131051 ], [ -73.0, -14.6625 ], [ -73.00056728786889, -14.656122843424454 ], [ -73.007766045464379, -14.648043823242162 ], [ -73.00890062120223, -14.639456176757786 ], [ -73.011932712131042, -14.635543823242161 ], [ -73.013350762261254, -14.630017598470026 ], [ -73.016666666666637, -14.62916666666664 ], [ -73.016666666666637, -14.625 ], [ -73.032554456922711, -14.625697835286433 ], [ -73.033976236979143, -14.639635043674019 ], [ -73.03685709635414, -14.643698289659262 ], [ -73.038297865125841, -14.653152465820286 ], [ -73.043801540798583, -14.654809400770374 ], [ -73.047865125868029, -14.657690599229575 ], [ -73.062821790907094, -14.65897606743704 ], [ -73.068698459201357, -14.654809400770374 ], [ -73.085468207465254, -14.653523932562909 ], [ -73.0895317925347, -14.650642734103707 ], [ -73.095833333333303, -14.65 ], [ -73.099268934461776, -14.651008097330703 ], [ -73.100630357530349, -14.664647589789471 ], [ -73.107753499348931, -14.672910902235216 ], [ -73.103669230143197, -14.678585815429662 ], [ -73.104925537109352, -14.690910678439645 ], [ -73.1125, -14.691666666666642 ], [ -73.115815904405352, -14.690815734863255 ], [ -73.117233954535564, -14.68528951009112 ], [ -73.12172580295136, -14.679903327094159 ], [ -73.129913330078097, -14.678599378797717 ], [ -73.135416666666643, -14.682864549424888 ], [ -73.13945617675779, -14.679733954535564 ], [ -73.159079996744765, -14.678599378797717 ], [ -73.164456176757781, -14.682766045464383 ], [ -73.17721048990883, -14.68390062120223 ], [ -73.182365587022545, -14.687895880805096 ], [ -73.183900621202227, -14.693877156575496 ], [ -73.186932712131053, -14.69778951009112 ], [ -73.188418070475237, -14.703577677408829 ], [ -73.21666666666664, -14.704166666666641 ], [ -73.220833333333303, -14.704166666666641 ], [ -73.221684265136687, -14.707482401529923 ], [ -73.227210489908828, -14.708900621202231 ], [ -73.232586669921844, -14.713067287868899 ], [ -73.252210489908833, -14.711932712131052 ], [ -73.256258816189202, -14.7087951660156 ], [ -73.26445617675779, -14.716099378797718 ], [ -73.270437452528185, -14.717634412977405 ], [ -73.274432712131045, -14.72278951009112 ], [ -73.275, -14.729166666666641 ], [ -73.278315734863256, -14.730017598470027 ], [ -73.280017598470025, -14.73664906819659 ], [ -73.283333333333303, -14.7375 ], [ -73.284232923719586, -14.733994547526017 ], [ -73.291666666666643, -14.733333333333308 ], [ -73.292233954535561, -14.731122843424455 ], [ -73.300582885742159, -14.721753099229575 ], [ -73.306377156575493, -14.720266045464385 ], [ -73.310289510091124, -14.717233954535565 ], [ -73.317413330078097, -14.716099378797718 ], [ -73.322789510091113, -14.720266045464385 ], [ -73.330178324381478, -14.721400621202232 ], [ -73.349104478624099, -14.703489515516468 ], [ -73.350567287868898, -14.69778951009112 ], [ -73.353599378797711, -14.693877156575496 ], [ -73.354733954535561, -14.689456176757787 ], [ -73.357766045464388, -14.685543823242162 ], [ -73.35918426513669, -14.680017598470027 ], [ -73.3625, -14.67916666666664 ], [ -73.362146674262121, -14.664242214626711 ], [ -73.350353325737814, -14.652424452039904 ], [ -73.35, -14.625 ], [ -73.350353325737814, -14.618408881293377 ], [ -73.355879550509954, -14.612854851616728 ], [ -73.369091118706564, -14.612146674262126 ], [ -73.372575547960039, -14.608686659071154 ], [ -73.375, -14.608333333333306 ], [ -73.381591118706567, -14.608686659071154 ], [ -73.385075547960042, -14.612146674262126 ], [ -73.402424452039909, -14.61285332573782 ], [ -73.405908881293371, -14.616313340928793 ], [ -73.422548929850237, -14.617019992404487 ], [ -73.430908881293377, -14.608686659071154 ], [ -73.443382263183565, -14.60798000759546 ], [ -73.452082655164901, -14.616652764214383 ], [ -73.455908881293382, -14.61285332573782 ], [ -73.4625, -14.6125 ], [ -73.463258700900582, -14.605219014485652 ], [ -73.468788994683138, -14.603511216905355 ], [ -73.481211005316808, -14.592322116427924 ], [ -73.483579169379311, -14.591011216905356 ], [ -73.490832180447029, -14.596077473958307 ], [ -73.492322116427928, -14.577044338650147 ], [ -73.495177883572026, -14.5729556613498 ], [ -73.495833333333309, -14.570833333333306 ], [ -73.502424452039904, -14.57048000759546 ], [ -73.505908881293379, -14.567019992404488 ], [ -73.508333333333312, -14.56666666666664 ], [ -73.507766045464379, -14.560289510091119 ], [ -73.504733954535567, -14.556377156575493 ], [ -73.503599378797716, -14.538714938693548 ], [ -73.508333333333312, -14.5375 ], [ -73.510543823242159, -14.536932712131049 ], [ -73.51445617675779, -14.53390062120223 ], [ -73.520172119140597, -14.532433742947021 ], [ -73.521400621202233, -14.518622843424453 ], [ -73.52974955240883, -14.509253099229573 ], [ -73.533333333333303, -14.508333333333306 ], [ -73.544091118706575, -14.508686659071152 ], [ -73.555908881293377, -14.520480007595459 ], [ -73.573257785373244, -14.521186659071153 ], [ -73.576742214626705, -14.524646674262126 ], [ -73.581591118706569, -14.52535332573782 ], [ -73.587146165635829, -14.53088056776256 ], [ -73.5875, -14.55 ], [ -73.588067287868896, -14.556377156575493 ], [ -73.591099378797722, -14.560289510091119 ], [ -73.592233954535558, -14.568877156575494 ], [ -73.595266045464385, -14.57278951009112 ], [ -73.596400621202235, -14.577210489908827 ], [ -73.599432712131048, -14.581122843424453 ], [ -73.600567287868898, -14.589710489908828 ], [ -73.607766045464388, -14.597789510091118 ], [ -73.60918426513669, -14.603315734863255 ], [ -73.61471048990883, -14.604733954535565 ], [ -73.618622843424447, -14.607766045464384 ], [ -73.660543823242165, -14.608900621202231 ], [ -73.664456176757781, -14.61193271213105 ], [ -73.669982401529921, -14.613350931803359 ], [ -73.671400621202238, -14.618877156575495 ], [ -73.67443271213105, -14.62278951009112 ], [ -73.675887383355004, -14.628458150227839 ], [ -73.685543823242156, -14.629733954535563 ], [ -73.714456176757793, -14.657766045464385 ], [ -73.720230950249544, -14.659248012966554 ], [ -73.721400621202235, -14.693877156575496 ], [ -73.724432712131048, -14.69778951009112 ], [ -73.725, -14.7 ], [ -73.725567287868898, -14.702210489908829 ], [ -73.729733954535561, -14.707586669921849 ], [ -73.728492906358483, -14.719936964246937 ], [ -73.721684265136702, -14.721684265136693 ], [ -73.720833333333303, -14.725 ], [ -73.721191406249972, -14.727456834581137 ], [ -73.726742214626711, -14.732980007595462 ], [ -73.7375, -14.733333333333308 ], [ -73.743801710340691, -14.732690599229574 ], [ -73.747864956325927, -14.729809400770375 ], [ -73.752135043674016, -14.728523932562908 ], [ -73.756198289659267, -14.725642734103708 ], [ -73.761535814073326, -14.724035814073325 ], [ -73.76314273410371, -14.718698289659262 ], [ -73.766023932562916, -14.714635043674019 ], [ -73.767309400770372, -14.710364956325929 ], [ -73.770190599229579, -14.706301710340686 ], [ -73.771609327528182, -14.692392476399714 ], [ -73.792300415039037, -14.691023932562908 ], [ -73.802031622992601, -14.699357265896241 ], [ -73.807369147406661, -14.700964185926624 ], [ -73.808976067437044, -14.706301710340686 ], [ -73.811857265896251, -14.710364956325929 ], [ -73.813239203559007, -14.728392028808567 ], [ -73.820833333333312, -14.729166666666641 ], [ -73.821684265136696, -14.725850931803361 ], [ -73.828315734863253, -14.724149068196589 ], [ -73.82973395453557, -14.718622843424454 ], [ -73.836932712131059, -14.710543823242162 ], [ -73.8375, -14.708333333333307 ], [ -73.837146674262129, -14.70174221462671 ], [ -73.833686659071162, -14.698257785373238 ], [ -73.832980007595467, -14.689242214626709 ], [ -73.821186659071159, -14.677424452039904 ], [ -73.820833333333312, -14.675 ], [ -73.821186659071159, -14.672575547960044 ], [ -73.824646674262127, -14.669091118706572 ], [ -73.825, -14.65416666666664 ], [ -73.827210489908836, -14.653599378797717 ], [ -73.831122843424453, -14.650567287868897 ], [ -73.835543823242162, -14.64943271213105 ], [ -73.847789510091118, -14.638067287868898 ], [ -73.853315734863259, -14.636649068196588 ], [ -73.855017598470027, -14.630017598470026 ], [ -73.860543823242168, -14.628599378797716 ], [ -73.864456176757784, -14.625567287868897 ], [ -73.868877156575493, -14.62443271213105 ], [ -73.872789510091124, -14.62140062120223 ], [ -73.880103895399287, -14.620266045464383 ], [ -73.889583333333306, -14.62871263292098 ], [ -73.89778951009113, -14.62140062120223 ], [ -73.907445949978282, -14.620124816894505 ], [ -73.909246656629747, -14.613107469346762 ], [ -73.925, -14.6125 ], [ -73.924646674262135, -14.610075547960044 ], [ -73.920847913953963, -14.60625 ], [ -73.924646674262135, -14.602424452039905 ], [ -73.925353325737831, -14.593408881293376 ], [ -73.928813340928798, -14.589924452039904 ], [ -73.929519992404494, -14.585075547960043 ], [ -73.932980007595461, -14.581591118706571 ], [ -73.933333333333309, -14.579166666666641 ], [ -73.935757785373241, -14.578813340928793 ], [ -73.939242214626717, -14.57535332573782 ], [ -73.945833333333297, -14.575 ], [ -73.946970452202663, -14.570568678114123 ], [ -73.95195617675779, -14.574432712131049 ], [ -73.95748240152993, -14.575850931803359 ], [ -73.959144253200932, -14.582326592339383 ], [ -73.963246663411439, -14.583900621202231 ], [ -73.968622843424455, -14.579733954535563 ], [ -73.973043823242165, -14.578599378797716 ], [ -73.976956176757795, -14.575567287868896 ], [ -73.983333333333306, -14.575 ], [ -73.983976067437041, -14.572864956325928 ], [ -73.991023932562911, -14.564635043674018 ], [ -73.992411634657103, -14.551030137803792 ], [ -73.997968377007354, -14.549357265896241 ], [ -74.011708407931835, -14.536927625868028 ], [ -74.01327141655814, -14.521604749891466 ], [ -74.0208333333333, -14.520833333333307 ], [ -74.021684265136699, -14.517517598470025 ], [ -74.025, -14.516666666666639 ], [ -74.025850762261243, -14.519982401529921 ], [ -74.031377156575488, -14.521400621202229 ], [ -74.039456176757781, -14.528599378797717 ], [ -74.056377156575479, -14.529733954535564 ], [ -74.06028951009111, -14.532766045464383 ], [ -74.0625, -14.533333333333307 ], [ -74.063350762261251, -14.530017598470025 ], [ -74.068877156575482, -14.528599378797717 ], [ -74.076956176757776, -14.521400621202229 ], [ -74.100988091362808, -14.520266045464382 ], [ -74.114571804470444, -14.532873535156224 ], [ -74.118622843424447, -14.529733954535564 ], [ -74.124149237738678, -14.528315734863254 ], [ -74.125887383354993, -14.521541849772108 ], [ -74.135543823242145, -14.520266045464382 ], [ -74.143622843424438, -14.513067287868896 ], [ -74.1458333333333, -14.5125 ], [ -74.146186659071148, -14.493408881293375 ], [ -74.166313340928781, -14.473257785373237 ], [ -74.166666666666629, -14.4625 ], [ -74.18992445203989, -14.462146674262126 ], [ -74.193408881293365, -14.458686659071153 ], [ -74.198257785373229, -14.457980007595459 ], [ -74.201742214626705, -14.454519992404485 ], [ -74.2083333333333, -14.454166666666639 ], [ -74.207980007595452, -14.426742214626708 ], [ -74.204519992404471, -14.423257785373236 ], [ -74.204166666666623, -14.416666666666639 ], [ -74.193622843424436, -14.416099378797714 ], [ -74.181377156575479, -14.404733954535562 ], [ -74.17695617675777, -14.403599378797715 ], [ -74.167288208007776, -14.394830322265596 ], [ -74.166099378797711, -14.373974778917072 ], [ -74.186932712131039, -14.352210489908826 ], [ -74.18806728786889, -14.34362284342445 ], [ -74.191099378797702, -14.339710489908825 ], [ -74.192233954535553, -14.332586669921847 ], [ -74.187103949652737, -14.325967746310734 ], [ -74.181122843424447, -14.324432712131047 ], [ -74.17573682996958, -14.319940863715249 ], [ -74.174432712131036, -14.311753336588513 ], [ -74.178599378797713, -14.306377156575492 ], [ -74.180017428927911, -14.300850931803357 ], [ -74.183333333333294, -14.3 ], [ -74.183333333333294, -14.295833333333304 ], [ -74.198043823242145, -14.295266045464381 ], [ -74.206122843424438, -14.288067287868895 ], [ -74.215451727973061, -14.286932712131048 ], [ -74.217233954535558, -14.293877156575492 ], [ -74.221229383680523, -14.299032253689207 ], [ -74.225, -14.3 ], [ -74.226214938693545, -14.304733954535561 ], [ -74.235543823242153, -14.303599378797713 ], [ -74.23945617675777, -14.300567287868894 ], [ -74.244982571072015, -14.299149068196586 ], [ -74.246732923719577, -14.292327880859347 ], [ -74.261517333984344, -14.291012742784259 ], [ -74.282766045464371, -14.268877156575492 ], [ -74.283333333333303, -14.266666666666637 ], [ -74.285543823242151, -14.267233954535561 ], [ -74.289456176757781, -14.27026604546438 ], [ -74.298043823242153, -14.271400621202227 ], [ -74.301956176757784, -14.274432712131048 ], [ -74.319927639431384, -14.275637647840682 ], [ -74.321400621202216, -14.281377156575491 ], [ -74.324432712131042, -14.285289510091117 ], [ -74.325, -14.291666666666638 ], [ -74.324228583441808, -14.299228583441812 ], [ -74.308622572157077, -14.300820583767333 ], [ -74.304809570312472, -14.30619828965926 ], [ -74.303523763020792, -14.327135043674016 ], [ -74.300075276692667, -14.331998867458738 ], [ -74.310365125868017, -14.341023932562905 ], [ -74.328128729926178, -14.342385694715684 ], [ -74.329809570312463, -14.34796837700735 ], [ -74.33269042968746, -14.352031622992593 ], [ -74.333976236979126, -14.356301710340684 ], [ -74.336857096354137, -14.360364956325927 ], [ -74.338142903645803, -14.364635043674017 ], [ -74.345190429687463, -14.372864956325927 ], [ -74.345833333333303, -14.375 ], [ -74.35, -14.375 ], [ -74.350353325737814, -14.385757785373237 ], [ -74.353813340928781, -14.389242214626709 ], [ -74.354166666666629, -14.391666666666639 ], [ -74.365757581922708, -14.392290242512992 ], [ -74.36723395453555, -14.398043823242158 ], [ -74.370266045464376, -14.401956176757785 ], [ -74.371541680229996, -14.411612616644938 ], [ -74.375, -14.4125 ], [ -74.379166666666634, -14.4125 ], [ -74.389924452039892, -14.412146674262125 ], [ -74.393408881293368, -14.408686659071153 ], [ -74.402424452039895, -14.407980007595459 ], [ -74.40625, -14.404181247287298 ], [ -74.410075547960034, -14.407980007595459 ], [ -74.4125, -14.408333333333305 ], [ -74.413399590386248, -14.404827880859347 ], [ -74.427210489908816, -14.403599378797715 ], [ -74.432365587022531, -14.399604119194851 ], [ -74.434184095594588, -14.392517598470024 ], [ -74.439710489908819, -14.391099378797716 ], [ -74.443758816189202, -14.387961832682263 ], [ -74.451956176757776, -14.395266045464382 ], [ -74.463437228732602, -14.396400621202229 ], [ -74.4740804036458, -14.386917114257784 ], [ -74.475811089409689, -14.380173407660562 ], [ -74.479913330078091, -14.378599378797714 ], [ -74.485289510091107, -14.382766045464381 ], [ -74.489710489908816, -14.38390062120223 ], [ -74.493761528862819, -14.387040201822888 ], [ -74.50612284342445, -14.375567287868895 ], [ -74.514710489908822, -14.374432712131048 ], [ -74.518622843424438, -14.371400621202229 ], [ -74.5208333333333, -14.370833333333305 ], [ -74.520480007595452, -14.368408881293375 ], [ -74.517019992404485, -14.364924452039903 ], [ -74.516313340928789, -14.356620449489988 ], [ -74.520480007595452, -14.352424452039902 ], [ -74.521186659071148, -14.343408881293374 ], [ -74.526709662543368, -14.337858072916639 ], [ -74.531591118706558, -14.337146674262124 ], [ -74.537145657009518, -14.331619771321586 ], [ -74.5375, -14.320833333333304 ], [ -74.538387383355001, -14.31737518310544 ], [ -74.548043823242153, -14.316099378797714 ], [ -74.553198920355868, -14.312104119194849 ], [ -74.55473395453555, -14.306122843424451 ], [ -74.557766045464376, -14.302210489908825 ], [ -74.558900621202227, -14.299253336588514 ], [ -74.55473395453555, -14.293877156575492 ], [ -74.554166666666632, -14.2875 ], [ -74.549602593315939, -14.286328803168374 ], [ -74.563145616319417, -14.271736823187904 ], [ -74.566666666666634, -14.270833333333304 ], [ -74.566666666666634, -14.2625 ], [ -74.567438083224786, -14.254938083224797 ], [ -74.575, -14.254166666666638 ], [ -74.598043823242151, -14.253599378797714 ], [ -74.602083333333297, -14.25046878390839 ], [ -74.607365587022542, -14.254562547471759 ], [ -74.609144422743029, -14.261493259006047 ], [ -74.613246663411431, -14.263067287868894 ], [ -74.618622843424447, -14.258900621202228 ], [ -74.631377156575482, -14.257766045464381 ], [ -74.636844211154482, -14.253206888834606 ], [ -74.638161214192678, -14.238399590386255 ], [ -74.643877156575485, -14.236932712131047 ], [ -74.647789510091116, -14.233900621202228 ], [ -74.650959608289895, -14.232766045464381 ], [ -74.661881510416634, -14.242672559950059 ], [ -74.6625, -14.254166666666638 ], [ -74.663350762261246, -14.257482401529918 ], [ -74.666666666666629, -14.258333333333304 ], [ -74.670833333333306, -14.258333333333304 ], [ -74.683333333333294, -14.258333333333304 ], [ -74.682482571072015, -14.255017598470022 ], [ -74.679166666666632, -14.254166666666638 ], [ -74.679166666666632, -14.241666666666637 ], [ -74.679166666666632, -14.2375 ], [ -74.679166666666632, -14.233333333333304 ], [ -74.682482571072015, -14.232482401529918 ], [ -74.683900621202227, -14.226956176757783 ], [ -74.691099378797716, -14.218877156575491 ], [ -74.691666666666634, -14.208333333333304 ], [ -74.699197387695278, -14.207598198784693 ], [ -74.700617472330691, -14.197839864095023 ], [ -74.704280598958306, -14.192825486924884 ], [ -74.710493638780349, -14.191049024793807 ], [ -74.714506361219591, -14.1881176418728 ], [ -74.717135959201357, -14.186882358127139 ], [ -74.722839694552917, -14.191049024793807 ], [ -74.727316284179651, -14.192284308539467 ], [ -74.72978413899736, -14.187030877007349 ], [ -74.725617472330697, -14.181326802571585 ], [ -74.724382527669235, -14.174131266276012 ], [ -74.750425211588507, -14.146902974446585 ], [ -74.754166666666634, -14.145833333333304 ], [ -74.754519992404482, -14.139242214626705 ], [ -74.757980007595449, -14.135757785373233 ], [ -74.758333333333297, -14.120833333333303 ], [ -74.758686659071145, -14.114242214626707 ], [ -74.766313340928789, -14.106591118706566 ], [ -74.767019992404485, -14.101742214626706 ], [ -74.770480007595452, -14.098257785373233 ], [ -74.7708333333333, -14.091666666666637 ], [ -74.770480007595452, -14.089242214626722 ], [ -74.767019992404485, -14.08575778537325 ], [ -74.766666666666637, -14.083333333333318 ], [ -74.767284138997368, -14.047839694552938 ], [ -74.774382527669246, -14.039660305447033 ], [ -74.775617472330694, -14.03117302788627 ], [ -74.778549194335909, -14.027160305447033 ], [ -74.779784138997371, -14.022839694552935 ], [ -74.782715861002572, -14.0188269721137 ], [ -74.783950805664034, -14.016197374131929 ], [ -74.779784138997371, -14.010493638780368 ], [ -74.778549194335909, -13.993034532335054 ], [ -74.787574598524273, -13.990454101562484 ], [ -74.783002387152749, -13.984194946289048 ], [ -74.771549140082428, -13.982527669270818 ], [ -74.770215861002569, -13.966197374131928 ], [ -74.774382527669246, -13.960493638780367 ], [ -74.775, -13.958333333333318 ], [ -74.775567287868896, -13.951956176757797 ], [ -74.778599378797708, -13.948043823242172 ], [ -74.779733954535558, -13.943622843424464 ], [ -74.782766045464385, -13.939710489908839 ], [ -74.784184095594583, -13.934184095594603 ], [ -74.7875, -13.933333333333318 ], [ -74.7875, -13.929166666666651 ], [ -74.786932712131048, -13.926956176757797 ], [ -74.783900621202221, -13.923043823242171 ], [ -74.782766045464385, -13.914456176757795 ], [ -74.779733954535558, -13.910543823242172 ], [ -74.778599378797708, -13.906122843424463 ], [ -74.775567287868896, -13.902210489908839 ], [ -74.774432712131045, -13.892881605360227 ], [ -74.782482571072023, -13.890815904405365 ], [ -74.783333333333303, -13.8875 ], [ -74.782980007595455, -13.880908881293387 ], [ -74.762853325737808, -13.860757785373247 ], [ -74.762146674262127, -13.835075547960052 ], [ -74.758347235785564, -13.831249321831582 ], [ -74.766313340928789, -13.823257785373247 ], [ -74.767019992404485, -13.810075547960054 ], [ -74.770480007595452, -13.80659111870658 ], [ -74.771186659071148, -13.801742214626719 ], [ -74.778813340928792, -13.79409111870658 ], [ -74.77916666666664, -13.7875 ], [ -74.779733954535558, -13.781122843424463 ], [ -74.786932712131048, -13.773043823242171 ], [ -74.788067287868898, -13.764456176757795 ], [ -74.791844007703958, -13.759583197699635 ], [ -74.796579996744754, -13.757766045464393 ], [ -74.802092149522537, -13.762038167317691 ], [ -74.81028951009111, -13.754733954535574 ], [ -74.814710489908819, -13.753599378797727 ], [ -74.822789510091113, -13.746400621202239 ], [ -74.828315904405343, -13.744982571072031 ], [ -74.830017428927917, -13.738350762261268 ], [ -74.8333333333333, -13.7375 ], [ -74.835757785373232, -13.737853325737831 ], [ -74.843408881293371, -13.745480007595468 ], [ -74.848257785373235, -13.746186659071164 ], [ -74.851742214626711, -13.749646674262136 ], [ -74.864924452039901, -13.75035332573783 ], [ -74.868408881293377, -13.753813340928803 ], [ -74.872546386718724, -13.754519992404497 ], [ -74.876742214626702, -13.75035332573783 ], [ -74.8875, -13.75 ], [ -74.902424452039895, -13.749646674262136 ], [ -74.910075547960034, -13.742019992404497 ], [ -74.94338243272567, -13.741313340928802 ], [ -74.951742214626705, -13.749646674262136 ], [ -74.964924452039895, -13.75035332573783 ], [ -74.968408881293371, -13.753813340928803 ], [ -74.970833333333303, -13.754166666666649 ], [ -74.971186659071151, -13.751742214626718 ], [ -74.974646674262118, -13.748257785373246 ], [ -74.975, -13.741666666666649 ], [ -74.981591118706561, -13.741313340928802 ], [ -74.985075547960037, -13.737853325737831 ], [ -74.989924452039901, -13.737146674262135 ], [ -74.995834689670104, -13.731265936957447 ], [ -74.991681247287289, -13.727083333333315 ], [ -74.995480007595461, -13.723257785373246 ], [ -74.996186659071157, -13.714242214626719 ], [ -75.001709662543377, -13.708691406249983 ], [ -75.004166666666634, -13.708333333333316 ], [ -75.004166666666634, -13.704166666666648 ], [ -75.008333333333297, -13.704166666666648 ], [ -75.008950805664028, -13.697839694552933 ], [ -75.011882527669243, -13.693826972113698 ], [ -75.013117472330705, -13.6895063612196 ], [ -75.020669555664028, -13.680803765190955 ], [ -75.025469292534694, -13.67854919433592 ], [ -75.031173027886254, -13.682715861002587 ], [ -75.03380262586802, -13.683950805664045 ], [ -75.039506361219594, -13.679784138997377 ], [ -75.049205864800314, -13.678372531466996 ], [ -75.0506174723307, -13.668673027886268 ], [ -75.0542805989583, -13.663658650716128 ], [ -75.06157362196177, -13.661573621961788 ], [ -75.063117472330703, -13.656173027886267 ], [ -75.07021586100258, -13.647993638780363 ], [ -75.071450805664028, -13.6270063612196 ], [ -75.074438476562477, -13.622916666666649 ], [ -75.071450805664028, -13.618826972113697 ], [ -75.07021586100258, -13.605166286892343 ], [ -75.082361518012121, -13.603398301866301 ], [ -75.0833333333333, -13.6 ], [ -75.084232923719583, -13.596494547526023 ], [ -75.09166666666664, -13.595833333333315 ], [ -75.0910237630208, -13.59369845920137 ], [ -75.082690429687474, -13.58396708170571 ], [ -75.08397623697914, -13.581198459201371 ], [ -75.088142903645803, -13.5753217909071 ], [ -75.086772664387993, -13.554942491319427 ], [ -75.07286512586802, -13.553523763020815 ], [ -75.068801540798574, -13.550642903645814 ], [ -75.0625, -13.55 ], [ -75.060075547960039, -13.550353325737827 ], [ -75.055879720052047, -13.554519992404495 ], [ -75.047575547960037, -13.553813340928802 ], [ -75.039924452039898, -13.546186659071161 ], [ -75.0375, -13.545833333333315 ], [ -75.037853325737814, -13.539242214626718 ], [ -75.041313340928795, -13.535757785373246 ], [ -75.042019992404491, -13.530908881293383 ], [ -75.045480007595458, -13.527424452039911 ], [ -75.045833333333306, -13.520833333333314 ], [ -75.05221048990883, -13.520266045464391 ], [ -75.06862284342445, -13.50473395453557 ], [ -75.074291653103273, -13.503279283311613 ], [ -75.075567287868893, -13.493622843424459 ], [ -75.082766045464382, -13.485543823242168 ], [ -75.084184095594594, -13.480017428927932 ], [ -75.089710489908825, -13.478599378797723 ], [ -75.093622843424455, -13.475567287868904 ], [ -75.095833333333303, -13.475 ], [ -75.094982571072023, -13.471684095594599 ], [ -75.089456176757778, -13.47026604546439 ], [ -75.085543823242162, -13.467233954535571 ], [ -75.080017428927917, -13.465815904405362 ], [ -75.078599378797719, -13.460289510091126 ], [ -75.075567287868893, -13.456377156575501 ], [ -75.074432712131042, -13.435289510091126 ], [ -75.067233954535567, -13.427210489908834 ], [ -75.066099378797716, -13.422789510091127 ], [ -75.062968614366284, -13.41875 ], [ -75.066099378797716, -13.414710489908835 ], [ -75.066666666666634, -13.4 ], [ -75.070833333333297, -13.4 ], [ -75.071712917751711, -13.39657219780814 ], [ -75.079913330078099, -13.395266045464389 ], [ -75.085289510091116, -13.399432712131055 ], [ -75.090815904405346, -13.400850762261264 ], [ -75.092829725477401, -13.408699205186611 ], [ -75.101956176757781, -13.400567287868903 ], [ -75.106377156575491, -13.399432712131055 ], [ -75.114456176757784, -13.39223395453557 ], [ -75.118877156575493, -13.391099378797723 ], [ -75.12278951009111, -13.388067287868903 ], [ -75.135543823242159, -13.386932712131056 ], [ -75.14165344238279, -13.381837632920988 ], [ -75.138067287868893, -13.377210489908833 ], [ -75.1375, -13.366666666666646 ], [ -75.136573621961773, -13.363426378038174 ], [ -75.131173027886263, -13.36188252766925 ], [ -75.127160305447021, -13.358950805664042 ], [ -75.12151048448348, -13.357335747612826 ], [ -75.120215861002578, -13.335339694552932 ], [ -75.117284138997363, -13.331326972113695 ], [ -75.116049194335915, -13.324530707465257 ], [ -75.120215861002578, -13.318826972113694 ], [ -75.121627468532964, -13.309127468532965 ], [ -75.132117377387118, -13.307600572374112 ], [ -75.133950805664028, -13.303697374131923 ], [ -75.129784138997366, -13.297993638780362 ], [ -75.128549194335903, -13.293673027886264 ], [ -75.12145080566404, -13.285493638780361 ], [ -75.120215861002578, -13.280534532335048 ], [ -75.127160305447021, -13.278549194335916 ], [ -75.131173027886263, -13.275617472330708 ], [ -75.136573621961773, -13.274073621961785 ], [ -75.138117472330705, -13.268673027886264 ], [ -75.141049194335906, -13.264660305447027 ], [ -75.141666666666637, -13.254166666666645 ], [ -75.15416666666664, -13.254166666666645 ], [ -75.15477566189233, -13.24678751627602 ], [ -75.159350755479579, -13.245303683810743 ], [ -75.165908135308129, -13.250946044921854 ], [ -75.166666666666643, -13.254166666666645 ], [ -75.168877156575491, -13.253599378797722 ], [ -75.181122843424447, -13.242233954535569 ], [ -75.188246663411434, -13.241099378797722 ], [ -75.194865587022548, -13.246229383680534 ], [ -75.19640062120223, -13.252210489908833 ], [ -75.198785061306396, -13.254733954535569 ], [ -75.200567287868893, -13.247789510091124 ], [ -75.205086093478698, -13.242370944552929 ], [ -75.214710489908825, -13.241099378797722 ], [ -75.220820109049455, -13.236004299587652 ], [ -75.217135450575057, -13.23125 ], [ -75.220266045464385, -13.227210489908833 ], [ -75.221400621202235, -13.214456176757791 ], [ -75.224432712131048, -13.210543823242165 ], [ -75.225567287868898, -13.190920003255187 ], [ -75.221400621202235, -13.185543823242165 ], [ -75.220833333333303, -13.179166666666646 ], [ -75.220480007595455, -13.176742214626714 ], [ -75.217019992404488, -13.173257785373242 ], [ -75.21666666666664, -13.170833333333311 ], [ -75.2125, -13.170833333333311 ], [ -75.206122843424453, -13.171400621202235 ], [ -75.202074517144069, -13.174538167317687 ], [ -75.193877156575496, -13.167233954535568 ], [ -75.188350931803356, -13.16581590440536 ], [ -75.1875, -13.1625 ], [ -75.163417053222631, -13.163092719184005 ], [ -75.161603630913604, -13.170159573025153 ], [ -75.149253336588515, -13.171400621202235 ], [ -75.143877156575485, -13.167233954535568 ], [ -75.130066257052917, -13.166005452473936 ], [ -75.129166666666634, -13.1625 ], [ -75.128519694010393, -13.146813625759528 ], [ -75.122827148437466, -13.145228407118033 ], [ -75.113185628255181, -13.136628553602408 ], [ -75.111810980902746, -13.11749335394963 ], [ -75.103379313151009, -13.116061740451366 ], [ -75.093757459852398, -13.124466620551193 ], [ -75.089672851562469, -13.121438259548588 ], [ -75.072827148437469, -13.120228407118033 ], [ -75.059372965494759, -13.107899983723936 ], [ -75.05742594401039, -13.100907389322895 ], [ -75.05199381510414, -13.099395073784699 ], [ -75.042724270290762, -13.091297403971332 ], [ -75.041666666666643, -13.0875 ], [ -75.042517428927923, -13.084184095594596 ], [ -75.048043823242153, -13.082766045464387 ], [ -75.051956176757784, -13.079733954535568 ], [ -75.056377156575493, -13.078599378797721 ], [ -75.06028951009111, -13.075567287868902 ], [ -75.0625, -13.075 ], [ -75.065815904405355, -13.074149237738693 ], [ -75.067517428927928, -13.067517428927928 ], [ -75.073043823242159, -13.06609937879772 ], [ -75.081122843424453, -13.058900621202234 ], [ -75.090779283311605, -13.057624986436609 ], [ -75.092233954535558, -13.051956176757789 ], [ -75.100582885742156, -13.04258626302081 ], [ -75.106377156575491, -13.041099378797721 ], [ -75.111532253689205, -13.037103949652755 ], [ -75.113067287868901, -13.031122843424455 ], [ -75.129843817816806, -13.013395521375845 ], [ -75.135543823242159, -13.011932712131053 ], [ -75.140962388780352, -13.007413736979144 ], [ -75.142233954535556, -12.997789510091122 ], [ -75.14622938368052, -12.992634412977408 ], [ -75.152210489908825, -12.99109937879772 ], [ -75.156122843424455, -12.988067287868901 ], [ -75.158333333333303, -12.9875 ], [ -75.158333333333303, -12.979166666666643 ], [ -75.158900621202235, -12.972789510091122 ], [ -75.17567715115014, -12.955062188042511 ], [ -75.181377156575493, -12.953599378797719 ], [ -75.190746900770364, -12.945250447591121 ], [ -75.192233954535567, -12.939456176757789 ], [ -75.195266045464379, -12.935543823242163 ], [ -75.19640062120223, -12.931122843424456 ], [ -75.199432712131042, -12.92721048990883 ], [ -75.200850931803359, -12.921684095594594 ], [ -75.206377156575499, -12.920266045464386 ], [ -75.211532253689214, -12.916270616319419 ], [ -75.213350931803362, -12.909184095594593 ], [ -75.218877156575488, -12.907766045464385 ], [ -75.232679070366729, -12.894855075412302 ], [ -75.233333333333306, -12.8875 ], [ -75.235757785373238, -12.887146674262128 ], [ -75.239242214626714, -12.883686659071156 ], [ -75.245833333333309, -12.88333333333331 ], [ -75.247045898437477, -12.879092068142336 ], [ -75.25200653076169, -12.88271586100258 ], [ -75.260493469238256, -12.883950805664039 ], [ -75.265805223253011, -12.887830946180532 ], [ -75.267284308539473, -12.897993638780358 ], [ -75.270215691460479, -12.902006361219595 ], [ -75.271450975206136, -12.906326972113691 ], [ -75.279660203721761, -12.91578708224824 ], [ -75.288306342230868, -12.917284138997372 ], [ -75.302006530761687, -12.904784138997371 ], [ -75.304973008897548, -12.903549194335913 ], [ -75.320011562771242, -12.917270236545114 ], [ -75.321627468532952, -12.928372531466991 ], [ -75.332361687554226, -12.929935031466989 ], [ -75.3333333333333, -12.933333333333309 ], [ -75.3375, -12.933333333333309 ], [ -75.341005452473937, -12.932433742947024 ], [ -75.34166666666664, -12.925 ], [ -75.34166666666664, -12.920833333333309 ], [ -75.344982401529919, -12.919982571072024 ], [ -75.345833333333303, -12.916666666666643 ], [ -75.345833333333303, -12.9125 ], [ -75.349338785807262, -12.91160040961369 ], [ -75.350567287868898, -12.897789510091123 ], [ -75.353599378797711, -12.893877156575497 ], [ -75.354733954535561, -12.889456176757788 ], [ -75.357864549424889, -12.885416666666643 ], [ -75.354733954535561, -12.881377156575496 ], [ -75.353599378797711, -12.867881605360218 ], [ -75.360543823242153, -12.866099378797719 ], [ -75.364456176757784, -12.863067287868899 ], [ -75.368877156575493, -12.861932712131052 ], [ -75.378246900770378, -12.853583780924454 ], [ -75.380017598470019, -12.846684095594593 ], [ -75.383333333333312, -12.845833333333308 ], [ -75.38664906819659, -12.846684095594593 ], [ -75.3875, -12.85 ], [ -75.3958333333333, -12.85 ], [ -75.40755666097003, -12.850719875759523 ], [ -75.408333333333303, -12.858333333333309 ], [ -75.411649068196581, -12.859184095594593 ], [ -75.413350931803365, -12.865815904405357 ], [ -75.416666666666643, -12.866666666666642 ], [ -75.417233954535561, -12.864456176757788 ], [ -75.421229214138435, -12.859301079644073 ], [ -75.42721048990883, -12.857766045464386 ], [ -75.436580234103701, -12.849417114257788 ], [ -75.438067287868904, -12.843622843424455 ], [ -75.441844007703963, -12.838749694824195 ], [ -75.446579996744759, -12.836932712131052 ], [ -75.45195617675779, -12.841099378797718 ], [ -75.457482401529916, -12.842517598470028 ], [ -75.4583333333333, -12.845833333333308 ], [ -75.460543823242162, -12.845266045464385 ], [ -75.464456176757793, -12.842233954535565 ], [ -75.468877156575502, -12.841099378797718 ], [ -75.476956176757781, -12.833900621202233 ], [ -75.481377156575491, -12.832766045464385 ], [ -75.486889648437469, -12.828168911404056 ], [ -75.488067287868901, -12.801956176757788 ], [ -75.491099378797713, -12.798043823242162 ], [ -75.492579989963076, -12.792274136013429 ], [ -75.508333333333312, -12.791666666666641 ], [ -75.509232923719594, -12.788161214192684 ], [ -75.516666666666637, -12.7875 ], [ -75.517019992404485, -12.785075547960044 ], [ -75.53087887234156, -12.771191067165773 ], [ -75.535757785373235, -12.770480007595461 ], [ -75.54131079779728, -12.76495480007593 ], [ -75.542019992404491, -12.756620449489992 ], [ -75.537853325737828, -12.752424452039905 ], [ -75.5375, -12.75 ], [ -75.544091118706575, -12.749646674262127 ], [ -75.549644300672725, -12.744121127658396 ], [ -75.550353325737817, -12.735075547960044 ], [ -75.560044860839824, -12.725357733832439 ], [ -75.564924452039904, -12.724646674262127 ], [ -75.574645148383226, -12.714952087402319 ], [ -75.575, -12.708333333333307 ], [ -75.57283986409503, -12.707715691460479 ], [ -75.568826802571593, -12.704784308539471 ], [ -75.560339864095027, -12.703549024793812 ], [ -75.554902140299447, -12.699200100368898 ], [ -75.55354902479381, -12.685339864095026 ], [ -75.550555250379745, -12.68124152289494 ], [ -75.56188235812715, -12.668826802571589 ], [ -75.563117641872807, -12.664506530761692 ], [ -75.566780598958303, -12.659492153591554 ], [ -75.574282836914037, -12.657347106933567 ], [ -75.57561764187281, -12.64367319742836 ], [ -75.579434034559441, -12.638448588053359 ], [ -75.567638312445723, -12.636731804741727 ], [ -75.566666666666634, -12.633333333333308 ], [ -75.573257785373244, -12.63298000759546 ], [ -75.578808593749969, -12.627456834581137 ], [ -75.579519992404485, -12.622575547960043 ], [ -75.583318752712643, -12.61875 ], [ -75.579519992404485, -12.614924452039904 ], [ -75.578813340928789, -12.593408881293376 ], [ -75.570846557617159, -12.58541666666664 ], [ -75.578813340928789, -12.577424452039903 ], [ -75.579519992404485, -12.572575547960042 ], [ -75.585046556260821, -12.567021179199191 ], [ -75.601715596516897, -12.566313340928794 ], [ -75.610075547960051, -12.574646674262127 ], [ -75.6125, -12.575 ], [ -75.616666666666646, -12.575 ], [ -75.617233954535564, -12.568622843424453 ], [ -75.62026604546439, -12.564710489908828 ], [ -75.621400621202227, -12.561753336588515 ], [ -75.617233954535564, -12.556377156575493 ], [ -75.61595815022784, -12.546720716688341 ], [ -75.609072028266027, -12.544953579372804 ], [ -75.607766045464388, -12.536753336588514 ], [ -75.61193271213105, -12.531377156575495 ], [ -75.6125, -12.516666666666639 ], [ -75.613067287868901, -12.510289510091118 ], [ -75.616099378797713, -12.506377156575493 ], [ -75.617233954535564, -12.499253336588515 ], [ -75.613067287868901, -12.493877156575493 ], [ -75.61193271213105, -12.486753336588514 ], [ -75.616099378797713, -12.481377156575494 ], [ -75.617233954535564, -12.476956176757785 ], [ -75.628706868489559, -12.464594692654053 ], [ -75.625468783908389, -12.460416666666639 ], [ -75.628599378797716, -12.456377156575494 ], [ -75.629733954535567, -12.447789510091118 ], [ -75.632766045464379, -12.443877156575493 ], [ -75.63390062120223, -12.426956176757784 ], [ -75.637895880805104, -12.421801079644069 ], [ -75.64498240152993, -12.41998240152992 ], [ -75.645833333333314, -12.416666666666639 ], [ -75.645480007595467, -12.405908881293374 ], [ -75.642019992404485, -12.402424452039902 ], [ -75.641666666666637, -12.395833333333306 ], [ -75.639242214626705, -12.395480007595458 ], [ -75.633331976996502, -12.38959927029077 ], [ -75.637146674262127, -12.385757785373237 ], [ -75.6375, -12.375 ], [ -75.637146674262127, -12.364242214626708 ], [ -75.627455139160134, -12.354524400499104 ], [ -75.622575547960039, -12.353813340928792 ], [ -75.612857733832442, -12.344121805826795 ], [ -75.6125, -12.341666666666638 ], [ -75.600909254285995, -12.341043090820284 ], [ -75.599432712131048, -12.335289510091117 ], [ -75.595437452528188, -12.330134412977401 ], [ -75.588350931803362, -12.328315734863253 ], [ -75.5875, -12.325 ], [ -75.588067287868896, -12.322789510091116 ], [ -75.591099378797722, -12.318877156575493 ], [ -75.592233954535558, -12.314456176757783 ], [ -75.603706868489553, -12.302094692654052 ], [ -75.600567287868898, -12.298043823242159 ], [ -75.599432712131048, -12.286753336588513 ], [ -75.603599378797725, -12.281377156575491 ], [ -75.604733954535561, -12.272789510091117 ], [ -75.608729214138435, -12.267634412977401 ], [ -75.616005452473928, -12.265767076280353 ], [ -75.617327880859349, -12.250899590386256 ], [ -75.623043823242156, -12.249432712131046 ], [ -75.626956176757787, -12.246400621202227 ], [ -75.632482401529927, -12.244982401529919 ], [ -75.633333333333312, -12.241666666666637 ], [ -75.63390062120223, -12.239456176757784 ], [ -75.641099378797719, -12.231377156575491 ], [ -75.64223395453557, -12.226956176757783 ], [ -75.649432712131045, -12.218877156575491 ], [ -75.650708516438783, -12.209220716688339 ], [ -75.65416666666664, -12.208333333333304 ], [ -75.654696146647112, -12.206085035535995 ], [ -75.667196146647115, -12.192788357204831 ], [ -75.665776740180092, -12.188271755642331 ], [ -75.6625, -12.1875 ], [ -75.662145148383217, -12.180879550509953 ], [ -75.656591118706572, -12.175353325737817 ], [ -75.65416666666664, -12.175 ], [ -75.651709832085473, -12.174641927083304 ], [ -75.646186659071162, -12.169091118706568 ], [ -75.645480007595467, -12.160075547960039 ], [ -75.642019992404485, -12.156591118706567 ], [ -75.641308932834178, -12.15171152750648 ], [ -75.631591118706567, -12.142019992404483 ], [ -75.629166666666634, -12.141666666666637 ], [ -75.629790242512996, -12.13007592095266 ], [ -75.63664906819659, -12.12831573486325 ], [ -75.638350931803359, -12.121684265136688 ], [ -75.643877156575499, -12.12026604546438 ], [ -75.649032253689214, -12.116270785861515 ], [ -75.650567287868896, -12.110289510091116 ], [ -75.653599378797722, -12.106377156575491 ], [ -75.654733954535573, -12.101956176757781 ], [ -75.657766045464385, -12.098043823242158 ], [ -75.659184265136687, -12.092517598470021 ], [ -75.664710489908828, -12.091099378797713 ], [ -75.668622843424458, -12.088067287868892 ], [ -75.675, -12.0875 ], [ -75.681377156575493, -12.086932712131045 ], [ -75.685289510091124, -12.083900621202226 ], [ -75.692413330078097, -12.082766045464378 ], [ -75.697789510091127, -12.086932712131045 ], [ -75.702210489908836, -12.088067287868892 ], [ -75.706122843424453, -12.091099378797713 ], [ -75.713437228732616, -12.09223395453556 ], [ -75.72408023410371, -12.082750447591115 ], [ -75.725850931803365, -12.075850931803355 ], [ -75.732482401529921, -12.074149068196583 ], [ -75.733900621202238, -12.068622843424448 ], [ -75.737031216091552, -12.064583333333303 ], [ -75.733900621202238, -12.060543823242156 ], [ -75.733333333333306, -12.054166666666635 ], [ -75.735757785373238, -12.053813340928789 ], [ -75.743408881293377, -12.04618665907115 ], [ -75.747550116644945, -12.045480007595454 ], [ -75.764242214626705, -12.062146674262122 ], [ -75.766666666666637, -12.0625 ], [ -75.767019992404485, -12.060075547960039 ], [ -75.789212883843291, -12.037857564290334 ], [ -75.794091118706575, -12.037146674262122 ], [ -75.797575547960051, -12.033686659071149 ], [ -75.802424452039901, -12.032980007595455 ], [ -75.818408881293379, -12.017019992404483 ], [ -75.822547743055537, -12.016313340928788 ], [ -75.828808593749983, -12.022543165418806 ], [ -75.829166666666637, -12.025 ], [ -75.831326802571596, -12.02438235812714 ], [ -75.836638556586351, -12.020502217610646 ], [ -75.838307020399284, -12.009038967556393 ], [ -75.856326802571587, -12.007715691460472 ], [ -75.860339864095025, -12.004784308539465 ], [ -75.86882680257159, -12.003549024793806 ], [ -75.87700653076169, -11.996450975206132 ], [ -75.881326802571593, -11.995215691460473 ], [ -75.88533986409503, -11.992284308539466 ], [ -75.896302456325927, -11.991049024793806 ], [ -75.902954101562472, -11.995907931857607 ], [ -75.905093044704842, -11.988426378038163 ], [ -75.910493469238261, -11.986882358127138 ], [ -75.914506530761699, -11.983950975206131 ], [ -75.925469122992595, -11.982715691460472 ], [ -75.931173197428365, -11.986882358127138 ], [ -75.935493469238253, -11.988117641872797 ], [ -75.93950653076169, -11.991049024793806 ], [ -75.945833333333312, -11.991666666666635 ], [ -75.94914906819659, -11.990815734863251 ], [ -75.950899590386257, -11.983994547526009 ], [ -75.958333333333314, -11.983333333333317 ], [ -75.960757785373247, -11.983686659071148 ], [ -75.964583333333309, -11.987485419379309 ], [ -75.968408881293385, -11.983686659071148 ], [ -75.976715596516911, -11.982980007595454 ], [ -75.985075547960051, -11.991313340928787 ], [ -75.991666666666646, -11.991666666666635 ], [ -75.992019992404494, -11.989242214626705 ], [ -75.997546725802934, -11.983687845865854 ], [ -76.014924452039907, -11.982980007595454 ], [ -76.022575547960045, -11.975353325737816 ], [ -76.025, -11.975 ], [ -76.025353325737825, -11.972575547960053 ], [ -76.049646674262135, -11.948257785373247 ], [ -76.050353325737831, -11.93924221462672 ], [ -76.053813340928798, -11.935757785373248 ], [ -76.054166666666646, -11.933333333333316 ], [ -76.05501759847003, -11.930017428927934 ], [ -76.058333333333294, -11.929166666666635 ], [ -76.05773484971786, -11.909248860677067 ], [ -76.05062357584633, -11.907424248589393 ], [ -76.05, -11.895833333333316 ], [ -76.05, -11.89166666666665 ], [ -76.05, -11.8875 ], [ -76.052210489908816, -11.88693271213106 ], [ -76.056122843424447, -11.88390062120224 ], [ -76.060543823242156, -11.882766045464393 ], [ -76.069913736979132, -11.874417114257795 ], [ -76.071684095594577, -11.867517428927934 ], [ -76.077210489908822, -11.866099378797726 ], [ -76.081122843424438, -11.863067287868907 ], [ -76.086649237738683, -11.861649237738698 ], [ -76.088067287868881, -11.856122843424462 ], [ -76.091099378797708, -11.852210489908837 ], [ -76.092233954535558, -11.847789510091129 ], [ -76.095266045464371, -11.843877156575504 ], [ -76.096400621202221, -11.835289510091128 ], [ -76.099432712131033, -11.831377156575503 ], [ -76.100567287868884, -11.826956176757795 ], [ -76.103599378797711, -11.82304382324217 ], [ -76.104733954535547, -11.81862284342446 ], [ -76.111932712131036, -11.81054382324217 ], [ -76.113067287868887, -11.806122843424461 ], [ -76.121416219075485, -11.796752929687482 ], [ -76.127210489908819, -11.795266045464391 ], [ -76.143622843424438, -11.779733954535573 ], [ -76.148043823242148, -11.778599378797725 ], [ -76.151956176757778, -11.775567287868906 ], [ -76.156377156575488, -11.774432712131059 ], [ -76.164456176757781, -11.767233954535573 ], [ -76.168877156575491, -11.766099378797724 ], [ -76.174344211154477, -11.76154005262585 ], [ -76.175567287868887, -11.747789510091128 ], [ -76.179562717013852, -11.742634412977413 ], [ -76.185543823242156, -11.741099378797724 ], [ -76.189456176757773, -11.738067287868905 ], [ -76.193877156575482, -11.736932712131058 ], [ -76.199367268880167, -11.732354397243906 ], [ -76.200567287868893, -11.714456176757794 ], [ -76.203599378797705, -11.710543823242169 ], [ -76.204166666666623, -11.691666666666649 ], [ -76.196635945637979, -11.690931532118036 ], [ -76.195215861002566, -11.681173027886267 ], [ -76.192228190104132, -11.677083333333314 ], [ -76.195215861002566, -11.672993638780364 ], [ -76.196450805664028, -11.668673027886266 ], [ -76.200617472330691, -11.662969292534704 ], [ -76.199266899956555, -11.650981648763002 ], [ -76.191780598958303, -11.648841349283835 ], [ -76.186882527669241, -11.64213595920137 ], [ -76.188117472330688, -11.639506361219599 ], [ -76.191049194335903, -11.635493638780362 ], [ -76.192284138997366, -11.631173027886266 ], [ -76.196450805664028, -11.625469292534703 ], [ -76.194196234808985, -11.620669555664044 ], [ -76.185493638780343, -11.61311747233071 ], [ -76.179166666666632, -11.6125 ], [ -76.179519992404479, -11.610075547960051 ], [ -76.199646674262112, -11.589924452039911 ], [ -76.2, -11.5875 ], [ -76.200567287868893, -11.585289510091126 ], [ -76.203599378797705, -11.581377156575501 ], [ -76.205017428927917, -11.575850762261265 ], [ -76.210543823242148, -11.574432712131056 ], [ -76.215698920355862, -11.570437282986092 ], [ -76.21751742892792, -11.563350762261265 ], [ -76.223043823242151, -11.561932712131057 ], [ -76.226956176757781, -11.558900621202238 ], [ -76.229166666666629, -11.558333333333314 ], [ -76.229524739583297, -11.560790337456577 ], [ -76.235075547960037, -11.566313340928801 ], [ -76.25242445203989, -11.567019992404495 ], [ -76.25625, -11.570818752712654 ], [ -76.260786946614544, -11.566313340928801 ], [ -76.264958021375833, -11.567025756835918 ], [ -76.270480007595452, -11.572575547960049 ], [ -76.271186659071148, -11.57742445203991 ], [ -76.274646674262115, -11.580908881293382 ], [ -76.275, -11.583333333333314 ], [ -76.275719536675311, -11.590873209635397 ], [ -76.284091525607607, -11.592110527886266 ], [ -76.289583333333297, -11.588038804795987 ], [ -76.2936604817708, -11.591061740451369 ], [ -76.295833333333292, -11.591666666666647 ], [ -76.295833333333292, -11.5875 ], [ -76.299267578124969, -11.586439683702238 ], [ -76.300732421874969, -11.567726982964391 ], [ -76.307616509331567, -11.565601264105883 ], [ -76.309072875976526, -11.542367553710918 ], [ -76.349239434136251, -11.540966457790779 ], [ -76.350732421874966, -11.521893649631057 ], [ -76.356288994683126, -11.520177883572028 ], [ -76.365845404730862, -11.512048678927931 ], [ -76.366666666666632, -11.504166666666647 ], [ -76.369091118706564, -11.503813340928799 ], [ -76.372575547960039, -11.500353325737827 ], [ -76.375, -11.5 ], [ -76.375850762261251, -11.496684095594597 ], [ -76.379166666666634, -11.495833333333312 ], [ -76.378549194335903, -11.481173027886264 ], [ -76.375617472330688, -11.477160305447029 ], [ -76.374382527669241, -11.462030707465257 ], [ -76.378549194335903, -11.456326972113695 ], [ -76.379960801866289, -11.446627468532967 ], [ -76.389660305447009, -11.445215861002584 ], [ -76.394674682617151, -11.44155273437498 ], [ -76.396450805664031, -11.43533969455293 ], [ -76.399382527669232, -11.431326972113695 ], [ -76.400617472330694, -11.402006361219597 ], [ -76.403549194335909, -11.397993638780362 ], [ -76.404784138997357, -11.393673027886264 ], [ -76.411882527669235, -11.38549363878036 ], [ -76.413117472330697, -11.381173027886263 ], [ -76.420215861002575, -11.372993638780361 ], [ -76.420833333333292, -11.366666666666646 ], [ -76.42118665907114, -11.355908881293381 ], [ -76.428813340928784, -11.348257785373242 ], [ -76.429519992404479, -11.335075547960049 ], [ -76.435047403971325, -11.329520331488695 ], [ -76.4583333333333, -11.329166666666644 ], [ -76.458900621202218, -11.326956176757792 ], [ -76.461932712131045, -11.323043823242166 ], [ -76.463067287868896, -11.310289510091124 ], [ -76.470266045464371, -11.302210489908832 ], [ -76.471400621202221, -11.297789510091125 ], [ -76.474432712131048, -11.293877156575499 ], [ -76.475567287868884, -11.28675333658852 ], [ -76.471400621202221, -11.281377156575498 ], [ -76.470266045464371, -11.276956176757791 ], [ -76.466270616319406, -11.271801079644074 ], [ -76.458016628689208, -11.269682820638 ], [ -76.463419596354129, -11.263204277886263 ], [ -76.473043823242151, -11.261932712131054 ], [ -76.476956176757781, -11.258900621202235 ], [ -76.482482571072012, -11.257482571072027 ], [ -76.483900621202224, -11.25195617675779 ], [ -76.486932712131036, -11.248043823242165 ], [ -76.4875, -11.24583333333331 ], [ -76.483932834201354, -11.24491780598956 ], [ -76.482766045464373, -11.207396104600672 ], [ -76.491099378797713, -11.198043823242164 ], [ -76.491666666666632, -11.191666666666645 ], [ -76.49223395453555, -11.181122843424456 ], [ -76.500582885742148, -11.171752929687477 ], [ -76.507482571072018, -11.169982571072026 ], [ -76.508333333333297, -11.166666666666643 ], [ -76.504780748155355, -11.16575486924911 ], [ -76.503552585177914, -11.138411797417511 ], [ -76.49778951009111, -11.136932712131053 ], [ -76.489710489908816, -11.129733954535567 ], [ -76.4875, -11.129166666666643 ], [ -76.4875, -11.125 ], [ -76.488067287868887, -11.122789510091122 ], [ -76.491099378797713, -11.118877156575497 ], [ -76.49223395453555, -11.114456176757789 ], [ -76.495364718966982, -11.110416666666644 ], [ -76.49223395453555, -11.106377156575498 ], [ -76.491099378797713, -11.090816582573762 ], [ -76.496793280707436, -11.083989122178796 ], [ -76.511600409613678, -11.082672119140602 ], [ -76.5125, -11.079166666666643 ], [ -76.512853325737808, -11.072575547960046 ], [ -76.516313340928789, -11.069091118706574 ], [ -76.517019992404485, -11.060075547960047 ], [ -76.520480007595452, -11.056591118706574 ], [ -76.521186659071148, -11.051742214626712 ], [ -76.524646674262115, -11.04825778537324 ], [ -76.525353325737811, -11.043408881293379 ], [ -76.528813340928792, -11.039924452039907 ], [ -76.52916666666664, -11.03333333333331 ], [ -76.531591118706558, -11.032980007595462 ], [ -76.535075547960034, -11.02951999240449 ], [ -76.548257785373224, -11.028813340928796 ], [ -76.555908881293362, -11.021186659071157 ], [ -76.560757785373227, -11.020480007595463 ], [ -76.566308593749966, -11.014957004123239 ], [ -76.566666666666634, -11.0125 ], [ -76.575, -11.0125 ], [ -76.575353325737808, -10.997575547960045 ], [ -76.578813340928789, -10.994091118706573 ], [ -76.579519992404485, -10.989242214626712 ], [ -76.583319769965243, -10.985415649414039 ], [ -76.562853325737819, -10.964924452039906 ], [ -76.562146674262124, -10.960786946614558 ], [ -76.566313340928787, -10.956591118706573 ], [ -76.567019992404482, -10.943408881293378 ], [ -76.570480007595449, -10.939924452039905 ], [ -76.570833333333297, -10.925 ], [ -76.57140062120223, -10.918622843424455 ], [ -76.574432712131042, -10.914710489908829 ], [ -76.575567287868893, -10.889456176757788 ], [ -76.578599378797705, -10.885543823242163 ], [ -76.579733954535556, -10.876956176757787 ], [ -76.582766045464382, -10.873043823242163 ], [ -76.583900621202218, -10.856122843424455 ], [ -76.586932712131045, -10.852210489908829 ], [ -76.588067287868896, -10.839456176757787 ], [ -76.591099378797708, -10.835543823242162 ], [ -76.592233954535558, -10.831122843424453 ], [ -76.595266045464371, -10.827210489908829 ], [ -76.596684095594583, -10.821684265136692 ], [ -76.602210489908828, -10.820266045464384 ], [ -76.606122843424444, -10.817233954535565 ], [ -76.616666666666632, -10.816666666666642 ], [ -76.620172119140591, -10.815767076280355 ], [ -76.621400621202227, -10.801956176757788 ], [ -76.624432712131039, -10.798043823242162 ], [ -76.62556728786889, -10.789456176757787 ], [ -76.628599378797716, -10.785543823242161 ], [ -76.629166666666634, -10.783333333333307 ], [ -76.629166666666634, -10.775 ], [ -76.629519992404482, -10.768408881293377 ], [ -76.632980007595449, -10.764924452039905 ], [ -76.633686659071145, -10.755908881293376 ], [ -76.641313340928789, -10.748257785373237 ], [ -76.642019992404485, -10.743408881293377 ], [ -76.645480007595452, -10.739924452039904 ], [ -76.6458333333333, -10.733333333333308 ], [ -76.646400621202218, -10.731122843424453 ], [ -76.649432712131045, -10.727210489908828 ], [ -76.650567287868896, -10.714456176757785 ], [ -76.653599378797708, -10.710543823242162 ], [ -76.654733954535558, -10.706122843424453 ], [ -76.657766045464371, -10.702210489908827 ], [ -76.658900621202221, -10.685289510091119 ], [ -76.662896050347186, -10.680134412977404 ], [ -76.671097819010384, -10.678029547797282 ], [ -76.667233954535561, -10.67304382324216 ], [ -76.666099378797711, -10.668622843424453 ], [ -76.663067287868884, -10.664710489908828 ], [ -76.661932712131048, -10.660289510091118 ], [ -76.654733954535558, -10.652210489908827 ], [ -76.65416666666664, -10.65 ], [ -76.654519992404488, -10.643408881293375 ], [ -76.666313340928781, -10.63159111870657 ], [ -76.667019992404477, -10.626742214626709 ], [ -76.674646674262121, -10.619091118706571 ], [ -76.675353325737817, -10.605908881293376 ], [ -76.678813340928784, -10.602424452039903 ], [ -76.679519992404479, -10.597575547960043 ], [ -76.687146674262124, -10.589924452039902 ], [ -76.6875, -10.5875 ], [ -76.694091118706567, -10.58785332573782 ], [ -76.697575547960042, -10.591313340928792 ], [ -76.704166666666637, -10.59166666666664 ], [ -76.704166666666637, -10.5875 ], [ -76.704519992404485, -10.572575547960042 ], [ -76.707980007595452, -10.56909111870657 ], [ -76.708686659071148, -10.551742214626708 ], [ -76.712146674262115, -10.548257785373236 ], [ -76.712853325737811, -10.535075547960041 ], [ -76.716313340928792, -10.531591118706569 ], [ -76.717019992404488, -10.522575547960042 ], [ -76.724646674262118, -10.514924452039903 ], [ -76.725353325737814, -10.510075547960042 ], [ -76.728813340928781, -10.50659111870657 ], [ -76.729519992404477, -10.502453782823324 ], [ -76.725353325737814, -10.498257785373236 ], [ -76.724646674262118, -10.489242214626708 ], [ -76.720847913953961, -10.485416666666637 ], [ -76.724646674262118, -10.481591118706568 ], [ -76.725, -10.475 ], [ -76.731377156575491, -10.474432712131048 ], [ -76.743622843424447, -10.463067287868896 ], [ -76.769921535915771, -10.461885748969156 ], [ -76.7708333333333, -10.458333333333304 ], [ -76.773043823242162, -10.457766045464382 ], [ -76.782413736979137, -10.449417114257784 ], [ -76.784184095594583, -10.442517598470022 ], [ -76.789710489908828, -10.441099378797714 ], [ -76.799080403645803, -10.432750447591117 ], [ -76.8, -10.429166666666639 ], [ -76.8, -10.425 ], [ -76.800353325737817, -10.418408881293374 ], [ -76.803813340928784, -10.414924452039902 ], [ -76.804519992404479, -10.405908881293374 ], [ -76.807980007595461, -10.402424452039902 ], [ -76.808333333333309, -10.395833333333304 ], [ -76.820833333333297, -10.395833333333304 ], [ -76.823043823242159, -10.39526604546438 ], [ -76.826956176757776, -10.392233954535561 ], [ -76.831377156575485, -10.391099378797714 ], [ -76.835289510091116, -10.388067287868894 ], [ -76.839710489908825, -10.386932712131047 ], [ -76.843622843424441, -10.383900621202228 ], [ -76.848043823242151, -10.382766045464381 ], [ -76.856122843424444, -10.375567287868893 ], [ -76.861649237738689, -10.374149068196585 ], [ -76.8625, -10.370833333333305 ], [ -76.862853325737817, -10.368408881293373 ], [ -76.866313340928784, -10.364924452039901 ], [ -76.867019992404479, -10.355908881293374 ], [ -76.870480007595461, -10.352424452039902 ], [ -76.871186659071157, -10.347575547960041 ], [ -76.874646674262124, -10.344091118706569 ], [ -76.875353325737819, -10.339953782823322 ], [ -76.871186659071157, -10.335757785373234 ], [ -76.870480007595461, -10.331620449489987 ], [ -76.874985419379314, -10.327083333333304 ], [ -76.870847913953966, -10.322916666666638 ], [ -76.874646674262124, -10.319091118706567 ], [ -76.875353325737819, -10.314242214626706 ], [ -76.882980007595449, -10.306591118706567 ], [ -76.883333333333297, -10.304166666666637 ], [ -76.890767076280355, -10.303505452473928 ], [ -76.891666666666637, -10.3 ], [ -76.892233954535556, -10.297789510091116 ], [ -76.895266045464382, -10.293877156575491 ], [ -76.896400621202233, -10.289456176757783 ], [ -76.899432712131045, -10.285543823242158 ], [ -76.900567287868896, -10.281122843424448 ], [ -76.903599378797708, -10.277210489908825 ], [ -76.904875013563341, -10.267554050021671 ], [ -76.908333333333303, -10.266666666666637 ], [ -76.908333333333303, -10.2625 ], [ -76.908686659071151, -10.230908881293372 ], [ -76.912146674262118, -10.2274244520399 ], [ -76.9125, -10.220833333333303 ], [ -76.912146674262118, -10.180908881293373 ], [ -76.908686659071151, -10.177424452039901 ], [ -76.907980007595455, -10.169120449489986 ], [ -76.912146674262118, -10.1649244520399 ], [ -76.912853325737814, -10.135075547960039 ], [ -76.916313340928795, -10.131591118706567 ], [ -76.916666666666629, -10.116666666666635 ], [ -76.916666666666629, -10.1125 ], [ -76.919091118706561, -10.112146674262121 ], [ -76.935075547960039, -10.096186659071149 ], [ -76.945833333333297, -10.095833333333303 ], [ -76.949291653103273, -10.096720716688337 ], [ -76.950686306423577, -10.107278951009084 ], [ -76.954913330078099, -10.108900621202226 ], [ -76.960289510091116, -10.104733954535559 ], [ -76.9625, -10.104166666666636 ], [ -76.963067287868896, -10.089456176757782 ], [ -76.966099378797708, -10.085543823242157 ], [ -76.967233954535558, -10.081122843424447 ], [ -76.970266045464385, -10.077210489908822 ], [ -76.971400621202221, -10.06445617675778 ], [ -76.975396050347186, -10.059301079644065 ], [ -76.982326592339376, -10.05752241346568 ], [ -76.983900621202224, -10.053420003255177 ], [ -76.979733954535561, -10.048043823242155 ], [ -76.978599378797711, -10.032396104600663 ], [ -76.988082885742159, -10.021753099229569 ], [ -76.993877156575493, -10.020266045464378 ], [ -77.001956176757787, -10.013067287868891 ], [ -77.007672119140594, -10.011600409613683 ], [ -77.00890062120223, -9.997789510091113 ], [ -77.011932712131042, -9.993877156575488 ], [ -77.013067287868893, -9.989456176757781 ], [ -77.017062717013857, -9.984301079644066 ], [ -77.0208333333333, -9.983333333333301 ], [ -77.0208333333333, -9.97916666666665 ], [ -77.021400621202233, -9.956122843424463 ], [ -77.024432712131045, -9.952210489908838 ], [ -77.025887383354998, -9.946541680230018 ], [ -77.036612616644931, -9.945124986436616 ], [ -77.038067287868898, -9.939456176757796 ], [ -77.041204833984352, -9.935407850477414 ], [ -77.033795166015594, -9.927092149522553 ], [ -77.036932712131048, -9.923043823242171 ], [ -77.0375, -9.91666666666665 ], [ -77.039710489908828, -9.916099378797727 ], [ -77.043622843424444, -9.913067287868907 ], [ -77.048043823242153, -9.91193271213106 ], [ -77.053533935546852, -9.907354397243907 ], [ -77.054733954535564, -9.889456176757795 ], [ -77.057766045464376, -9.88554382324217 ], [ -77.058900621202227, -9.876956176757796 ], [ -77.061932712131053, -9.87304382324217 ], [ -77.06306728786889, -9.868622843424461 ], [ -77.071762424045104, -9.859036254882795 ], [ -77.081377156575485, -9.857766045464393 ], [ -77.090747070312474, -9.849417114257795 ], [ -77.09251742892792, -9.842517428927934 ], [ -77.095833333333303, -9.841666666666649 ], [ -77.1, -9.841666666666649 ], [ -77.102424452039898, -9.841313340928803 ], [ -77.105908881293374, -9.837853325737829 ], [ -77.110757785373238, -9.837146674262135 ], [ -77.114242214626714, -9.833686659071162 ], [ -77.122546386718724, -9.832980007595468 ], [ -77.126742214626702, -9.837146674262135 ], [ -77.13921305338539, -9.837853325737829 ], [ -77.143408881293368, -9.833686659071162 ], [ -77.152424452039895, -9.832980007595468 ], [ -77.160415988498229, -9.825013902452239 ], [ -77.164242214626711, -9.828813340928802 ], [ -77.175, -9.82916666666665 ], [ -77.175850931803353, -9.832482571072031 ], [ -77.181377156575493, -9.83390062120224 ], [ -77.185289510091124, -9.836932712131059 ], [ -77.1875, -9.8375 ], [ -77.189710489908819, -9.836932712131059 ], [ -77.19362284342445, -9.83390062120224 ], [ -77.207433742947018, -9.832672119140607 ], [ -77.2083333333333, -9.82916666666665 ], [ -77.209184265136685, -9.825850762261267 ], [ -77.214710489908825, -9.82443271213106 ], [ -77.22408023410371, -9.816083780924462 ], [ -77.22585093180335, -9.809184095594601 ], [ -77.231377156575491, -9.807766045464392 ], [ -77.235416666666637, -9.804635281032969 ], [ -77.239456176757784, -9.807766045464392 ], [ -77.241666666666646, -9.808333333333316 ], [ -77.241666666666646, -9.783333333333315 ], [ -77.242327880859349, -9.775899590386267 ], [ -77.245833333333309, -9.775 ], [ -77.245480007595461, -9.772575547960052 ], [ -77.237853325737817, -9.764924452039912 ], [ -77.237146674262121, -9.751742214626718 ], [ -77.233686659071154, -9.748257785373246 ], [ -77.232980007595458, -9.731620279947897 ], [ -77.237485419379311, -9.727083333333315 ], [ -77.233686659071154, -9.723257785373246 ], [ -77.232980007595458, -9.714242214626719 ], [ -77.229519992404491, -9.710757785373245 ], [ -77.229166666666643, -9.708333333333314 ], [ -77.231301710340688, -9.707690429687482 ], [ -77.235364956325924, -9.704809570312481 ], [ -77.239635043674014, -9.703523763020815 ], [ -77.24375, -9.700606282552066 ], [ -77.249124484591988, -9.704416910807273 ], [ -77.250744967990428, -9.6885301378038 ], [ -77.254166666666634, -9.6875 ], [ -77.254733954535567, -9.66862284342446 ], [ -77.266099378797719, -9.656377156575502 ], [ -77.267517598470022, -9.650850762261266 ], [ -77.2708333333333, -9.65 ], [ -77.2708333333333, -9.645833333333314 ], [ -77.271456909179662, -9.634242418077237 ], [ -77.278458150227834, -9.63244594997828 ], [ -77.279875183105446, -9.621720716688349 ], [ -77.286838785807262, -9.61993374294703 ], [ -77.288067287868898, -9.60612284342446 ], [ -77.291099378797711, -9.602210489908835 ], [ -77.292233954535561, -9.589456176757793 ], [ -77.296229214138421, -9.584301079644078 ], [ -77.30221048990883, -9.582766045464391 ], [ -77.307693990071584, -9.57819315592446 ], [ -77.308900621202227, -9.561753336588522 ], [ -77.304733954535564, -9.5563771565755 ], [ -77.303599378797713, -9.549253336588521 ], [ -77.307766045464376, -9.543877156575501 ], [ -77.309184265136693, -9.538350762261265 ], [ -77.3125, -9.5375 ], [ -77.3125, -9.533333333333314 ], [ -77.308068678114125, -9.532196044921855 ], [ -77.311932712131053, -9.527210489908834 ], [ -77.3125, -9.508333333333313 ], [ -77.312853325737819, -9.505908881293383 ], [ -77.316313340928787, -9.502424452039911 ], [ -77.316666666666634, -9.5 ], [ -77.317019992404482, -9.49757554796005 ], [ -77.320480007595464, -9.494091118706578 ], [ -77.321186659071159, -9.480908881293383 ], [ -77.324646674262127, -9.47742445203991 ], [ -77.325353325737822, -9.473283894856751 ], [ -77.314955139160134, -9.462857733832445 ], [ -77.310075547960039, -9.462146674262133 ], [ -77.3045247395833, -9.456623670789909 ], [ -77.304166666666646, -9.454166666666646 ], [ -77.304733954535564, -9.439456176757792 ], [ -77.313082885742162, -9.430086263020812 ], [ -77.320094638400576, -9.428287082248243 ], [ -77.32140062120223, -9.420086669921854 ], [ -77.317233954535567, -9.414710489908833 ], [ -77.316099378797716, -9.395086669921854 ], [ -77.321229214138427, -9.388467746310743 ], [ -77.328315734863253, -9.386649237738695 ], [ -77.329166666666637, -9.383333333333312 ], [ -77.329166666666637, -9.375 ], [ -77.329519992404485, -9.368408881293382 ], [ -77.332980007595452, -9.36492445203991 ], [ -77.333686659071148, -9.348286946614563 ], [ -77.329519992404485, -9.344091118706576 ], [ -77.328813340928789, -9.339242214626715 ], [ -77.325353325737822, -9.335757785373243 ], [ -77.324646674262127, -9.330908881293382 ], [ -77.321186659071159, -9.32742445203991 ], [ -77.320833333333312, -9.320833333333312 ], [ -77.320480007595464, -9.318408881293381 ], [ -77.317019992404482, -9.314924452039909 ], [ -77.316666666666634, -9.304166666666646 ], [ -77.320833333333312, -9.304166666666646 ], [ -77.327210489908822, -9.30359937879772 ], [ -77.331122843424453, -9.300567287868901 ], [ -77.352210489908828, -9.299432712131054 ], [ -77.356122843424458, -9.296400621202235 ], [ -77.360543823242153, -9.295266045464388 ], [ -77.364456176757784, -9.292233954535568 ], [ -77.368877156575493, -9.291099378797721 ], [ -77.372789510091124, -9.288067287868902 ], [ -77.385543823242159, -9.286932712131055 ], [ -77.38945617675779, -9.283900621202235 ], [ -77.393877156575499, -9.282766045464388 ], [ -77.401956176757778, -9.275567287868903 ], [ -77.407482401529919, -9.274149237738694 ], [ -77.408333333333303, -9.270833333333311 ], [ -77.410757785373235, -9.271186659071159 ], [ -77.414242214626711, -9.274646674262131 ], [ -77.435049777560735, -9.275353325737825 ], [ -77.447575547960042, -9.262853325737826 ], [ -77.455879550509962, -9.26214667426213 ], [ -77.460075547960045, -9.266313340928797 ], [ -77.464924452039909, -9.267019992404492 ], [ -77.468408881293371, -9.270480007595465 ], [ -77.476712883843291, -9.271186659071159 ], [ -77.480908881293374, -9.267019992404492 ], [ -77.483333333333306, -9.266666666666644 ], [ -77.484072875976537, -9.254867553710916 ], [ -77.504166666666634, -9.254166666666645 ], [ -77.506377156575496, -9.253599378797722 ], [ -77.511532253689211, -9.249603949652755 ], [ -77.513350931803359, -9.242517428927929 ], [ -77.516666666666637, -9.241666666666644 ], [ -77.51723395453557, -9.218622843424457 ], [ -77.520364549424883, -9.21458333333331 ], [ -77.516465250651009, -9.209552001953103 ], [ -77.517512342664901, -9.20488077799477 ], [ -77.528279283311605, -9.203458319769943 ], [ -77.52916666666664, -9.2 ], [ -77.528813340928792, -9.160075547960046 ], [ -77.521186659071148, -9.152424452039908 ], [ -77.520480007595467, -9.143408881293379 ], [ -77.517019992404485, -9.139924452039907 ], [ -77.516313340928789, -9.135075547960046 ], [ -77.510790167914465, -9.12952473958331 ], [ -77.505908881293379, -9.128813340928797 ], [ -77.496191067165768, -9.119121636284699 ], [ -77.495480007595461, -9.114242214626714 ], [ -77.492019992404494, -9.110757785373242 ], [ -77.491666666666646, -9.1 ], [ -77.492579989963076, -9.096440972222199 ], [ -77.523043823242162, -9.095266045464387 ], [ -77.528198920355877, -9.09127061631942 ], [ -77.530046420627144, -9.084072197808137 ], [ -77.538246663411428, -9.082766045464385 ], [ -77.543622843424458, -9.086932712131052 ], [ -77.546579996744768, -9.088067287868899 ], [ -77.551956176757784, -9.083900621202233 ], [ -77.559079996744771, -9.082766045464385 ], [ -77.564456176757787, -9.086932712131052 ], [ -77.575, -9.0875 ], [ -77.575567287868893, -9.081122843424456 ], [ -77.582766045464382, -9.073043823242164 ], [ -77.583900621202233, -9.068622843424455 ], [ -77.586932712131045, -9.06471048990883 ], [ -77.588067287868896, -9.047789510091121 ], [ -77.591099378797722, -9.043877156575498 ], [ -77.592233954535558, -9.040678575303795 ], [ -77.57973395453557, -9.02721048990883 ], [ -77.578599378797719, -9.022789510091123 ], [ -77.575468783908391, -9.01875 ], [ -77.578599378797719, -9.014710489908829 ], [ -77.57973395453557, -9.006122843424455 ], [ -77.582766045464382, -9.00221048990883 ], [ -77.584232923719597, -8.996494547526018 ], [ -77.598043823242165, -8.995266045464385 ], [ -77.602083333333312, -8.992135281032962 ], [ -77.60625, -8.995364718966989 ], [ -77.610289510091121, -8.992233954535566 ], [ -77.6125, -8.991666666666642 ], [ -77.612853325737817, -8.989242214626712 ], [ -77.616313340928798, -8.98575778537324 ], [ -77.617019992404494, -8.972575547960044 ], [ -77.620480007595461, -8.969091118706572 ], [ -77.620833333333309, -8.958333333333309 ], [ -77.614242214626714, -8.957980007595461 ], [ -77.608691406249974, -8.952457004123239 ], [ -77.607980007595458, -8.947575547960046 ], [ -77.604519992404491, -8.944091118706574 ], [ -77.604166666666643, -8.941666666666642 ], [ -77.589242214626708, -8.941313340928794 ], [ -77.583691406249969, -8.935790337456572 ], [ -77.582980007595467, -8.930908881293378 ], [ -77.579519992404485, -8.927424452039906 ], [ -77.578813340928789, -8.923286946614558 ], [ -77.582980007595467, -8.919091118706572 ], [ -77.583686659071162, -8.914953613281225 ], [ -77.579519992404485, -8.910757785373239 ], [ -77.578813340928789, -8.905908881293378 ], [ -77.575353325737822, -8.902424452039906 ], [ -77.575, -8.891666666666641 ], [ -77.577210489908822, -8.891099378797719 ], [ -77.581122843424453, -8.888067287868898 ], [ -77.585543823242162, -8.886932712131051 ], [ -77.589456176757793, -8.883900621202232 ], [ -77.593877156575502, -8.882766045464384 ], [ -77.597789510091118, -8.879733954535565 ], [ -77.603505452473939, -8.878267076280357 ], [ -77.604166666666643, -8.870833333333309 ], [ -77.601742214626711, -8.870480007595461 ], [ -77.596187845865856, -8.864953274197024 ], [ -77.595480007595455, -8.848286946614557 ], [ -77.599646674262132, -8.844091118706572 ], [ -77.600353325737828, -8.839951070149715 ], [ -77.592019992404488, -8.831591118706571 ], [ -77.591313340928792, -8.82674221462671 ], [ -77.587853325737825, -8.823257785373238 ], [ -77.587146674262129, -8.818408881293378 ], [ -77.583686659071162, -8.814924452039905 ], [ -77.582980007595467, -8.810787116156659 ], [ -77.587146674262129, -8.806591118706571 ], [ -77.587853325737825, -8.797575547960044 ], [ -77.591652086045983, -8.79375 ], [ -77.587853325737825, -8.789924452039905 ], [ -77.587146674262129, -8.780908881293376 ], [ -77.583686659071162, -8.777424452039904 ], [ -77.583333333333314, -8.766666666666641 ], [ -77.585757785373232, -8.766313340928793 ], [ -77.591311815049892, -8.760787116156658 ], [ -77.59166666666664, -8.754166666666642 ], [ -77.593877156575502, -8.753599378797716 ], [ -77.601956176757781, -8.74640062120223 ], [ -77.604913330078105, -8.745266045464383 ], [ -77.610289510091121, -8.74943271213105 ], [ -77.617413330078094, -8.750567287868897 ], [ -77.624032253689208, -8.745437452528186 ], [ -77.625850931803356, -8.738350931803359 ], [ -77.631377156575496, -8.73693271213105 ], [ -77.635289510091127, -8.733900621202231 ], [ -77.639710489908822, -8.732766045464384 ], [ -77.647789510091116, -8.725567287868898 ], [ -77.652210489908825, -8.724432712131049 ], [ -77.657365587022539, -8.720437452528186 ], [ -77.659184265136687, -8.713350931803358 ], [ -77.6625, -8.7125 ], [ -77.663161214192684, -8.705066257052925 ], [ -77.668877156575491, -8.703599378797716 ], [ -77.674295722113698, -8.699080573187906 ], [ -77.675567287868901, -8.689456176757787 ], [ -77.680086093478707, -8.684037611219591 ], [ -77.689710489908833, -8.682766045464383 ], [ -77.706122843424453, -8.667233954535563 ], [ -77.710543823242162, -8.666099378797716 ], [ -77.719913567437047, -8.65775044759112 ], [ -77.720833333333303, -8.65416666666664 ], [ -77.721186659071151, -8.65174221462671 ], [ -77.724646674262132, -8.648257785373236 ], [ -77.725, -8.645833333333307 ], [ -77.71666666666664, -8.645833333333307 ], [ -77.716313340928792, -8.639242214626709 ], [ -77.704519992404485, -8.627424452039904 ], [ -77.703813340928789, -8.619120449489991 ], [ -77.707980007595467, -8.614924452039903 ], [ -77.708686659071162, -8.610784403483045 ], [ -77.700353325737822, -8.602424452039903 ], [ -77.7, -8.6 ], [ -77.700353325737822, -8.597575547960043 ], [ -77.707980007595467, -8.589924452039902 ], [ -77.708333333333314, -8.583333333333306 ], [ -77.697575547960042, -8.582980007595459 ], [ -77.694091118706567, -8.579519992404487 ], [ -77.691666666666649, -8.579166666666639 ], [ -77.692233954535567, -8.560289510091119 ], [ -77.704812452528188, -8.546736823187906 ], [ -77.711826239691817, -8.544936964246935 ], [ -77.713067287868896, -8.532586669921848 ], [ -77.708802117241731, -8.527083333333305 ], [ -77.711932712131045, -8.52304382324216 ], [ -77.713067287868896, -8.520086669921847 ], [ -77.708900621202233, -8.514710489908826 ], [ -77.707766045464382, -8.511562771267332 ], [ -77.716099378797722, -8.502210489908826 ], [ -77.717233954535573, -8.493622843424451 ], [ -77.724432712131048, -8.485543823242159 ], [ -77.725899590386263, -8.479827880859347 ], [ -77.733333333333306, -8.479166666666639 ], [ -77.7375, -8.479166666666639 ], [ -77.738067287868901, -8.46862284342445 ], [ -77.741099378797713, -8.464710489908825 ], [ -77.74251759847003, -8.45918426513669 ], [ -77.749604119194856, -8.45736558702254 ], [ -77.753599378797716, -8.452210489908826 ], [ -77.755134412977412, -8.446229214138427 ], [ -77.760289510091127, -8.442233954535562 ], [ -77.766931321885821, -8.440529547797281 ], [ -77.763067287868893, -8.43554382324216 ], [ -77.761791483561169, -8.425887383355006 ], [ -77.758333333333312, -8.425 ], [ -77.757980007595464, -8.42257554796004 ], [ -77.754519992404497, -8.419091118706568 ], [ -77.754166666666649, -8.416666666666638 ], [ -77.75478430853947, -8.41450653076169 ], [ -77.757715691460476, -8.410493469238252 ], [ -77.759127468532967, -8.400794135199623 ], [ -77.769861687554226, -8.399231804741724 ], [ -77.771450975206136, -8.393673197428356 ], [ -77.782715691460481, -8.381326802571586 ], [ -77.783333333333303, -8.379166666666638 ], [ -77.782975260416649, -8.376709832085474 ], [ -77.777424452039909, -8.371186659071151 ], [ -77.775, -8.370833333333305 ], [ -77.764242214626705, -8.370480007595457 ], [ -77.760757785373244, -8.367019992404485 ], [ -77.747575547960039, -8.366313340928791 ], [ -77.742024739583314, -8.360790167914468 ], [ -77.741666666666646, -8.358333333333304 ], [ -77.742233954535564, -8.356122843424449 ], [ -77.757766045464379, -8.339710489908825 ], [ -77.75890062120223, -8.331122843424449 ], [ -77.762038167317684, -8.327074517144068 ], [ -77.754620700412303, -8.31875 ], [ -77.761932712131056, -8.310543823242158 ], [ -77.763067287868893, -8.301214938693548 ], [ -77.75612284342445, -8.299432712131047 ], [ -77.750655958387568, -8.294873555501272 ], [ -77.75, -8.2875 ], [ -77.75, -8.283333333333303 ], [ -77.749645148383223, -8.276712883843286 ], [ -77.744091118706578, -8.271186659071152 ], [ -77.739242214626714, -8.270480007595456 ], [ -77.735757785373238, -8.267019992404483 ], [ -77.730908881293374, -8.266313340928789 ], [ -77.727424452039912, -8.262853325737817 ], [ -77.725, -8.2625 ], [ -77.725, -8.258333333333303 ], [ -77.725567287868898, -8.25612284342445 ], [ -77.728599378797725, -8.252210489908824 ], [ -77.729733954535561, -8.247789510091115 ], [ -77.73693271213105, -8.239710489908823 ], [ -77.738067287868901, -8.222789510091115 ], [ -77.741099378797713, -8.218877156575491 ], [ -77.742233954535564, -8.206122843424449 ], [ -77.74526604546439, -8.202210489908824 ], [ -77.746684265136693, -8.196684265136689 ], [ -77.75, -8.195833333333303 ], [ -77.750353325737819, -8.189242214626706 ], [ -77.753813340928801, -8.185757785373234 ], [ -77.754519992404497, -8.180908881293373 ], [ -77.757980007595464, -8.177424452039901 ], [ -77.758333333333312, -8.170833333333302 ], [ -77.769091118706569, -8.170480007595454 ], [ -77.774641079372799, -8.164957851833737 ], [ -77.775353325737825, -8.160783555772539 ], [ -77.762853325737822, -8.148257785373232 ], [ -77.7625, -8.129166666666634 ], [ -77.751956176757787, -8.128599378797713 ], [ -77.74804382324217, -8.125567287868893 ], [ -77.743622843424461, -8.124432712131046 ], [ -77.73751322428383, -8.119337632920976 ], [ -77.741099378797713, -8.114710489908823 ], [ -77.742233954535564, -8.110289510091114 ], [ -77.74526604546439, -8.106377156575491 ], [ -77.74644758436412, -8.080078294542069 ], [ -77.75, -8.079166666666636 ], [ -77.756377156575496, -8.078599378797712 ], [ -77.760289510091127, -8.075567287868893 ], [ -77.763246663411437, -8.074432712131046 ], [ -77.768622843424453, -8.078599378797712 ], [ -77.785543823242165, -8.079733954535559 ], [ -77.790529547797291, -8.083597988552485 ], [ -77.792233954535561, -8.076956176757781 ], [ -77.800961642795116, -8.067333814832867 ], [ -77.813246663411434, -8.066099378797711 ], [ -77.81862284342445, -8.070266045464379 ], [ -77.823043823242159, -8.071400621202226 ], [ -77.82695617675779, -8.074432712131046 ], [ -77.843877156575502, -8.075567287868893 ], [ -77.848781331380181, -8.07936808268226 ], [ -77.853501553005614, -8.078309970431826 ], [ -77.854166666666643, -8.070833333333301 ], [ -77.857672119140602, -8.069933742947017 ], [ -77.858333333333306, -8.0625 ], [ -77.860757785373238, -8.06214667426212 ], [ -77.868749321831572, -8.054180569118891 ], [ -77.872575547960054, -8.057980007595454 ], [ -77.877424452039904, -8.058686659071149 ], [ -77.880908881293379, -8.06214667426212 ], [ -77.883333333333312, -8.0625 ], [ -77.8875, -8.0625 ], [ -77.898257785373247, -8.06214667426212 ], [ -77.901742214626708, -8.058686659071149 ], [ -77.9125, -8.058333333333318 ], [ -77.915815734863259, -8.057482571072033 ], [ -77.917517598470027, -8.05085076226127 ], [ -77.924149068196598, -8.0491492377387 ], [ -77.925, -8.045833333333317 ], [ -77.92721048990883, -8.046400621202242 ], [ -77.931122843424461, -8.049432712131061 ], [ -77.948043823242159, -8.050567287868908 ], [ -77.953029547797286, -8.054431152343735 ], [ -77.954166666666652, -8.05 ], [ -77.957406955295113, -8.049073621961789 ], [ -77.958950975206136, -8.043673027886268 ], [ -77.961882358127141, -8.039660305447033 ], [ -77.963117641872813, -8.027006361219602 ], [ -77.966049024793818, -8.022993638780367 ], [ -77.967460801866295, -8.013294135199637 ], [ -77.978372531466988, -8.01170586480033 ], [ -77.979784308539479, -8.002006361219602 ], [ -77.982715691460484, -7.997993638780366 ], [ -77.983950975206142, -7.993673027886269 ], [ -77.986882358127147, -7.989660305447032 ], [ -77.988712565104152, -7.983258734809011 ], [ -77.993673197428365, -7.986882527669255 ], [ -78.000469122992598, -7.988117472330713 ], [ -78.006173197428367, -7.983950805664046 ], [ -78.008333333333297, -7.983333333333301 ], [ -78.010757785373229, -7.983686659071148 ], [ -78.026742214626694, -7.99964667426212 ], [ -78.0375, -8.0 ], [ -78.039924452039898, -8.000353325737816 ], [ -78.047575547960037, -8.007980007595453 ], [ -78.058333333333294, -8.008333333333301 ], [ -78.058900621202213, -8.00195617675778 ], [ -78.067606947157074, -7.992357550726965 ], [ -78.077951727973058, -7.991099378797711 ], [ -78.079733954535556, -7.998043823242155 ], [ -78.086932712131045, -8.006122843424446 ], [ -78.0875, -8.008333333333301 ], [ -78.089710489908811, -8.007766045464377 ], [ -78.093622843424441, -8.004733954535558 ], [ -78.099149237738672, -8.00331573486325 ], [ -78.100567287868884, -7.997789510091113 ], [ -78.107766045464373, -7.989710489908822 ], [ -78.109220716688327, -7.984041849772103 ], [ -78.118877156575479, -7.982766045464377 ], [ -78.122916666666626, -7.979635450575055 ], [ -78.126956176757773, -7.982766045464377 ], [ -78.135543823242145, -7.983900621202224 ], [ -78.139456176757776, -7.986932712131044 ], [ -78.142654758029479, -7.988067287868891 ], [ -78.156122843424441, -7.975567287868891 ], [ -78.160543823242151, -7.974432712131044 ], [ -78.164456176757781, -7.971400621202225 ], [ -78.194919840494748, -7.970225863986513 ], [ -78.195833333333297, -7.966666666666651 ], [ -78.198257785373229, -7.967019992404482 ], [ -78.205908881293368, -7.974646674262121 ], [ -78.222546386718719, -7.975353325737815 ], [ -78.226742214626697, -7.971186659071148 ], [ -78.239924452039901, -7.970480007595453 ], [ -78.24375, -7.966681247287294 ], [ -78.247575547960039, -7.970480007595453 ], [ -78.25, -7.970833333333317 ], [ -78.25, -7.9625 ], [ -78.253272162543368, -7.961729261610227 ], [ -78.254696316189197, -7.957250298394081 ], [ -78.246362982855871, -7.948081461588525 ], [ -78.245303683810732, -7.932392713758664 ], [ -78.249470350477395, -7.927248128255192 ], [ -78.250529649522534, -7.922751871744775 ], [ -78.253637017144058, -7.918914794921858 ], [ -78.254696316189197, -7.910251871744775 ], [ -78.257937282986077, -7.90625 ], [ -78.254562717013854, -7.902083333333316 ], [ -78.257803683810721, -7.898081461588525 ], [ -78.258862982855874, -7.894892713758663 ], [ -78.254696316189197, -7.889748128255191 ], [ -78.253637017144058, -7.86441853841144 ], [ -78.250529649522534, -7.860581461588525 ], [ -78.249470350477395, -7.844892713758663 ], [ -78.253637017144058, -7.839748128255192 ], [ -78.254696316189197, -7.831085205078107 ], [ -78.270303683810724, -7.814748128255191 ], [ -78.2708333333333, -7.8 ], [ -78.270480007595452, -7.785075547960052 ], [ -78.262853325737808, -7.777424452039913 ], [ -78.2625, -7.754166666666649 ], [ -78.269091118706555, -7.753813340928801 ], [ -78.274641927083294, -7.748290337456579 ], [ -78.275353325737811, -7.743408881293385 ], [ -78.278813340928778, -7.739924452039912 ], [ -78.279519992404474, -7.735075547960051 ], [ -78.283318752712631, -7.73125 ], [ -78.279519992404474, -7.727424452039912 ], [ -78.279166666666626, -7.7125 ], [ -78.282482571072009, -7.711649237738697 ], [ -78.283333333333303, -7.708333333333314 ], [ -78.284220716688338, -7.704875013563349 ], [ -78.293877156575491, -7.703599378797724 ], [ -78.299032253689205, -7.69960394965276 ], [ -78.3, -7.695833333333315 ], [ -78.310757785373227, -7.696186659071162 ], [ -78.314583333333303, -7.699985419379322 ], [ -78.318408881293365, -7.696186659071162 ], [ -78.329166666666637, -7.695833333333315 ], [ -78.329784138997354, -7.693673027886266 ], [ -78.333447265624969, -7.688658650716127 ], [ -78.339660305447012, -7.686882527669252 ], [ -78.344971720377572, -7.68300238715276 ], [ -78.346635945637985, -7.671568467881926 ], [ -78.354166666666629, -7.670833333333315 ], [ -78.357624986436591, -7.669945949978279 ], [ -78.358900621202224, -7.660289510091127 ], [ -78.361932712131036, -7.656377156575502 ], [ -78.3625, -7.641666666666648 ], [ -78.373257785373227, -7.6413133409288 ], [ -78.376742214626702, -7.637853325737828 ], [ -78.379166666666634, -7.6375 ], [ -78.379519992404482, -7.63507554796005 ], [ -78.382980007595449, -7.631591118706578 ], [ -78.383333333333297, -7.629166666666647 ], [ -78.375697835286417, -7.628387790256057 ], [ -78.374357096354132, -7.597865125868037 ], [ -78.371476236979134, -7.593801540798592 ], [ -78.370190429687469, -7.589531792534703 ], [ -78.363142903645794, -7.581301540798592 ], [ -78.361857096354129, -7.577031792534703 ], [ -78.358976236979132, -7.572968207465259 ], [ -78.357690429687466, -7.56869845920137 ], [ -78.354809570312469, -7.564634874131925 ], [ -78.353523763020803, -7.562178209092862 ], [ -78.357690429687466, -7.556301540798591 ], [ -78.359131198459167, -7.546847534179667 ], [ -78.3625, -7.545833333333313 ], [ -78.361932712131036, -7.543622843424459 ], [ -78.358900621202224, -7.539710489908835 ], [ -78.357766045464373, -7.526956176757793 ], [ -78.350567287868884, -7.518877156575501 ], [ -78.349149237738686, -7.513350762261265 ], [ -78.343622843424441, -7.511932712131056 ], [ -78.339710489908825, -7.508900621202237 ], [ -78.325899590386243, -7.507672119140604 ], [ -78.325, -7.504166666666647 ], [ -78.325850762261254, -7.500850762261265 ], [ -78.331377156575485, -7.499432712131056 ], [ -78.336532253689199, -7.49543728298609 ], [ -78.338067287868881, -7.489456176757792 ], [ -78.341099378797708, -7.485543823242168 ], [ -78.342233954535558, -7.481122843424458 ], [ -78.349432712131048, -7.473043823242167 ], [ -78.350567287868884, -7.440920003255188 ], [ -78.346400621202221, -7.435543823242167 ], [ -78.345266045464371, -7.431122843424459 ], [ -78.342233954535558, -7.427210489908834 ], [ -78.341099378797708, -7.418622843424458 ], [ -78.338067287868881, -7.414710489908833 ], [ -78.3375, -7.4125 ], [ -78.341043090820278, -7.411590915256056 ], [ -78.341666666666626, -7.4 ], [ -78.356591118706561, -7.399646674262131 ], [ -78.368408881293362, -7.387853325737826 ], [ -78.370833333333294, -7.3875 ], [ -78.371186659071142, -7.385075547960049 ], [ -78.376709662543362, -7.379524739583312 ], [ -78.379166666666634, -7.379166666666645 ], [ -78.379827880859338, -7.371732923719597 ], [ -78.383333333333297, -7.370833333333312 ], [ -78.382980007595449, -7.368408881293382 ], [ -78.379519992404482, -7.36492445203991 ], [ -78.379166666666634, -7.3625 ], [ -78.375850762261251, -7.361649237738694 ], [ -78.374432712131039, -7.356122843424458 ], [ -78.365737575954824, -7.346536254882791 ], [ -78.355054050021664, -7.345124986436611 ], [ -78.354166666666629, -7.341666666666645 ], [ -78.354519992404477, -7.339242214626715 ], [ -78.357980007595444, -7.335757785373243 ], [ -78.358333333333292, -7.329166666666645 ], [ -78.358976236979132, -7.327031792534701 ], [ -78.379718356662295, -7.305035061306402 ], [ -78.389634874131914, -7.303523763020811 ], [ -78.397865125868023, -7.296476236979145 ], [ -78.407319132486947, -7.295035468207443 ], [ -78.409371270073748, -7.288218858506923 ], [ -78.428391859266455, -7.28676079644095 ], [ -78.429166666666632, -7.279166666666645 ], [ -78.435757785373227, -7.278813340928798 ], [ -78.439242214626702, -7.275353325737825 ], [ -78.448257785373229, -7.274646674262131 ], [ -78.451742214626705, -7.271186659071159 ], [ -78.454166666666637, -7.270833333333311 ], [ -78.454733954535556, -7.256122843424457 ], [ -78.457766045464382, -7.252210489908832 ], [ -78.459220716688336, -7.246541680230012 ], [ -78.468877156575488, -7.245266045464387 ], [ -78.472789510091118, -7.242233954535568 ], [ -78.485543823242153, -7.24109937879772 ], [ -78.493622843424447, -7.233900621202235 ], [ -78.498043823242156, -7.232766045464388 ], [ -78.501956176757773, -7.229733954535568 ], [ -78.506377156575482, -7.228599378797721 ], [ -78.514456176757776, -7.221400621202235 ], [ -78.53242763943139, -7.220195515950499 ], [ -78.533333333333303, -7.216666666666644 ], [ -78.539924452039898, -7.216313340928798 ], [ -78.553808932834173, -7.20245429144963 ], [ -78.554519992404479, -7.197575547960047 ], [ -78.564213731553792, -7.187855360243033 ], [ -78.573257785373229, -7.18714667426213 ], [ -78.576742214626705, -7.183686659071158 ], [ -78.579166666666637, -7.18333333333331 ], [ -78.581591118706569, -7.182980007595464 ], [ -78.585075547960031, -7.179519992404491 ], [ -78.589924452039895, -7.178813340928796 ], [ -78.595475260416634, -7.173290337456574 ], [ -78.596186659071151, -7.16840888129338 ], [ -78.599646674262118, -7.164924452039908 ], [ -78.600353325737814, -7.160075547960046 ], [ -78.607980007595458, -7.152424452039908 ], [ -78.608333333333306, -7.15 ], [ -78.609184095594586, -7.146684095594595 ], [ -78.614710489908816, -7.145266045464387 ], [ -78.618622843424447, -7.142233954535567 ], [ -78.624303181966113, -7.140776231553796 ], [ -78.62556728786889, -7.13038160536022 ], [ -78.617327880859335, -7.128267076280359 ], [ -78.616666666666632, -7.12083333333331 ], [ -78.616313340928784, -7.105908881293379 ], [ -78.612853325737817, -7.102424452039907 ], [ -78.612146674262121, -7.080908881293379 ], [ -78.608686659071154, -7.077424452039907 ], [ -78.608333333333306, -7.066666666666643 ], [ -78.607766045464373, -7.064456176757789 ], [ -78.604733954535561, -7.060543823242163 ], [ -78.603458319769928, -7.050887383355011 ], [ -78.597789510091118, -7.049432712131052 ], [ -78.57982076009111, -7.032352362738692 ], [ -78.578599378797705, -7.018622843424455 ], [ -78.565733506944412, -7.00486924913192 ], [ -78.556122843424447, -7.003599378797719 ], [ -78.550967746310732, -6.999603949652753 ], [ -78.549090915256045, -6.992290242512997 ], [ -78.526956176757778, -6.991099378797719 ], [ -78.518877156575485, -6.983900621202233 ], [ -78.505066257052917, -6.9826721191406 ], [ -78.504166666666634, -6.979166666666643 ], [ -78.504519992404482, -6.968408881293378 ], [ -78.507980007595449, -6.964924452039906 ], [ -78.508333333333297, -6.9625 ], [ -78.509220716688333, -6.95904168023001 ], [ -78.518877156575485, -6.957766045464385 ], [ -78.524032253689199, -6.95377061631942 ], [ -78.525567287868896, -6.947789510091122 ], [ -78.528599378797708, -6.943877156575496 ], [ -78.529733954535558, -6.939456176757788 ], [ -78.533729383680523, -6.934301079644072 ], [ -78.539710489908828, -6.932766045464385 ], [ -78.543622843424444, -6.929733954535566 ], [ -78.552210489908816, -6.928599378797719 ], [ -78.556122843424447, -6.925567287868899 ], [ -78.564710489908819, -6.924432712131052 ], [ -78.56862284342445, -6.921400621202232 ], [ -78.574291653103259, -6.919945949978274 ], [ -78.575567287868893, -6.910289510091121 ], [ -78.578599378797705, -6.906377156575497 ], [ -78.579733954535556, -6.901956176757787 ], [ -78.583510674370629, -6.897083197699628 ], [ -78.588246663411425, -6.895266045464385 ], [ -78.59375, -6.899531385633656 ], [ -78.597789510091118, -6.896400621202232 ], [ -78.603315904405349, -6.894982571072024 ], [ -78.604166666666629, -6.891666666666642 ], [ -78.603813340928781, -6.88924221462671 ], [ -78.600353325737814, -6.885757785373238 ], [ -78.599646674262118, -6.86911756727428 ], [ -78.607980007595458, -6.860757785373238 ], [ -78.608686659071154, -6.855908881293377 ], [ -78.614209662543374, -6.850358072916642 ], [ -78.616666666666632, -6.85 ], [ -78.616099378797713, -6.843622843424454 ], [ -78.613067287868887, -6.839710489908828 ], [ -78.61193271213105, -6.830381605360218 ], [ -78.618877156575493, -6.828599378797717 ], [ -78.624032253689208, -6.824604119194853 ], [ -78.62556728786889, -6.818622843424453 ], [ -78.632766045464379, -6.810543823242162 ], [ -78.633333333333297, -6.808333333333308 ], [ -78.629875013563336, -6.807445949978273 ], [ -78.628599378797716, -6.797789510091119 ], [ -78.62556728786889, -6.793877156575495 ], [ -78.625, -6.791666666666641 ], [ -78.627210489908819, -6.791099378797718 ], [ -78.63112284342445, -6.788067287868898 ], [ -78.636838785807257, -6.78660040961369 ], [ -78.6375, -6.77916666666664 ], [ -78.639924452039892, -6.778813340928794 ], [ -78.643408881293368, -6.775353325737822 ], [ -78.656591118706558, -6.774646674262127 ], [ -78.664242214626697, -6.767019992404488 ], [ -78.669091118706561, -6.766313340928793 ], [ -78.672575547960037, -6.76285332573782 ], [ -78.679166666666632, -6.7625 ], [ -78.679519992404479, -6.760075547960043 ], [ -78.687146674262124, -6.752424452039905 ], [ -78.6875, -6.75 ], [ -78.6875, -6.745833333333307 ], [ -78.685339694552923, -6.745215691460477 ], [ -78.677160305447018, -6.738117641872804 ], [ -78.667401801215249, -6.736697387695286 ], [ -78.666666666666629, -6.72916666666664 ], [ -78.654949273003439, -6.728462049696154 ], [ -78.653536309136257, -6.716270446777317 ], [ -78.65770297580292, -6.710480923122804 ], [ -78.658963690863686, -6.70618574354381 ], [ -78.662529161241281, -6.701231214735216 ], [ -78.65511203342011, -6.699054633246501 ], [ -78.653536309136257, -6.69368574354381 ], [ -78.650630357530346, -6.68964758978947 ], [ -78.65, -6.683333333333307 ], [ -78.653458319769939, -6.682445949978272 ], [ -78.654733954535558, -6.672789510091119 ], [ -78.657766045464371, -6.668877156575494 ], [ -78.659232923719586, -6.663161214192682 ], [ -78.666666666666629, -6.6625 ], [ -78.673043823242153, -6.661932712131049 ], [ -78.676956176757784, -6.65890062120223 ], [ -78.682482571072015, -6.657482401529921 ], [ -78.684184095594588, -6.650850931803358 ], [ -78.689710489908819, -6.649432712131049 ], [ -78.69362284342445, -6.64640062120223 ], [ -78.702210489908822, -6.645266045464383 ], [ -78.706122843424453, -6.642233954535563 ], [ -78.710543823242162, -6.641099378797716 ], [ -78.718622843424441, -6.63390062120223 ], [ -78.724149237738686, -6.632482401529921 ], [ -78.725567287868898, -6.626956176757785 ], [ -78.734306165907086, -6.617321438259522 ], [ -78.749100409613689, -6.616005452473932 ], [ -78.750899590386254, -6.608994547526015 ], [ -78.758333333333297, -6.608333333333306 ], [ -78.75890062120223, -6.597789510091118 ], [ -78.761932712131042, -6.593877156575493 ], [ -78.763067287868893, -6.589456176757785 ], [ -78.771179877387127, -6.580351426866292 ], [ -78.775746663411425, -6.578599378797716 ], [ -78.782196044921847, -6.58359798855249 ], [ -78.783900621202221, -6.576956176757784 ], [ -78.786932712131048, -6.57304382324216 ], [ -78.788067287868898, -6.560289510091119 ], [ -78.792062717013863, -6.555134412977402 ], [ -78.798043823242153, -6.553599378797715 ], [ -78.8020833333333, -6.550468783908393 ], [ -78.80625, -6.553697882758218 ], [ -78.811532253689208, -6.549604119194851 ], [ -78.81306728786889, -6.543622843424451 ], [ -78.820266045464379, -6.535543823242159 ], [ -78.820833333333297, -6.529166666666638 ], [ -78.821720716688333, -6.525708516438774 ], [ -78.831377156575485, -6.524432712131048 ], [ -78.835416666666632, -6.521302117241726 ], [ -78.839583333333309, -6.524531216091551 ], [ -78.843622843424441, -6.521400621202229 ], [ -78.860543823242153, -6.520266045464382 ], [ -78.864456176757784, -6.517233954535563 ], [ -78.867413330078094, -6.516099378797716 ], [ -78.87278951009111, -6.520266045464382 ], [ -78.877210489908819, -6.521400621202229 ], [ -78.88112284342445, -6.524432712131048 ], [ -78.8958333333333, -6.525 ], [ -78.90416666666664, -6.525 ], [ -78.906377156575488, -6.524432712131048 ], [ -78.910289510091118, -6.521400621202229 ], [ -78.915815904405349, -6.519982401529919 ], [ -78.917233954535561, -6.514456176757784 ], [ -78.920266045464373, -6.510543823242159 ], [ -78.921684095594586, -6.505017598470024 ], [ -78.927210489908816, -6.503599378797714 ], [ -78.932714165581572, -6.499009535047716 ], [ -78.933900621202227, -6.476956176757785 ], [ -78.936932712131039, -6.473043823242159 ], [ -78.93806728786889, -6.46862284342445 ], [ -78.941099378797716, -6.464710489908826 ], [ -78.941666666666634, -6.454166666666638 ], [ -78.948257785373229, -6.453813340928791 ], [ -78.951742214626705, -6.450353325737819 ], [ -78.968379720052056, -6.449646674262125 ], [ -78.972916666666634, -6.454152086045978 ], [ -78.977083333333297, -6.450014580620631 ], [ -78.980908881293374, -6.453813340928791 ], [ -78.985049099392327, -6.454519992404485 ], [ -78.993408881293377, -6.446186659071152 ], [ -79.047546386718722, -6.445480007595457 ], [ -79.051742214626699, -6.449646674262125 ], [ -79.054166666666632, -6.45 ], [ -79.056591118706564, -6.450353325737819 ], [ -79.060075547960039, -6.453813340928791 ], [ -79.0625, -6.454166666666638 ], [ -79.065815904405355, -6.453315734863253 ], [ -79.067233954535567, -6.447789510091117 ], [ -79.078599378797719, -6.435543823242159 ], [ -79.079166666666637, -6.433333333333305 ], [ -79.079166666666637, -6.408333333333305 ], [ -79.082482571072021, -6.407482401529919 ], [ -79.084250556098056, -6.400592888726099 ], [ -79.108333333333306, -6.4 ], [ -79.110757785373238, -6.399646674262124 ], [ -79.114242214626714, -6.396186659071152 ], [ -79.155879720052056, -6.395480007595458 ], [ -79.160075547960048, -6.399646674262124 ], [ -79.173257785373238, -6.400353325737818 ], [ -79.176742214626714, -6.403813340928791 ], [ -79.183333333333309, -6.404166666666638 ], [ -79.18395097520613, -6.397839864095022 ], [ -79.186882358127136, -6.393826802571585 ], [ -79.188117641872807, -6.377006530761689 ], [ -79.191049024793813, -6.372993469238252 ], [ -79.192460801866289, -6.363294135199624 ], [ -79.202160135904919, -6.361882358127141 ], [ -79.206173197428356, -6.358950975206134 ], [ -79.211573621961776, -6.35740695529511 ], [ -79.2125, -6.354166666666638 ], [ -79.211600409613681, -6.350661214192678 ], [ -79.204166666666637, -6.35 ], [ -79.203813340928789, -6.343408881293374 ], [ -79.200353325737822, -6.339924452039901 ], [ -79.2, -6.329166666666637 ], [ -79.202160135904919, -6.328549024793807 ], [ -79.214506530761696, -6.317284308539467 ], [ -79.225267367892769, -6.315718078613251 ], [ -79.221450975206139, -6.310493469238251 ], [ -79.220215691460481, -6.302006530761689 ], [ -79.217228190104137, -6.297916666666637 ], [ -79.220215691460481, -6.293826802571585 ], [ -79.220833333333303, -6.291666666666637 ], [ -79.221186659071151, -6.289242214626706 ], [ -79.225353325737814, -6.285046217176619 ], [ -79.224645996093727, -6.255880398220456 ], [ -79.219091118706572, -6.250353325737818 ], [ -79.21666666666664, -6.25 ], [ -79.217019992404488, -6.247575547960039 ], [ -79.220480007595455, -6.244091118706567 ], [ -79.221186659071151, -6.218408881293373 ], [ -79.224646674262118, -6.214924452039901 ], [ -79.225, -6.2125 ], [ -79.233333333333306, -6.2125 ], [ -79.239924452039901, -6.212853325737816 ], [ -79.243408881293377, -6.216313340928789 ], [ -79.25, -6.216666666666637 ], [ -79.25, -6.220833333333303 ], [ -79.25331573486325, -6.219982401529918 ], [ -79.254733954535567, -6.214456176757782 ], [ -79.257766045464379, -6.210543823242157 ], [ -79.25890062120223, -6.206122843424449 ], [ -79.261932712131042, -6.202210489908824 ], [ -79.263067287868893, -6.189456176757782 ], [ -79.270266045464382, -6.18137715657549 ], [ -79.271400621202233, -6.172789510091115 ], [ -79.274432712131045, -6.168877156575491 ], [ -79.275, -6.154166666666636 ], [ -79.291666666666643, -6.154166666666636 ], [ -79.299100409613686, -6.153505452473928 ], [ -79.3, -6.15 ], [ -79.303505452473928, -6.149100409613684 ], [ -79.304166666666646, -6.141666666666636 ], [ -79.310543823242156, -6.141099378797712 ], [ -79.314583333333303, -6.13796878390839 ], [ -79.31862284342445, -6.141099378797712 ], [ -79.327210489908822, -6.142233954535559 ], [ -79.332365587022537, -6.146229214138424 ], [ -79.334184265136685, -6.15331573486325 ], [ -79.339710489908825, -6.154733954535559 ], [ -79.343622843424455, -6.157766045464379 ], [ -79.348043823242165, -6.158900621202227 ], [ -79.360289510091121, -6.170266045464379 ], [ -79.36471048990883, -6.171400621202226 ], [ -79.368622843424447, -6.174432712131045 ], [ -79.370833333333309, -6.175 ], [ -79.375, -6.175 ], [ -79.389924452039907, -6.174646674262123 ], [ -79.39375, -6.170847913953962 ], [ -79.397575547960045, -6.174646674262123 ], [ -79.40416666666664, -6.175 ], [ -79.404519992404488, -6.168408881293372 ], [ -79.407980007595455, -6.1649244520399 ], [ -79.408686659071151, -6.160075547960039 ], [ -79.414212883843291, -6.154521518283389 ], [ -79.420833333333306, -6.154166666666636 ], [ -79.42168426513669, -6.150850931803355 ], [ -79.428315734863261, -6.149149068196584 ], [ -79.429166666666646, -6.145833333333302 ], [ -79.428813340928798, -6.139242214626705 ], [ -79.421186659071154, -6.131591118706567 ], [ -79.420480007595458, -6.126742214626705 ], [ -79.417019992404491, -6.123257785373233 ], [ -79.416313340928795, -6.114242214626705 ], [ -79.412853325737814, -6.110757785373233 ], [ -79.412146674262132, -6.10245378282332 ], [ -79.416313340928795, -6.098257785373232 ], [ -79.416666666666643, -6.095833333333302 ], [ -79.424026997884084, -6.09517856174042 ], [ -79.433900621202227, -6.084292941623232 ], [ -79.432599724663604, -6.075881110297278 ], [ -79.429166666666646, -6.075 ], [ -79.426742214626714, -6.074646674262121 ], [ -79.421189032660564, -6.069121127658389 ], [ -79.420480007595458, -6.060075547960038 ], [ -79.417019992404491, -6.056591118706566 ], [ -79.416313340928795, -6.051742214626705 ], [ -79.412853325737814, -6.048257785373233 ], [ -79.412146674262132, -6.019120449489986 ], [ -79.416313340928795, -6.014924452039899 ], [ -79.416666666666643, -6.008333333333301 ], [ -79.418877156575491, -6.007766045464377 ], [ -79.422789510091121, -6.004733954535558 ], [ -79.449088372124535, -6.003552415635818 ], [ -79.450567287868893, -5.997789510091113 ], [ -79.454562547471767, -5.992634412977399 ], [ -79.460543823242162, -5.991099378797711 ], [ -79.464456176757793, -5.988067287868891 ], [ -79.469982401529919, -5.986649068196582 ], [ -79.470833333333303, -5.983333333333317 ], [ -79.470266045464385, -5.968622843424463 ], [ -79.467233954535558, -5.964710489908838 ], [ -79.465753343370196, -5.958940972222206 ], [ -79.45, -5.958333333333317 ], [ -79.447575547960042, -5.95798000759547 ], [ -79.433688015407967, -5.944118245442692 ], [ -79.433333333333309, -5.9375 ], [ -79.436838785807268, -5.936600409613699 ], [ -79.438067287868904, -5.922789510091129 ], [ -79.445266045464379, -5.914710489908837 ], [ -79.44640062120223, -5.901956176757796 ], [ -79.45039588080509, -5.896801079644081 ], [ -79.456377156575499, -5.895266045464393 ], [ -79.460416666666646, -5.892135281032969 ], [ -79.464456176757793, -5.895266045464393 ], [ -79.469618394639724, -5.89640062120224 ], [ -79.471400621202235, -5.889456176757796 ], [ -79.478599378797711, -5.881377156575504 ], [ -79.479733954535561, -5.874253336588525 ], [ -79.475567287868898, -5.868877156575504 ], [ -79.475, -5.866666666666649 ], [ -79.481377156575491, -5.866099378797726 ], [ -79.489456176757784, -5.85890062120224 ], [ -79.494982401529924, -5.857482571072032 ], [ -79.496400621202227, -5.851956176757795 ], [ -79.499432712131053, -5.84804382324217 ], [ -79.500567287868904, -5.843622843424462 ], [ -79.507766045464379, -5.83554382324217 ], [ -79.509184265136696, -5.830017428927934 ], [ -79.5125, -5.82916666666665 ], [ -79.512853325737822, -5.814242214626718 ], [ -79.518376498752147, -5.808691406249983 ], [ -79.520833333333314, -5.808333333333316 ], [ -79.521684265136699, -5.805017428927933 ], [ -79.525, -5.804166666666649 ], [ -79.548257785373238, -5.803813340928802 ], [ -79.555908881293377, -5.796186659071163 ], [ -79.564924452039904, -5.795480007595469 ], [ -79.570479159884954, -5.789953274197031 ], [ -79.570833333333312, -5.779166666666649 ], [ -79.566300794813344, -5.778003607855885 ], [ -79.574432712131056, -5.768877156575503 ], [ -79.575567287868893, -5.760289510091128 ], [ -79.583916219075491, -5.750919596354149 ], [ -79.589710489908825, -5.749432712131059 ], [ -79.593622843424455, -5.746400621202239 ], [ -79.598043823242165, -5.745266045464391 ], [ -79.603533935546849, -5.740687730577239 ], [ -79.604733954535561, -5.722789510091127 ], [ -79.61193271213105, -5.714710489908836 ], [ -79.6125, -5.708333333333315 ], [ -79.601956176757781, -5.707766045464392 ], [ -79.598043823242165, -5.704733954535572 ], [ -79.58007236056855, -5.703528849283836 ], [ -79.578599378797719, -5.697789510091128 ], [ -79.575567287868893, -5.693877156575502 ], [ -79.574367268880181, -5.675978936089392 ], [ -79.568877156575496, -5.671400621202238 ], [ -79.555066257052928, -5.670172119140607 ], [ -79.55327928331161, -5.663208346896683 ], [ -79.542554050021678, -5.66179165310328 ], [ -79.540815734863259, -5.655017428927932 ], [ -79.5375, -5.654166666666648 ], [ -79.537853325737828, -5.651742214626718 ], [ -79.541313340928795, -5.648257785373245 ], [ -79.541666666666643, -5.641666666666648 ], [ -79.538411966959615, -5.640899997287308 ], [ -79.536970520019509, -5.636559380425329 ], [ -79.541137186686171, -5.631414794921856 ], [ -79.542196146647115, -5.619892713758661 ], [ -79.538029479980437, -5.614748128255189 ], [ -79.536970520019509, -5.611559380425328 ], [ -79.541137186686171, -5.606414794921856 ], [ -79.541666666666643, -5.595833333333315 ], [ -79.537575446234783, -5.594569905598939 ], [ -79.529822116427923, -5.585455661349807 ], [ -79.528511216905358, -5.581211005316821 ], [ -79.52565544976126, -5.577122328016474 ], [ -79.523764546712215, -5.570998806423591 ], [ -79.506288994683132, -5.554822116427932 ], [ -79.486844550238686, -5.553299967447897 ], [ -79.488155449761265, -5.527044338650154 ], [ -79.491613260904927, -5.522094048394077 ], [ -79.485455661349803, -5.517322116427931 ], [ -79.470833333333303, -5.516666666666647 ], [ -79.46666666666664, -5.516666666666647 ], [ -79.464242214626708, -5.516313340928799 ], [ -79.456591118706569, -5.50868665907116 ], [ -79.454166666666637, -5.508333333333313 ], [ -79.454519992404485, -5.497575547960049 ], [ -79.457980007595467, -5.494091118706577 ], [ -79.4583333333333, -5.491666666666647 ], [ -79.460543823242162, -5.491099378797723 ], [ -79.464456176757793, -5.488067287868904 ], [ -79.468877156575502, -5.486932712131057 ], [ -79.473750305175756, -5.483155992295987 ], [ -79.475567287868898, -5.478420003255188 ], [ -79.47130211724172, -5.472916666666647 ], [ -79.474432712131048, -5.468877156575501 ], [ -79.475567287868898, -5.464456176757793 ], [ -79.48693271213105, -5.452210489908834 ], [ -79.488067287868901, -5.447789510091125 ], [ -79.496806335449193, -5.438154771592862 ], [ -79.510543823242159, -5.436932712131056 ], [ -79.515698920355874, -5.43293728298609 ], [ -79.517517598470022, -5.425850762261264 ], [ -79.520833333333314, -5.425 ], [ -79.520480007595467, -5.418408881293383 ], [ -79.517019992404485, -5.41492445203991 ], [ -79.516313340928789, -5.401742214626715 ], [ -79.512853325737822, -5.398257785373243 ], [ -79.512146674262127, -5.39411892361109 ], [ -79.518376498752147, -5.387858072916646 ], [ -79.520833333333314, -5.3875 ], [ -79.521746656629745, -5.383940972222201 ], [ -79.5375, -5.383333333333312 ], [ -79.537853325737828, -5.376742214626715 ], [ -79.541313340928795, -5.373257785373243 ], [ -79.542019992404491, -5.364953613281229 ], [ -79.537853325737828, -5.360757785373242 ], [ -79.537146674262132, -5.339242214626715 ], [ -79.533686659071151, -5.335757785373243 ], [ -79.533333333333303, -5.333333333333312 ], [ -79.536791483561174, -5.332445949978277 ], [ -79.538067287868898, -5.322789510091124 ], [ -79.545266045464388, -5.314710489908832 ], [ -79.545833333333306, -5.3125 ], [ -79.545833333333306, -5.308333333333312 ], [ -79.5625, -5.308333333333312 ], [ -79.563067287868904, -5.293622843424457 ], [ -79.566099378797716, -5.289710489908833 ], [ -79.56737518310544, -5.28005405002168 ], [ -79.570833333333312, -5.279166666666645 ], [ -79.570480007595464, -5.276742214626714 ], [ -79.567019992404482, -5.273257785373242 ], [ -79.566313340928801, -5.264242214626714 ], [ -79.562853325737819, -5.260757785373242 ], [ -79.562146674262124, -5.255908881293381 ], [ -79.558686659071157, -5.252424452039909 ], [ -79.557980007595461, -5.244120279947895 ], [ -79.562486097547719, -5.239582655164909 ], [ -79.554519992404494, -5.231591118706575 ], [ -79.554166666666646, -5.229166666666645 ], [ -79.554733954535564, -5.197789510091123 ], [ -79.55776604546439, -5.193877156575499 ], [ -79.558900621202227, -5.188714938693554 ], [ -79.551956176757784, -5.186932712131054 ], [ -79.546501837836345, -5.182383897569422 ], [ -79.545266045464388, -5.170086669921853 ], [ -79.54943271213105, -5.164710489908831 ], [ -79.550567287868901, -5.153420003255186 ], [ -79.546400621202224, -5.148043823242165 ], [ -79.544982401529921, -5.142517428927929 ], [ -79.539456176757781, -5.14109937879772 ], [ -79.529206848144511, -5.131803046332442 ], [ -79.532766045464385, -5.127210489908832 ], [ -79.533900621202235, -5.118622843424456 ], [ -79.536932712131048, -5.114710489908831 ], [ -79.5375, -5.1125 ], [ -79.536285061306401, -5.107766045464387 ], [ -79.51445617675779, -5.108900621202234 ], [ -79.510416666666643, -5.112031385633657 ], [ -79.506377156575496, -5.108900621202234 ], [ -79.501956176757787, -5.107766045464387 ], [ -79.498043823242156, -5.104733954535567 ], [ -79.495833333333309, -5.104166666666644 ], [ -79.49526604546439, -5.097789510091123 ], [ -79.492233954535564, -5.093877156575497 ], [ -79.491099378797713, -5.081122843424456 ], [ -79.487104119194854, -5.075967746310741 ], [ -79.479804314507348, -5.074094306098067 ], [ -79.478599378797711, -5.056122843424456 ], [ -79.475567287868898, -5.05221048990883 ], [ -79.474432712131048, -5.049253336588518 ], [ -79.478599378797711, -5.043877156575498 ], [ -79.479733954535561, -5.039456176757789 ], [ -79.482766045464388, -5.035543823242164 ], [ -79.483333333333306, -5.02083333333331 ], [ -79.480017598470027, -5.019982571072025 ], [ -79.478599378797711, -5.014456176757789 ], [ -79.475567287868898, -5.010543823242164 ], [ -79.474432712131048, -5.006122843424455 ], [ -79.467233954535558, -4.998043823242163 ], [ -79.465958150227834, -4.98838738335501 ], [ -79.4625, -4.9875 ], [ -79.454166666666637, -4.9875 ], [ -79.453813340928789, -4.985075547960045 ], [ -79.450353325737822, -4.981591118706573 ], [ -79.45, -4.970833333333309 ], [ -79.449094306098061, -4.967304484049455 ], [ -79.431122843424447, -4.966099378797719 ], [ -79.42721048990883, -4.963067287868899 ], [ -79.422789510091121, -4.961932712131052 ], [ -79.410543823242165, -4.950567287868899 ], [ -79.404905361599361, -4.949120415581572 ], [ -79.403599378797722, -4.940920003255184 ], [ -79.407766045464385, -4.935543823242163 ], [ -79.408900621202235, -4.920086669921851 ], [ -79.404733954535558, -4.914710489908829 ], [ -79.40416666666664, -4.908333333333308 ], [ -79.407672119140599, -4.907433742947024 ], [ -79.408900621202235, -4.893622843424454 ], [ -79.411932712131048, -4.889710489908829 ], [ -79.413067287868898, -4.874062771267337 ], [ -79.404733954535558, -4.864710489908829 ], [ -79.403599378797722, -4.851956176757787 ], [ -79.400567287868896, -4.848043823242162 ], [ -79.399432712131045, -4.843622843424454 ], [ -79.396400621202233, -4.839710489908829 ], [ -79.3958333333333, -4.8375 ], [ -79.399338785807259, -4.83660040961369 ], [ -79.4, -4.829166666666642 ], [ -79.416666666666643, -4.829166666666642 ], [ -79.417019992404491, -4.805908881293377 ], [ -79.420480007595458, -4.802424452039905 ], [ -79.421186659071154, -4.798287116156659 ], [ -79.417019992404491, -4.794091118706572 ], [ -79.416313340928795, -4.789952256944419 ], [ -79.422546217176617, -4.783688184950061 ], [ -79.435757785373241, -4.78298000759546 ], [ -79.439242214626717, -4.779519992404488 ], [ -79.441666666666634, -4.779166666666641 ], [ -79.441313340928787, -4.772575547960043 ], [ -79.433686659071157, -4.764924452039905 ], [ -79.433333333333309, -4.75 ], [ -79.429562547471761, -4.74903225368921 ], [ -79.425567287868901, -4.743877156575495 ], [ -79.42443271213105, -4.739456176757787 ], [ -79.421400621202224, -4.735543823242161 ], [ -79.420266045464388, -4.731122843424453 ], [ -79.417233954535561, -4.727210489908828 ], [ -79.415815734863259, -4.721684265136693 ], [ -79.4125, -4.720833333333307 ], [ -79.4, -4.720833333333307 ], [ -79.395568678114117, -4.71969621446395 ], [ -79.400567287868896, -4.713246663411432 ], [ -79.399432712131045, -4.71028951009112 ], [ -79.396400621202233, -4.706377156575495 ], [ -79.395124816894509, -4.696720716688342 ], [ -79.391666666666637, -4.695833333333307 ], [ -79.391666666666637, -4.6875 ], [ -79.394752671983483, -4.686617702907959 ], [ -79.396450975206136, -4.682494947645373 ], [ -79.37978430853947, -4.664660135904922 ], [ -79.378364054361953, -4.654901801215251 ], [ -79.364506530761687, -4.65354902479381 ], [ -79.359492153591546, -4.649886067708307 ], [ -79.35771569146047, -4.643673197428359 ], [ -79.354784308539465, -4.639660135904921 ], [ -79.353549024793807, -4.631173197428359 ], [ -79.350617641872802, -4.627160135904921 ], [ -79.349382358127144, -4.622839864095025 ], [ -79.333950975206136, -4.606326802571587 ], [ -79.3333333333333, -4.604166666666639 ], [ -79.332980007595452, -4.589242214626709 ], [ -79.329519992404485, -4.585757785373237 ], [ -79.328813340928789, -4.56912044948999 ], [ -79.332980007595452, -4.564924452039903 ], [ -79.333686659071148, -4.551742214626708 ], [ -79.337146674262129, -4.548257785373236 ], [ -79.3375, -4.545833333333306 ], [ -79.335075547960045, -4.545480007595459 ], [ -79.329524739583306, -4.539956834581136 ], [ -79.328813340928789, -4.535075547960042 ], [ -79.325353325737822, -4.53159111870657 ], [ -79.325, -4.529166666666639 ], [ -79.325, -4.508333333333305 ], [ -79.310047064887129, -4.507979329427055 ], [ -79.304519992404479, -4.502424452039903 ], [ -79.303813340928798, -4.497575547960041 ], [ -79.300353325737817, -4.494091118706569 ], [ -79.299644470214815, -4.485047234429225 ], [ -79.289924452039898, -4.475353325737819 ], [ -79.283333333333303, -4.475 ], [ -79.267579989963082, -4.47560746934676 ], [ -79.265815734863253, -4.48248240152992 ], [ -79.2625, -4.483333333333305 ], [ -79.261362881130609, -4.487764655219156 ], [ -79.254913330078097, -4.482766045464381 ], [ -79.239456176757784, -4.483900621202229 ], [ -79.235543823242153, -4.486932712131049 ], [ -79.221732923719586, -4.48816121419268 ], [ -79.220266045464385, -4.493877156575492 ], [ -79.217135450575057, -4.497916666666638 ], [ -79.220820109049455, -4.502670966254312 ], [ -79.214710489908825, -4.507766045464382 ], [ -79.2083333333333, -4.508333333333305 ], [ -79.207980007595452, -4.505908881293375 ], [ -79.196186659071145, -4.494091118706569 ], [ -79.195478481716549, -4.480879550509955 ], [ -79.189583672417513, -4.47501424153643 ], [ -79.18504621717662, -4.479519992404486 ], [ -79.180908881293377, -4.478813340928792 ], [ -79.177424452039901, -4.475353325737819 ], [ -79.166666666666643, -4.475 ], [ -79.166049024793807, -4.468673197428357 ], [ -79.158950975206139, -4.460493469238253 ], [ -79.157539198133648, -4.450794135199624 ], [ -79.146164279513854, -4.449138556586343 ], [ -79.142228190104134, -4.44375 ], [ -79.145760430230013, -4.438914489746066 ], [ -79.131326972113683, -4.425617641872801 ], [ -79.116666666666632, -4.425 ], [ -79.116313340928784, -4.414242214626707 ], [ -79.112853325737817, -4.410757785373235 ], [ -79.112146674262121, -4.405908881293374 ], [ -79.108347913953963, -4.402083333333304 ], [ -79.112146674262121, -4.398257785373235 ], [ -79.1125, -4.391666666666638 ], [ -79.112146674262121, -4.389242214626707 ], [ -79.108686659071154, -4.385757785373235 ], [ -79.107980007595458, -4.356620449489988 ], [ -79.112146674262121, -4.352424452039902 ], [ -79.112853325737817, -4.339953782823321 ], [ -79.108686659071154, -4.335757785373235 ], [ -79.108333333333306, -4.333333333333304 ], [ -79.108686659071154, -4.326742214626707 ], [ -79.112146674262121, -4.323257785373235 ], [ -79.112853325737817, -4.314242214626707 ], [ -79.116313340928784, -4.310757785373235 ], [ -79.117019992404479, -4.306620449489988 ], [ -79.112853325737817, -4.302424452039901 ], [ -79.1125, -4.295833333333304 ], [ -79.110075547960037, -4.295480007595456 ], [ -79.104522705078097, -4.289954800075925 ], [ -79.103813340928795, -4.281617736816377 ], [ -79.112146674262121, -4.273257785373234 ], [ -79.112853325737817, -4.269117736816376 ], [ -79.104519992404491, -4.260757785373234 ], [ -79.103813340928795, -4.248287116156654 ], [ -79.107980007595458, -4.244091118706567 ], [ -79.108686659071154, -4.235787116156654 ], [ -79.104519992404491, -4.231591118706567 ], [ -79.104166666666643, -4.229166666666637 ], [ -79.103813340928795, -4.218408881293373 ], [ -79.100353325737814, -4.214924452039901 ], [ -79.1, -4.208333333333303 ], [ -79.100353325737814, -4.205908881293372 ], [ -79.103813340928795, -4.2024244520399 ], [ -79.104166666666643, -4.195833333333303 ], [ -79.104166666666643, -4.183333333333302 ], [ -79.107482571072026, -4.182482401529917 ], [ -79.108333333333306, -4.179166666666636 ], [ -79.1125, -4.179166666666636 ], [ -79.11471048990883, -4.178599378797712 ], [ -79.124080403645806, -4.170250447591116 ], [ -79.125850762261251, -4.163350931803355 ], [ -79.131377156575496, -4.161932712131046 ], [ -79.135289510091113, -4.158900621202227 ], [ -79.148043823242162, -4.157766045464379 ], [ -79.153510877821148, -4.153206888834605 ], [ -79.154733954535558, -4.139456176757782 ], [ -79.157864549424886, -4.135416666666636 ], [ -79.154635281032952, -4.13125 ], [ -79.157766045464385, -4.127210489908824 ], [ -79.158333333333303, -4.1125 ], [ -79.166666666666643, -4.1125 ], [ -79.173257785373238, -4.112146674262122 ], [ -79.178808593749977, -4.106623501247799 ], [ -79.179166666666632, -4.104166666666651 ], [ -79.185757785373241, -4.103813340928788 ], [ -79.191308593749966, -4.098290167914465 ], [ -79.192019992404482, -4.093408881293372 ], [ -79.195480007595464, -4.0899244520399 ], [ -79.195833333333312, -4.0875 ], [ -79.198257785373229, -4.087146674262121 ], [ -79.201742214626705, -4.083686659071149 ], [ -79.206591118706569, -4.082980007595455 ], [ -79.210075547960045, -4.079519992404482 ], [ -79.225, -4.079166666666636 ], [ -79.225353325737814, -4.064242214626705 ], [ -79.228813340928795, -4.060757785373233 ], [ -79.229519992404491, -4.055908881293371 ], [ -79.232980007595458, -4.052424452039899 ], [ -79.233686659071154, -4.043408881293371 ], [ -79.237146674262121, -4.039924452039899 ], [ -79.237853325737817, -4.035075547960038 ], [ -79.249646674262124, -4.023257785373232 ], [ -79.250353325737819, -4.014242214626704 ], [ -79.257980007595464, -4.006591118706566 ], [ -79.258333333333312, -3.991666666666635 ], [ -79.260757785373229, -3.991313340928787 ], [ -79.264242214626705, -3.987853325737815 ], [ -79.266666666666637, -3.9875 ], [ -79.267019992404485, -3.960075547960053 ], [ -79.270818752712643, -3.95625 ], [ -79.267019992404485, -3.952424452039914 ], [ -79.266313340928789, -3.922575547960053 ], [ -79.262853325737822, -3.91909111870658 ], [ -79.262146674262127, -3.885075547960052 ], [ -79.258347913953969, -3.88125 ], [ -79.262146674262127, -3.877424452039913 ], [ -79.2625, -3.8625 ], [ -79.281377156575488, -3.861932712131059 ], [ -79.286532253689202, -3.857937282986094 ], [ -79.288387383355001, -3.850708346896684 ], [ -79.299112616644933, -3.849291653103281 ], [ -79.300567287868901, -3.843622843424462 ], [ -79.303599378797713, -3.839710489908837 ], [ -79.304166666666646, -3.8375 ], [ -79.306377156575493, -3.836932712131059 ], [ -79.311532253689208, -3.832937282986093 ], [ -79.313350931803356, -3.825850762261267 ], [ -79.316666666666634, -3.825 ], [ -79.317233954535567, -3.810289510091128 ], [ -79.320266045464379, -3.806377156575503 ], [ -79.321684265136696, -3.800850762261267 ], [ -79.328770785861522, -3.799032253689218 ], [ -79.332766045464382, -3.793877156575503 ], [ -79.333900621202233, -3.785289510091128 ], [ -79.336932712131045, -3.781377156575503 ], [ -79.338067287868896, -3.776956176757794 ], [ -79.341099378797722, -3.773043823242169 ], [ -79.342233954535558, -3.760289510091128 ], [ -79.345266045464385, -3.756377156575503 ], [ -79.346400621202235, -3.747789510091128 ], [ -79.350567287868898, -3.742413330078107 ], [ -79.348815239800317, -3.737846544053801 ], [ -79.339710489908825, -3.729733954535572 ], [ -79.334184265136685, -3.728315904405364 ], [ -79.332365587022537, -3.721229383680537 ], [ -79.327210489908822, -3.717233954535572 ], [ -79.325, -3.716666666666648 ], [ -79.313409254286, -3.716043090820294 ], [ -79.311932712131053, -3.710289510091128 ], [ -79.308900621202227, -3.706377156575502 ], [ -79.307766045464376, -3.701956176757794 ], [ -79.294833882649712, -3.688131374782968 ], [ -79.276956176757778, -3.686932712131058 ], [ -79.273043823242162, -3.683900621202238 ], [ -79.268622843424453, -3.682766045464391 ], [ -79.259253099229568, -3.674417114257794 ], [ -79.258333333333312, -3.670833333333315 ], [ -79.255017598470019, -3.671684095594599 ], [ -79.254166666666634, -3.675 ], [ -79.253198920355871, -3.678770616319426 ], [ -79.246579996744771, -3.683900621202238 ], [ -79.239456176757784, -3.682766045464391 ], [ -79.234829033745626, -3.679179890950502 ], [ -79.229733954535561, -3.685289510091127 ], [ -79.228315734863259, -3.690815904405363 ], [ -79.221229214138432, -3.692634412977412 ], [ -79.217135450575057, -3.697916666666648 ], [ -79.221400621202235, -3.70342000325519 ], [ -79.219763353135818, -3.707687377929669 ], [ -79.205139668782522, -3.708988104926197 ], [ -79.19640062120223, -3.718622843424461 ], [ -79.195833333333312, -3.720833333333315 ], [ -79.193408881293379, -3.720480007595468 ], [ -79.189924452039904, -3.717019992404496 ], [ -79.1875, -3.716666666666648 ], [ -79.181122843424447, -3.716099378797725 ], [ -79.175746663411431, -3.711932712131058 ], [ -79.172789510091121, -3.713067287868905 ], [ -79.167413330078091, -3.717233954535572 ], [ -79.159213087293807, -3.715927802191822 ], [ -79.157482401529919, -3.709184095594599 ], [ -79.15416666666664, -3.708333333333315 ], [ -79.15416666666664, -3.7 ], [ -79.153527832031216, -3.663287692599808 ], [ -79.143007066514727, -3.661979166666648 ], [ -79.141666666666637, -3.666666666666648 ], [ -79.13945617675779, -3.666099378797724 ], [ -79.135543823242159, -3.663067287868905 ], [ -79.126956176757787, -3.661932712131057 ], [ -79.117586263020797, -3.65358378092446 ], [ -79.115815904405352, -3.646684095594599 ], [ -79.109340074327221, -3.645022243923592 ], [ -79.107766045464388, -3.640920003255189 ], [ -79.11193271213105, -3.635543823242168 ], [ -79.1125, -3.629166666666647 ], [ -79.110075547960037, -3.6288133409288 ], [ -79.106591118706575, -3.625353325737828 ], [ -79.1, -3.625 ], [ -79.097575547960034, -3.624646674262133 ], [ -79.09375, -3.620847913953974 ], [ -79.089582655164904, -3.624986097547724 ], [ -79.079524400499096, -3.614954969618037 ], [ -79.079166666666637, -3.6125 ], [ -79.072575547960042, -3.612146674262133 ], [ -79.058691067165768, -3.598287624782967 ], [ -79.057980007595461, -3.593408881293383 ], [ -79.054519992404479, -3.589924452039911 ], [ -79.053813340928784, -3.58507554796005 ], [ -79.050353325737817, -3.581591118706578 ], [ -79.05, -3.579166666666647 ], [ -79.050353325737817, -3.576742214626717 ], [ -79.053813340928784, -3.573257785373244 ], [ -79.054519992404479, -3.56495361328123 ], [ -79.050353325737817, -3.560757785373244 ], [ -79.05, -3.545833333333313 ], [ -79.0506174723307, -3.527006361219598 ], [ -79.066049194335903, -3.510493638780362 ], [ -79.067284138997366, -3.507864040798591 ], [ -79.063117472330703, -3.502160305447028 ], [ -79.061882527669241, -3.493673027886265 ], [ -79.05895080566404, -3.489660305447028 ], [ -79.057361518012129, -3.48410169813366 ], [ -79.046805148654485, -3.482564968532966 ], [ -79.045215861002575, -3.477006361219598 ], [ -79.04228413899736, -3.472993638780362 ], [ -79.041049194335912, -3.470096503363695 ], [ -79.049443223741292, -3.460423109266473 ], [ -79.046394856770803, -3.45625 ], [ -79.050330946180523, -3.450861612955709 ], [ -79.061797417534692, -3.449192640516472 ], [ -79.063117472330703, -3.430534532335049 ], [ -79.055093044704833, -3.428240288628452 ], [ -79.053194851345452, -3.42160169813366 ], [ -79.043673027886257, -3.420215861002583 ], [ -79.029832288953969, -3.407464599609354 ], [ -79.02916666666664, -3.391666666666646 ], [ -79.028811645507787, -3.385046386718729 ], [ -79.023257785373232, -3.379519992404493 ], [ -79.018408881293368, -3.378813340928798 ], [ -79.006591118706567, -3.367019992404493 ], [ -79.001742214626702, -3.366313340928798 ], [ -78.998257785373227, -3.362853325737826 ], [ -78.993408881293377, -3.362146674262132 ], [ -78.989924452039901, -3.358686659071159 ], [ -78.985075547960037, -3.357980007595465 ], [ -78.981591118706561, -3.354519992404493 ], [ -78.960075547960045, -3.353813340928798 ], [ -78.956591118706569, -3.350353325737826 ], [ -78.941666666666634, -3.35 ], [ -78.941666666666634, -3.345833333333312 ], [ -78.945124986436596, -3.344945949978277 ], [ -78.94640062120223, -3.335289510091124 ], [ -78.949432712131042, -3.331377156575499 ], [ -78.950567287868893, -3.306122843424458 ], [ -78.953599378797719, -3.302210489908832 ], [ -78.954166666666637, -3.3 ], [ -78.94338005913626, -3.299645657009527 ], [ -78.937853325737819, -3.294091118706576 ], [ -78.937145657009523, -3.276713392469596 ], [ -78.931591118706564, -3.271186659071159 ], [ -78.925, -3.270833333333311 ], [ -78.925642903645809, -3.2520317925347 ], [ -78.929143269856738, -3.247095065646679 ], [ -78.935468207465249, -3.245190429687478 ], [ -78.940404934353268, -3.24169006347654 ], [ -78.942309570312474, -3.235365125868033 ], [ -78.945809936523403, -3.230428398980012 ], [ -78.952134874131914, -3.228523763020811 ], [ -78.95619845920136, -3.225642903645811 ], [ -78.964634874131917, -3.224357096354144 ], [ -78.968698459201363, -3.221476236979144 ], [ -78.974255032009523, -3.219803195529491 ], [ -78.975774807400143, -3.204905870225672 ], [ -78.993801540798586, -3.203523763020811 ], [ -79.002031792534694, -3.196476236979144 ], [ -79.014634874131914, -3.195190429687477 ], [ -79.01869845920136, -3.192309570312478 ], [ -79.0208333333333, -3.191666666666644 ], [ -79.021186659071148, -3.189242214626713 ], [ -79.028813340928792, -3.181591118706574 ], [ -79.02916666666664, -3.170833333333311 ], [ -79.031591118706572, -3.170480007595463 ], [ -79.035075547960034, -3.167019992404491 ], [ -79.0375, -3.166666666666644 ], [ -79.038117472330697, -3.164506361219595 ], [ -79.041049194335912, -3.160493638780359 ], [ -79.042401801215249, -3.146635945637998 ], [ -79.052160305447018, -3.145215861002581 ], [ -79.060339694552923, -3.138117472330706 ], [ -79.062969292534689, -3.136882527669248 ], [ -79.068673027886248, -3.141049194335915 ], [ -79.070833333333297, -3.141666666666644 ], [ -79.071362982855874, -3.139418538411435 ], [ -79.084290568033822, -3.125755818684873 ], [ -79.089748128255181, -3.124470350477407 ], [ -79.101918538411425, -3.113029649522546 ], [ -79.110581461588509, -3.111970350477407 ], [ -79.114418538411428, -3.10886298285588 ], [ -79.117607286241295, -3.107803683810741 ], [ -79.122751871744768, -3.111970350477407 ], [ -79.130107286241284, -3.113029649522546 ], [ -79.135251871744757, -3.10886298285588 ], [ -79.139748128255178, -3.107803683810741 ], [ -79.147751871744759, -3.100529649522546 ], [ -79.152248128255181, -3.099470350477407 ], [ -79.161399332682265, -3.091152954101539 ], [ -79.165894063313772, -3.092553032769074 ], [ -79.166666666666643, -3.09583333333331 ], [ -79.181591118706564, -3.095480007595463 ], [ -79.185075547960039, -3.092019992404491 ], [ -79.204166666666637, -3.091666666666643 ], [ -79.204733954535556, -3.081122843424456 ], [ -79.213429260253875, -3.071536254882789 ], [ -79.224112616644931, -3.070124986436608 ], [ -79.225567287868898, -3.064456176757789 ], [ -79.228599378797711, -3.060543823242164 ], [ -79.229166666666643, -3.054166666666643 ], [ -79.248257785373241, -3.053813340928796 ], [ -79.251742214626702, -3.050353325737823 ], [ -79.2625, -3.05 ], [ -79.264660135904919, -3.050617472330706 ], [ -79.269971889919674, -3.054497612847198 ], [ -79.271649678548144, -3.066025458441817 ], [ -79.304166666666646, -3.066666666666643 ], [ -79.304166666666646, -3.0625 ], [ -79.30632680257159, -3.061882527669247 ], [ -79.310339864095027, -3.058950805664039 ], [ -79.32835964626733, -3.057627699110219 ], [ -79.329784308539473, -3.047839694552928 ], [ -79.337336052788601, -3.039137098524282 ], [ -79.342135789659267, -3.036882527669247 ], [ -79.347839864095022, -3.041049194335914 ], [ -79.358333333333306, -3.041666666666643 ], [ -79.358333333333306, -3.033333333333309 ], [ -79.357980007595458, -3.018408881293379 ], [ -79.3541812472873, -3.014583333333309 ], [ -79.357980007595458, -3.01075778537324 ], [ -79.358333333333306, -3.004166666666642 ], [ -79.356122843424458, -3.003599378797719 ], [ -79.352210489908828, -3.0005672878689 ], [ -79.342586093478701, -2.999295722113691 ], [ -79.338067287868896, -2.993877156575496 ], [ -79.336932712131045, -2.989456176757788 ], [ -79.333900621202233, -2.985543823242163 ], [ -79.332766045464382, -2.964456176757788 ], [ -79.325567287868893, -2.956377156575496 ], [ -79.324338785807271, -2.942566257052927 ], [ -79.31862284342445, -2.941099378797718 ], [ -79.306377156575493, -2.929733954535565 ], [ -79.300637647840688, -2.928260972764732 ], [ -79.299367268880175, -2.909312269422718 ], [ -79.293877156575491, -2.904733954535565 ], [ -79.2875, -2.904166666666642 ], [ -79.284184265136687, -2.903315904405357 ], [ -79.282766045464385, -2.897789510091121 ], [ -79.279733954535558, -2.893877156575496 ], [ -79.278599378797722, -2.882396104600669 ], [ -79.286932712131048, -2.873043823242162 ], [ -79.2875, -2.85 ], [ -79.283333333333303, -2.85 ], [ -79.268408881293368, -2.849646674262127 ], [ -79.264924452039907, -2.846186659071155 ], [ -79.260075547960042, -2.84548000759546 ], [ -79.244091118706564, -2.829519992404488 ], [ -79.241666666666646, -2.829166666666641 ], [ -79.241043090820284, -2.817575920952665 ], [ -79.235289510091121, -2.816099378797718 ], [ -79.229179890950491, -2.811004299587648 ], [ -79.232766045464388, -2.806377156575495 ], [ -79.233900621202224, -2.795086669921849 ], [ -79.22963545057506, -2.789583333333308 ], [ -79.232766045464388, -2.785543823242162 ], [ -79.234232923719588, -2.779827880859349 ], [ -79.241666666666646, -2.779166666666641 ], [ -79.242019992404479, -2.768408881293377 ], [ -79.245480007595461, -2.764924452039904 ], [ -79.245833333333309, -2.758333333333307 ], [ -79.244982401529924, -2.755017598470026 ], [ -79.241666666666646, -2.754166666666641 ], [ -79.235364956325924, -2.753523932562908 ], [ -79.231301710340688, -2.750642734103706 ], [ -79.228844875759521, -2.749357265896241 ], [ -79.222968377007348, -2.753523932562908 ], [ -79.208011542426192, -2.754809400770373 ], [ -79.202135043674019, -2.750642734103706 ], [ -79.18953162299259, -2.749357265896241 ], [ -79.181301710340676, -2.742309400770373 ], [ -79.167438083224795, -2.740895250108481 ], [ -79.166666666666643, -2.733333333333307 ], [ -79.16335093180335, -2.732482401529921 ], [ -79.1625, -2.72916666666664 ], [ -79.158333333333303, -2.72916666666664 ], [ -79.157433742947021, -2.732672119140599 ], [ -79.15, -2.733333333333307 ], [ -79.1458333333333, -2.733333333333307 ], [ -79.145266045464382, -2.726956176757786 ], [ -79.142233954535556, -2.723043823242161 ], [ -79.141099378797719, -2.711753336588515 ], [ -79.145266045464382, -2.706377156575494 ], [ -79.146400621202233, -2.703420003255182 ], [ -79.142233954535556, -2.698043823242161 ], [ -79.140757581922713, -2.692290242512994 ], [ -79.118622843424447, -2.691099378797716 ], [ -79.113167317708303, -2.686549886067682 ], [ -79.11193271213105, -2.674149915907091 ], [ -79.118162367078966, -2.666679890950494 ], [ -79.122925482855877, -2.670371500651015 ], [ -79.13112284342445, -2.663067287868897 ], [ -79.136649237738681, -2.661649068196588 ], [ -79.1375, -2.658333333333307 ], [ -79.133333333333297, -2.658333333333307 ], [ -79.132980007595464, -2.655908881293376 ], [ -79.129519992404482, -2.652424452039904 ], [ -79.129166666666634, -2.645833333333306 ], [ -79.122575547960039, -2.645480007595459 ], [ -79.119091118706564, -2.642019992404487 ], [ -79.114242214626714, -2.641313340928793 ], [ -79.110757785373238, -2.63785332573782 ], [ -79.105908881293374, -2.637146674262126 ], [ -79.094091118706572, -2.62535332573782 ], [ -79.089242214626708, -2.624646674262126 ], [ -79.085757785373232, -2.621186659071153 ], [ -79.0833333333333, -2.620833333333306 ], [ -79.068408881293379, -2.620480007595459 ], [ -79.056591118706564, -2.608686659071153 ], [ -79.054166666666632, -2.608333333333306 ], [ -79.051956176757784, -2.607766045464382 ], [ -79.046970621744762, -2.603902011447455 ], [ -79.045266045464373, -2.61054382324216 ], [ -79.042233954535561, -2.614456176757785 ], [ -79.040964084201363, -2.624066840277751 ], [ -79.027210489908825, -2.63693271213105 ], [ -79.025, -2.6375 ], [ -79.0208333333333, -2.6375 ], [ -79.019861518012121, -2.634101528591553 ], [ -79.010339694552925, -2.632715691460477 ], [ -79.001106431749108, -2.624703301323758 ], [ -78.999028184678792, -2.617434861924886 ], [ -78.988167995876708, -2.615854220920112 ], [ -78.9875, -2.6 ], [ -78.985075547960037, -2.60035332573782 ], [ -78.968383449978262, -2.617019992404487 ], [ -78.964242214626708, -2.616313340928792 ], [ -78.960757785373232, -2.61285332573782 ], [ -78.955908881293368, -2.612146674262125 ], [ -78.952083333333306, -2.608347913953966 ], [ -78.947546386718713, -2.61285332573782 ], [ -78.935075547960039, -2.612146674262125 ], [ -78.931591118706564, -2.608686659071153 ], [ -78.929166666666632, -2.608333333333306 ], [ -78.925211249457433, -2.609524197048584 ], [ -78.913142903645806, -2.622864956325928 ], [ -78.91185709635414, -2.627135043674018 ], [ -78.908976236979129, -2.631198289659261 ], [ -78.907071601019936, -2.63752356635197 ], [ -78.902134874131917, -2.641023932562907 ], [ -78.897865125868023, -2.642309400770372 ], [ -78.893801540798577, -2.645190599229574 ], [ -78.879886542426178, -2.646610005696588 ], [ -78.879166666666634, -2.658333333333307 ], [ -78.864506361219583, -2.658950975206136 ], [ -78.858802625868023, -2.663117641872803 ], [ -78.850674099392336, -2.661640252007352 ], [ -78.84932217068139, -2.634116278754313 ], [ -78.842584228515591, -2.63327806260848 ], [ -78.840854220920107, -2.64516533745657 ], [ -78.810339694552923, -2.646450975206136 ], [ -78.806243557400137, -2.649443393283393 ], [ -78.797993638780355, -2.64228430853947 ], [ -78.793673027886257, -2.64104902479381 ], [ -78.789660305447015, -2.638117641872803 ], [ -78.781173027886254, -2.636882358127143 ], [ -78.777160305447012, -2.633950975206136 ], [ -78.775, -2.633333333333306 ], [ -78.775353325737811, -2.626742214626709 ], [ -78.779519992404488, -2.622546217176622 ], [ -78.778813340928792, -2.605908881293376 ], [ -78.775353325737811, -2.602424452039903 ], [ -78.774646674262115, -2.597575547960042 ], [ -78.767019992404485, -2.589924452039903 ], [ -78.766313340928789, -2.585075547960042 ], [ -78.762146674262127, -2.580879550509955 ], [ -78.762853325737808, -2.568408881293375 ], [ -78.767019992404485, -2.564212883843288 ], [ -78.766313340928789, -2.551742214626708 ], [ -78.762853325737808, -2.548257785373236 ], [ -78.762144978841121, -2.535046217176621 ], [ -78.756591118706567, -2.529519992404486 ], [ -78.754166666666634, -2.529166666666639 ], [ -78.753599378797716, -2.510289510091118 ], [ -78.75056728786889, -2.506377156575493 ], [ -78.749432712131039, -2.474253336588513 ], [ -78.753698052300308, -2.46875 ], [ -78.75056728786889, -2.464710489908826 ], [ -78.749432712131039, -2.451956176757784 ], [ -78.746400621202227, -2.448043823242159 ], [ -78.745266045464376, -2.438714938693548 ], [ -78.75, -2.4375 ], [ -78.75, -2.433333333333305 ], [ -78.750766669379303, -2.430078633626273 ], [ -78.755107286241284, -2.428637186686169 ], [ -78.760416666666629, -2.432937452528183 ], [ -78.764418538411434, -2.429696146647107 ], [ -78.771773952907949, -2.428637186686169 ], [ -78.776918538411422, -2.432803853352836 ], [ -78.783333333333303, -2.433333333333305 ], [ -78.783900621202221, -2.431122843424451 ], [ -78.791099378797711, -2.423043823242159 ], [ -78.792517428927923, -2.417517598470023 ], [ -78.795833333333306, -2.416666666666638 ], [ -78.795240614149279, -2.392583719889294 ], [ -78.791666666666629, -2.391666666666638 ], [ -78.792327880859347, -2.384232923719589 ], [ -78.795833333333306, -2.383333333333304 ], [ -78.795266045464373, -2.38112284342445 ], [ -78.792233954535561, -2.377210489908825 ], [ -78.791099378797711, -2.36862284342445 ], [ -78.783900621202221, -2.360543823242158 ], [ -78.782445949978268, -2.35487518310544 ], [ -78.772789510091116, -2.353599378797714 ], [ -78.768877156575485, -2.350567287868894 ], [ -78.762896050347194, -2.349032253689207 ], [ -78.75890062120223, -2.343877156575491 ], [ -78.757677544487819, -2.330126444498668 ], [ -78.752088080512124, -2.325465053982176 ], [ -78.746579996744757, -2.329733954535561 ], [ -78.739456176757784, -2.328599378797714 ], [ -78.731377156575491, -2.321400621202228 ], [ -78.726956176757781, -2.32026604546438 ], [ -78.721579996744765, -2.316099378797714 ], [ -78.717352973090243, -2.317721048990856 ], [ -78.715958319769939, -2.328279283311602 ], [ -78.710289510091116, -2.329733954535561 ], [ -78.706377156575485, -2.33276604546438 ], [ -78.676956176757784, -2.333900621202227 ], [ -78.673043823242153, -2.336932712131047 ], [ -78.668622843424444, -2.338067287868894 ], [ -78.664574517144061, -2.341204833984345 ], [ -78.656377156575488, -2.333900621202227 ], [ -78.65416666666664, -2.333333333333304 ], [ -78.642575751410561, -2.33270975748695 ], [ -78.641099378797705, -2.326956176757783 ], [ -78.638067287868893, -2.323043823242158 ], [ -78.636932712131042, -2.314456176757783 ], [ -78.632937282986077, -2.309301079644067 ], [ -78.626956176757773, -2.30776604546438 ], [ -78.621801079644058, -2.303770785861516 ], [ -78.620833333333294, -2.3 ], [ -78.621488783094591, -2.297877671983477 ], [ -78.624344550238689, -2.29378899468313 ], [ -78.625655449761254, -2.285377671983477 ], [ -78.628511216905352, -2.28128899468313 ], [ -78.629925537109344, -2.267719014485647 ], [ -78.635455661349795, -2.266011216905352 ], [ -78.640872531466982, -2.262227545844154 ], [ -78.642424519856732, -2.242402648925751 ], [ -78.664622328016463, -2.241011216905352 ], [ -78.669518364800311, -2.237591213650143 ], [ -78.671488783094588, -2.23121100531681 ], [ -78.674344550238686, -2.227122328016463 ], [ -78.675655449761251, -2.222877671983476 ], [ -78.678511216905349, -2.218788994683129 ], [ -78.679979112413164, -2.209369066026445 ], [ -78.683333333333294, -2.208333333333303 ], [ -78.682980007595461, -2.201742214626706 ], [ -78.679519992404479, -2.198257785373233 ], [ -78.678813340928784, -2.193408881293372 ], [ -78.675353325737817, -2.1899244520399 ], [ -78.675, -2.183333333333302 ], [ -78.670833333333306, -2.183333333333302 ], [ -78.667517428927923, -2.182482401529917 ], [ -78.665767076280346, -2.175661214192678 ], [ -78.658333333333303, -2.175 ], [ -78.657766045464371, -2.160289510091115 ], [ -78.654733954535558, -2.15637715657549 ], [ -78.653599378797708, -2.143622843424448 ], [ -78.650567287868896, -2.139710489908823 ], [ -78.649432712131045, -2.135289510091115 ], [ -78.642233954535556, -2.127210489908823 ], [ -78.640757581922713, -2.121456909179656 ], [ -78.629166666666634, -2.120833333333302 ], [ -78.628599378797716, -2.118622843424448 ], [ -78.62556728786889, -2.114710489908823 ], [ -78.624432712131039, -2.111753336588511 ], [ -78.628599378797716, -2.10637715657549 ], [ -78.629733954535553, -2.101956176757781 ], [ -78.633729383680517, -2.096801079644066 ], [ -78.640958319769936, -2.094945949978267 ], [ -78.642233954535556, -2.085289510091114 ], [ -78.64622938368052, -2.080134412977399 ], [ -78.65, -2.079166666666635 ], [ -78.650772433810729, -2.082446967230871 ], [ -78.655165947808129, -2.083815341525576 ], [ -78.660251871744762, -2.079696146647104 ], [ -78.685581461588512, -2.078637186686167 ], [ -78.689418538411431, -2.075529479980437 ], [ -78.698081461588515, -2.0744705200195 ], [ -78.714569769965252, -2.058718193901878 ], [ -78.719892713758654, -2.063029479980437 ], [ -78.735581461588509, -2.0619705200195 ], [ -78.739418538411428, -2.058862813313771 ], [ -78.748081461588512, -2.057803853352833 ], [ -78.751918538411431, -2.054696146647104 ], [ -78.756414794921838, -2.053637186686166 ], [ -78.760251871744757, -2.050529479980437 ], [ -78.766666666666637, -2.05 ], [ -78.770172119140597, -2.049100409613684 ], [ -78.771400621202218, -2.035289510091114 ], [ -78.775919596354129, -2.029870944552919 ], [ -78.785543823242151, -2.028599378797711 ], [ -78.793622843424444, -2.021400621202225 ], [ -78.804913330078094, -2.020266045464378 ], [ -78.810425482855877, -2.024538167317676 ], [ -78.81862284342445, -2.017233954535558 ], [ -78.821579996744759, -2.016099378797711 ], [ -78.826956176757776, -2.020266045464378 ], [ -78.829166666666637, -2.020833333333302 ], [ -78.829733954535556, -2.018622843424447 ], [ -78.832766045464382, -2.014710489908822 ], [ -78.833900621202218, -2.010289510091114 ], [ -78.836932712131045, -2.006377156575489 ], [ -78.838067287868896, -1.997789510091114 ], [ -78.842233954535558, -1.992413330078093 ], [ -78.84059685601126, -1.988146124945714 ], [ -78.825959947374102, -1.986844041612381 ], [ -78.82140062120223, -1.981377156575489 ], [ -78.820172119140594, -1.967566257052919 ], [ -78.816666666666634, -1.96666666666665 ], [ -78.816313340928787, -1.960075547960037 ], [ -78.812853325737819, -1.956591118706565 ], [ -78.812146674262124, -1.948287116156652 ], [ -78.816313340928787, -1.944091118706565 ], [ -78.816666666666634, -1.941666666666634 ], [ -78.823257785373229, -1.941313340928787 ], [ -78.826742214626705, -1.937853325737815 ], [ -78.829166666666637, -1.9375 ], [ -78.830046251085037, -1.934072028266027 ], [ -78.838246663411425, -1.932766045464377 ], [ -78.843622843424441, -1.936932712131044 ], [ -78.85, -1.9375 ], [ -78.850353325737814, -1.930908881293386 ], [ -78.853813340928795, -1.927424452039914 ], [ -78.854166666666629, -1.920833333333317 ], [ -78.853599378797711, -1.914456176757795 ], [ -78.850567287868898, -1.910543823242171 ], [ -78.849432712131048, -1.893622843424462 ], [ -78.846400621202221, -1.889710489908837 ], [ -78.845266045464385, -1.878420003255191 ], [ -78.849432712131048, -1.87304382324217 ], [ -78.850567287868898, -1.861562771267344 ], [ -78.842233954535558, -1.852210489908837 ], [ -78.841099378797708, -1.847789510091129 ], [ -78.833900621202218, -1.839710489908837 ], [ -78.832766045464382, -1.836753336588524 ], [ -78.837896050347197, -1.830134412977413 ], [ -78.845223999023403, -1.82825385199651 ], [ -78.846400621202221, -1.799062771267343 ], [ -78.838067287868896, -1.789710489908837 ], [ -78.836932712131045, -1.781122843424461 ], [ -78.833801947699627, -1.777083333333315 ], [ -78.836932712131045, -1.773043823242169 ], [ -78.838067287868896, -1.770086669921857 ], [ -78.833900621202218, -1.764710489908836 ], [ -78.8333333333333, -1.758333333333315 ], [ -78.83418409559458, -1.755017428927933 ], [ -78.839710489908825, -1.753599378797725 ], [ -78.843622843424441, -1.750567287868905 ], [ -78.849291653103265, -1.749112616644947 ], [ -78.850567287868898, -1.739456176757794 ], [ -78.853599378797711, -1.735543823242169 ], [ -78.854733954535561, -1.731122843424461 ], [ -78.858729383680526, -1.725967746310745 ], [ -78.8625, -1.725 ], [ -78.863161214192672, -1.717566257052933 ], [ -78.866666666666632, -1.716666666666648 ], [ -78.866666666666632, -1.7125 ], [ -78.866313340928784, -1.705908881293384 ], [ -78.862853325737817, -1.702424452039912 ], [ -78.862146674262121, -1.693408881293384 ], [ -78.858686659071154, -1.689924452039912 ], [ -78.857980007595458, -1.685786946614565 ], [ -78.862146674262121, -1.681591118706578 ], [ -78.862853325737817, -1.677453613281231 ], [ -78.858686659071154, -1.673257785373245 ], [ -78.858333333333306, -1.670833333333315 ], [ -78.846742418077227, -1.670209757486961 ], [ -78.844982571072023, -1.663350762261266 ], [ -78.838350762261257, -1.661649237738696 ], [ -78.8375, -1.658333333333315 ], [ -78.838067287868896, -1.65612284342446 ], [ -78.845266045464385, -1.648043823242169 ], [ -78.846400621202221, -1.640920003255189 ], [ -78.842233954535558, -1.635543823242168 ], [ -78.841099378797708, -1.622789510091127 ], [ -78.838067287868896, -1.618877156575502 ], [ -78.836932712131045, -1.599011908637133 ], [ -78.849432712131048, -1.585543823242168 ], [ -78.850567287868898, -1.574253336588522 ], [ -78.846400621202221, -1.568877156575501 ], [ -78.845266045464385, -1.55954827202689 ], [ -78.853528849283819, -1.557427639431404 ], [ -78.854804484049453, -1.53840569390189 ], [ -78.860543823242153, -1.536932712131057 ], [ -78.864456176757784, -1.533900621202237 ], [ -78.875, -1.533333333333313 ], [ -78.874646674262124, -1.514242214626716 ], [ -78.871186659071157, -1.510757785373244 ], [ -78.870480007595461, -1.497575547960049 ], [ -78.867019992404479, -1.494091118706577 ], [ -78.866313340928784, -1.485075547960049 ], [ -78.860790337456564, -1.479524739583313 ], [ -78.855908881293374, -1.478813340928799 ], [ -78.850358072916634, -1.473290337456577 ], [ -78.85, -1.470833333333313 ], [ -78.838409084743887, -1.470209757486959 ], [ -78.8375, -1.466666666666646 ], [ -78.856326972113678, -1.466049194335917 ], [ -78.86033969455292, -1.463117472330709 ], [ -78.868826972113681, -1.46188252766925 ], [ -78.893673027886251, -1.438117472330708 ], [ -78.897993638780349, -1.43688252766925 ], [ -78.902006361219591, -1.433950805664042 ], [ -78.906326972113689, -1.432715861002583 ], [ -78.911764526367151, -1.42836676703557 ], [ -78.913235134548586, -1.413302612304667 ], [ -78.924028184678789, -1.411731635199632 ], [ -78.9256174723307, -1.406173027886264 ], [ -78.928549194335901, -1.402160305447028 ], [ -78.929166666666632, -1.4 ], [ -78.925912136501708, -1.399233330620639 ], [ -78.924470350477407, -1.39489271375866 ], [ -78.928637017144069, -1.389748128255187 ], [ -78.929696316189208, -1.386559380425326 ], [ -78.925529649522545, -1.381414794921854 ], [ -78.924470350477407, -1.373878309461785 ], [ -78.936970350477395, -1.360581461588521 ], [ -78.9375, -1.354166666666645 ], [ -78.934184095594588, -1.353315904405361 ], [ -78.933333333333309, -1.35 ], [ -78.929166666666632, -1.35 ], [ -78.929733954535564, -1.343622843424458 ], [ -78.933900621202227, -1.338246663411437 ], [ -78.932326592339379, -1.334144422743034 ], [ -78.926956176757784, -1.332766045464388 ], [ -78.923043823242153, -1.329733954535569 ], [ -78.917062717013863, -1.328198920355881 ], [ -78.913067287868898, -1.323043823242166 ], [ -78.911862182617156, -1.305072360568555 ], [ -78.904749552408816, -1.303247070312478 ], [ -78.896400621202233, -1.293877156575499 ], [ -78.895266045464382, -1.289456176757791 ], [ -78.892233954535556, -1.285543823242166 ], [ -78.890815904405358, -1.28001742892793 ], [ -78.8875, -1.279166666666645 ], [ -78.887853325737822, -1.255908881293381 ], [ -78.891313340928789, -1.252424452039909 ], [ -78.891666666666637, -1.245833333333311 ], [ -78.891099378797719, -1.235289510091123 ], [ -78.887968614366287, -1.23125 ], [ -78.891099378797719, -1.227210489908832 ], [ -78.892233954535556, -1.224062771267339 ], [ -78.88390062120223, -1.214710489908832 ], [ -78.882482571072018, -1.209184095594595 ], [ -78.876956176757787, -1.207766045464387 ], [ -78.863403659396667, -1.195187717013866 ], [ -78.8625, -1.191666666666644 ], [ -78.8625, -1.1875 ], [ -78.86193271213105, -1.185289510091123 ], [ -78.858900621202224, -1.181377156575498 ], [ -78.857170274522545, -1.174634128146679 ], [ -78.847925482855871, -1.182871500651019 ], [ -78.843877156575488, -1.179733954535568 ], [ -78.837896050347197, -1.17819892035588 ], [ -78.833900621202218, -1.173043823242165 ], [ -78.832365587022537, -1.167062717013866 ], [ -78.827210489908822, -1.163067287868901 ], [ -78.822789510091113, -1.161932712131053 ], [ -78.818877156575496, -1.158900621202234 ], [ -78.814456176757787, -1.157766045464387 ], [ -78.806377156575493, -1.150567287868901 ], [ -78.801956176757784, -1.149432712131053 ], [ -78.793877156575491, -1.142233954535567 ], [ -78.791666666666629, -1.141666666666644 ], [ -78.792274305555523, -1.125913492838519 ], [ -78.798043823242153, -1.124432712131053 ], [ -78.801956176757784, -1.121400621202234 ], [ -78.804166666666632, -1.12083333333331 ], [ -78.804519992404479, -1.11840888129338 ], [ -78.810042995876699, -1.112858072916644 ], [ -78.8125, -1.1125 ], [ -78.818914794921838, -1.111970350477407 ], [ -78.827073838975664, -1.104554918077234 ], [ -78.832334052191811, -1.108815511067685 ], [ -78.836889309353268, -1.107396443684872 ], [ -78.838029649522539, -1.093585205078102 ], [ -78.845303683810727, -1.085581461588518 ], [ -78.845833333333303, -1.08333333333331 ], [ -78.842290242512988, -1.082424248589386 ], [ -78.84166666666664, -1.07083333333331 ], [ -78.841049194335909, -1.068673027886261 ], [ -78.838117472330694, -1.064660305447025 ], [ -78.836882527669246, -1.035339694552928 ], [ -78.833950805664031, -1.031326972113691 ], [ -78.832539198133645, -1.021627468532962 ], [ -78.821805148654477, -1.020064968532962 ], [ -78.820833333333297, -1.016666666666643 ], [ -78.818408881293365, -1.01701999240449 ], [ -78.814213053385387, -1.021186659071156 ], [ -78.810075547960039, -1.020480007595462 ], [ -78.806591118706564, -1.01701999240449 ], [ -78.804166666666632, -1.016666666666643 ], [ -78.803599378797713, -1.014456176757788 ], [ -78.800567287868887, -1.010543823242164 ], [ -78.79943271213105, -1.006122843424455 ], [ -78.796400621202224, -1.00221048990883 ], [ -78.795266045464373, -0.997789510091122 ], [ -78.791099378797711, -0.992413330078101 ], [ -78.792916531032958, -0.987677341037302 ], [ -78.797789510091121, -0.983900621202233 ], [ -78.803315904405352, -0.982482571072024 ], [ -78.804733954535564, -0.976956176757788 ], [ -78.807766045464376, -0.973043823242163 ], [ -78.808900621202227, -0.960289510091121 ], [ -78.81306728786889, -0.9549133300781 ], [ -78.811763170030346, -0.946725802951364 ], [ -78.806377156575493, -0.942233954535566 ], [ -78.804166666666632, -0.941666666666642 ], [ -78.796553209092849, -0.940890163845462 ], [ -78.795833333333306, -0.929166666666642 ], [ -78.795833333333306, -0.925 ], [ -78.796400621202224, -0.922789510091121 ], [ -78.800396050347189, -0.917634412977406 ], [ -78.807624986436593, -0.915779283311607 ], [ -78.808900621202227, -0.906122843424454 ], [ -78.811932712131039, -0.902210489908829 ], [ -78.8125, -0.879166666666642 ], [ -78.808935885959173, -0.878252156575495 ], [ -78.807766045464376, -0.843622843424454 ], [ -78.804733954535564, -0.839710489908829 ], [ -78.803599378797713, -0.828420003255183 ], [ -78.807766045464376, -0.823043823242162 ], [ -78.808333333333309, -0.820833333333308 ], [ -78.807980007595461, -0.81424221462671 ], [ -78.804519992404479, -0.810757785373238 ], [ -78.804166666666632, -0.808333333333308 ], [ -78.8, -0.808333333333308 ], [ -78.795809936523412, -0.80707177056204 ], [ -78.792309570312469, -0.802135043674019 ], [ -78.790404934353262, -0.795809766981311 ], [ -78.785468207465243, -0.792309400770373 ], [ -78.779964531792501, -0.790652465820286 ], [ -78.7785237630208, -0.781198289659262 ], [ -78.775642903645803, -0.777135043674019 ], [ -78.774357096354137, -0.764531622992596 ], [ -78.767309570312463, -0.756301710340685 ], [ -78.765927463107602, -0.738274637858046 ], [ -78.752031792534694, -0.736857265896241 ], [ -78.747968207465249, -0.73397606743704 ], [ -78.745833333333294, -0.733333333333307 ], [ -78.745266045464376, -0.726956176757786 ], [ -78.742233954535564, -0.723043823242161 ], [ -78.741099378797713, -0.718622843424453 ], [ -78.738067287868887, -0.714710489908828 ], [ -78.73693271213105, -0.706122843424453 ], [ -78.733900621202224, -0.702210489908828 ], [ -78.732365587022542, -0.696229214138428 ], [ -78.727210489908828, -0.692233954535564 ], [ -78.721229383680523, -0.690698920355876 ], [ -78.717233954535558, -0.685543823242161 ], [ -78.715815904405346, -0.680017598470025 ], [ -78.7125, -0.67916666666664 ], [ -78.7125, -0.670833333333307 ], [ -78.7125, -0.6625 ], [ -78.710075547960031, -0.662146674262126 ], [ -78.705879720052053, -0.657980007595459 ], [ -78.689242214626702, -0.658686659071154 ], [ -78.685757785373227, -0.662146674262126 ], [ -78.676742214626699, -0.66285332573782 ], [ -78.672546386718722, -0.667019992404487 ], [ -78.668408881293374, -0.666313340928792 ], [ -78.664924452039898, -0.66285332573782 ], [ -78.651742214626708, -0.662146674262126 ], [ -78.639216444227401, -0.649646674262126 ], [ -78.635075547960042, -0.65035332573782 ], [ -78.63087972005205, -0.654519992404487 ], [ -78.622575547960039, -0.653813340928793 ], [ -78.619091118706564, -0.65035332573782 ], [ -78.595833333333303, -0.65 ], [ -78.594982571072009, -0.646684265136692 ], [ -78.589456176757778, -0.645266045464383 ], [ -78.579769897460906, -0.636480373806397 ], [ -78.579166666666637, -0.620833333333306 ], [ -78.576956176757776, -0.620266045464382 ], [ -78.573043823242159, -0.617233954535563 ], [ -78.567517428927914, -0.615815734863254 ], [ -78.566099378797716, -0.610289510091119 ], [ -78.561487494574621, -0.604759555392768 ], [ -78.517583211262988, -0.603571234809 ], [ -78.516099378797705, -0.597789510091118 ], [ -78.50890062120223, -0.589710489908827 ], [ -78.508333333333297, -0.5875 ], [ -78.505017428927914, -0.588350931803358 ], [ -78.504166666666634, -0.591666666666639 ], [ -78.501956176757773, -0.592233954535563 ], [ -78.498043823242156, -0.595266045464382 ], [ -78.493622843424447, -0.59640062120223 ], [ -78.4895833333333, -0.599531216091552 ], [ -78.484079996744754, -0.595266045464382 ], [ -78.481122843424444, -0.59640062120223 ], [ -78.473043823242151, -0.603599378797716 ], [ -78.467375013563327, -0.605054050021674 ], [ -78.466099378797708, -0.614710489908827 ], [ -78.458900621202218, -0.622789510091119 ], [ -78.457766045464382, -0.643877156575494 ], [ -78.450567287868893, -0.651956176757785 ], [ -78.449432712131042, -0.660543823242161 ], [ -78.44640062120223, -0.664456176757786 ], [ -78.445266045464379, -0.668877156575494 ], [ -78.442233954535553, -0.672789510091119 ], [ -78.440815904405341, -0.678315734863255 ], [ -78.4375, -0.67916666666664 ], [ -78.4375, -0.683333333333306 ], [ -78.433333333333294, -0.683333333333306 ], [ -78.432290649414028, -0.679870266384522 ], [ -78.410365125868026, -0.678523932562907 ], [ -78.40630154079858, -0.675642734103706 ], [ -78.368698459201354, -0.674357265896241 ], [ -78.364634874131909, -0.671476067437039 ], [ -78.356198459201352, -0.670190599229574 ], [ -78.34380154079858, -0.658976067437039 ], [ -78.329938083224789, -0.657561916775147 ], [ -78.328523763020797, -0.643698289659261 ], [ -78.3256429036458, -0.639635043674018 ] ] ], [ [ [ -51.145431516999963, -0.331401466999921 ], [ -51.142124520999971, -0.329707651999854 ], [ -51.139831567999977, -0.331153529999938 ], [ -51.138980468999875, -0.33407428799984 ], [ -51.141071586999885, -0.339758056999926 ], [ -51.134475531999897, -0.343599817999973 ], [ -51.130035469999882, -0.35746080399997 ], [ -51.141693523999948, -0.380346919999965 ], [ -51.161277504999987, -0.393961980999904 ], [ -51.177551472999937, -0.402379254999914 ], [ -51.182098487999951, -0.406674980999924 ], [ -51.188735613999938, -0.407347879999975 ], [ -51.189903548999951, -0.407141014999922 ], [ -51.207229612999981, -0.411933451999971 ], [ -51.205192474999933, -0.408927868999967 ], [ -51.207607468999981, -0.410399730999927 ], [ -51.214034544999947, -0.411278656999968 ], [ -51.218013601999985, -0.406288071999882 ], [ -51.210670551999954, -0.385967656999981 ], [ -51.189193601999932, -0.368894725999894 ], [ -51.180957542999977, -0.358389685999896 ], [ -51.172466507999957, -0.355616784999881 ], [ -51.168559534999986, -0.349738388999867 ], [ -51.164222570999982, -0.346574555999837 ], [ -51.164092483999866, -0.366429104999895 ], [ -51.163543468999933, -0.367761994999967 ], [ -51.159858616999941, -0.365222948999929 ], [ -51.157722572999944, -0.362643166999931 ], [ -51.158321542999943, -0.359909492999975 ], [ -51.157333484999981, -0.35238002899996 ], [ -51.150985533999858, -0.339381038999875 ], [ -51.145431516999963, -0.331401466999921 ] ] ], [ [ [ -50.86999547299996, -0.028614098999867 ], [ -50.888011535999965, -0.033963932999939 ], [ -50.912040607999984, -0.038152536999917 ], [ -50.915260599999954, -0.039732357999981 ], [ -50.955215623999948, -0.030129211999906 ], [ -50.950477501999956, -0.014069484999936 ], [ -50.87814352099997, 0.010517654000068 ], [ -50.801200499999879, 0.039661699000135 ], [ -50.772537575999934, 0.045122341000024 ], [ -50.744049498999971, 0.033334033000074 ], [ -50.724761565999927, 0.017049168000085 ], [ -50.728362598999979, -0.000166254999954 ], [ -50.759338592999939, -0.007912641999951 ], [ -50.777656571999898, -0.010031586999958 ], [ -50.796028529999887, -0.015595326999971 ], [ -50.808662572999935, -0.021224948999929 ], [ -50.823585545999833, -0.025675571999898 ], [ -50.832858612999985, -0.022990512999968 ], [ -50.842201584999941, -0.027372403999891 ], [ -50.855689575999861, -0.027050538999902 ], [ -50.86999547299996, -0.028614098999867 ] ] ], [ [ [ -50.606513531999951, 0.05612727700003 ], [ -50.626838473999953, 0.083926194000185 ], [ -50.63907655499986, 0.11853959900003 ], [ -50.63539153499994, 0.143803829000149 ], [ -50.597328474999983, 0.173327573999984 ], [ -50.576599524999949, 0.186904748000188 ], [ -50.510467482999957, 0.164407217000075 ], [ -50.453506582999921, 0.138532282000142 ], [ -50.437622540999939, 0.125731272000053 ], [ -50.433502500999907, 0.080850707000025 ], [ -50.435188603999961, 0.025681523000173 ], [ -50.434379582999895, -0.007670740999913 ], [ -50.450637624999956, -0.031640971999934 ], [ -50.479263500999878, -0.033666039999957 ], [ -50.498626535999961, -0.025426628999924 ], [ -50.521331602999851, -0.006806733999952 ], [ -50.552108609999948, 0.003843312000072 ], [ -50.560058509999919, 0.01081370300011 ], [ -50.559913502999905, 0.025771712000108 ], [ -50.539108612999883, 0.046262113000182 ], [ -50.515075517999946, 0.046024066000143 ], [ -50.491126575999829, 0.038886541000124 ], [ -50.47739450399996, 0.038750754000148 ], [ -50.470466525999882, 0.04557412600002 ], [ -50.470397626999954, 0.052465559000098 ], [ -50.47833260699997, 0.059443996000084 ], [ -50.503440597999941, 0.06660247700006 ], [ -50.522842523999884, 0.071390220000183 ], [ -50.533149582999954, 0.070343488000049 ], [ -50.545730483999876, 0.070468378000101 ], [ -50.550338519999855, 0.067067505000182 ], [ -50.574562554999886, 0.047760964000133 ], [ -50.589500614999963, 0.042156321000107 ], [ -50.606513531999951, 0.05612727700003 ] ] ], [ [ [ -49.907974604999822, 1.476236086000142 ], [ -49.901191465999887, 1.469261504000031 ], [ -49.897750526999971, 1.469220768000184 ], [ -49.890613504999976, 1.468380734000164 ], [ -49.876037542999939, 1.466662946000099 ], [ -49.873733524999977, 1.370129070000075 ], [ -49.885505572999932, 1.341541081000173 ], [ -49.906173501999945, 1.31700792100014 ], [ -49.906780518999881, 1.310587383000041 ], [ -49.909255527999846, 1.303146097000024 ], [ -49.917705491999982, 1.289303048000136 ], [ -49.934997525999961, 1.270513504000178 ], [ -49.945079613999894, 1.261638242000174 ], [ -49.968517594999923, 1.251134041000114 ], [ -49.982089572999939, 1.242678544000114 ], [ -49.988639526999918, 1.241114816000049 ], [ -49.994293623999965, 1.237085971000056 ], [ -50.018447585999979, 1.227009750000093 ], [ -50.040416554999865, 1.229710734000093 ], [ -50.047248475999879, 1.22211421500009 ], [ -50.066162575999954, 1.214700590000177 ], [ -50.072338529999911, 1.206025320000037 ], [ -50.072956611999984, 1.203750470999978 ], [ -50.072353616999919, 1.200932811000087 ], [ -50.015235472999962, 1.207448232000161 ], [ -50.010589551999942, 1.207562393000103 ], [ -50.006797578999965, 1.20962920300002 ], [ -49.984615542999961, 1.208553134000113 ], [ -49.965087552999819, 1.215135778000104 ], [ -49.953983541999889, 1.222766998000054 ], [ -49.951408621999974, 1.223838038000167 ], [ -49.938194550999924, 1.23874475000008 ], [ -49.915145490999919, 1.252266771000052 ], [ -49.903770577999978, 1.246388207 ], [ -49.892532624999944, 1.229024759000083 ], [ -49.889442552999981, 1.199118967000118 ], [ -49.897705599999881, 1.176228492 ], [ -49.91855658999998, 1.15462614900008 ], [ -49.931320552999864, 1.138691480000148 ], [ -49.943023532999973, 1.117002970000101 ], [ -49.95474260799989, 1.091852902000028 ], [ -49.972167577999869, 1.069061502000011 ], [ -50.015800580999894, 1.055753721000031 ], [ -50.036537576999876, 1.044494311000108 ], [ -50.045799579999937, 1.034246261000021 ], [ -50.071433619999937, 0.993181138000182 ], [ -50.078460503999906, 0.978314491000162 ], [ -50.107315540999878, 0.956789093000111 ], [ -50.134918489999905, 0.945622890000038 ], [ -50.157943577999959, 0.932057953000026 ], [ -50.171768520999933, 0.923022429000127 ], [ -50.209876508999969, 0.892397972000083 ], [ -50.227157478999857, 0.88110268700018 ], [ -50.243362546999947, 0.881277701000101 ], [ -50.244323615999974, 0.880789707000019 ], [ -50.257270471999902, 0.872331361000079 ], [ -50.261791501999937, 0.871304242000065 ], [ -50.263839536999967, 0.873582276000093 ], [ -50.274120611999933, 0.865533972000151 ], [ -50.274948575999929, 0.860365188 ], [ -50.281543624999983, 0.840731586000175 ], [ -50.286781475999874, 0.830496444000119 ], [ -50.291946572999905, 0.816274533000126 ], [ -50.303878546999954, 0.771569820000082 ], [ -50.310932588999833, 0.757159988000069 ], [ -50.310607538999932, 0.756001106000156 ], [ -50.313083552999899, 0.747113774000184 ], [ -50.322338514999956, 0.736169523000171 ], [ -50.324409515999889, 0.736552408000136 ], [ -50.338760507999893, 0.720217588000025 ], [ -50.356124625999882, 0.702009075999968 ], [ -50.388481621999972, 0.672465382000155 ], [ -50.421836567999947, 0.656719306000127 ], [ -50.456382581999947, 0.635243026000012 ], [ -50.469100610999931, 0.62272314500018 ], [ -50.500770625999905, 0.549479561000055 ], [ -50.522933551999984, 0.509469552000098 ], [ -50.533462562999944, 0.486587291000149 ], [ -50.570785501999922, 0.419117329000017 ], [ -50.598663543999976, 0.379169179000144 ], [ -50.625213557999984, 0.35643879800017 ], [ -50.665710554999976, 0.313158171000168 ], [ -50.696960469999965, 0.277824760999977 ], [ -50.715599474999919, 0.245817122000119 ], [ -50.728317504999893, 0.232149256000071 ], [ -50.742134568999973, 0.224227687000052 ], [ -50.74779151599995, 0.224995804000059 ], [ -50.759643526999923, 0.212716819000093 ], [ -50.765365516999964, 0.221230989000048 ], [ -50.769676496999978, 0.216461351000135 ], [ -50.768058621999955, 0.210658894000062 ], [ -50.769706504999874, 0.202186466 ], [ -50.774841593999952, 0.19351320800007 ], [ -50.78490457099997, 0.183397760000105 ], [ -50.790855554999951, 0.181956073000094 ], [ -50.810752516999912, 0.185073638000063 ], [ -50.828899504999868, 0.18457172899997 ], [ -50.849044570999922, 0.174691645000166 ], [ -50.874359594999817, 0.161154368000155 ], [ -50.896179532999895, 0.152171147000047 ], [ -50.913402499999847, 0.146593661000054 ], [ -50.910812491999934, 0.176476487000059 ], [ -50.909461496999882, 0.197155815999963 ], [ -50.904655480999963, 0.220117201000107 ], [ -50.894226549999928, 0.232670107000104 ], [ -50.882713502999934, 0.23944955800016 ], [ -50.868804571999931, 0.25657328300008 ], [ -50.861808532999873, 0.270300494000139 ], [ -50.86396050299993, 0.282961359000069 ], [ -50.871849549999979, 0.294550681000146 ], [ -50.883056489999888, 0.318812603000083 ], [ -50.877967500999887, 0.368234986000061 ], [ -50.865127598999948, 0.393401146999963 ], [ -50.85706353799992, 0.399064632000091 ], [ -50.837646523999979, 0.395418839000115 ], [ -50.825202582999964, 0.381493983000155 ], [ -50.816230592999943, 0.362991435000083 ], [ -50.802596589999951, 0.353660030000071 ], [ -50.783126601999982, 0.354611208000108 ], [ -50.766990599999986, 0.367094209000072 ], [ -50.743514565999931, 0.42435585100003 ], [ -50.731231556999944, 0.504735956000104 ], [ -50.738235475999943, 0.601408636000087 ], [ -50.744590466999966, 0.649785126000154 ], [ -50.760406614999852, 0.669492489000106 ], [ -50.774047491999966, 0.677697031000037 ], [ -50.801406526999983, 0.68718517800005 ], [ -50.829872475999878, 0.701282198000058 ], [ -50.851478507999957, 0.713009318000104 ], [ -50.865104464999831, 0.723512514000163 ], [ -50.891273604999981, 0.737586400000055 ], [ -50.903839586999879, 0.74001731900006 ], [ -50.933624511999938, 0.736882487000173 ], [ -50.958778602999928, 0.739455396000153 ], [ -50.995269553999947, 0.750190603000135 ], [ -51.033927561999917, 0.774760476000097 ], [ -51.045104494999919, 0.799039664000077 ], [ -51.040214492999894, 0.82889566800003 ], [ -51.013610498999924, 0.85505575500008 ], [ -50.978828618999955, 0.89611149100017 ], [ -50.927452580999898, 0.992182350000178 ], [ -50.905235508999908, 1.035654085000147 ], [ -50.859771562999981, 1.111082329000055 ], [ -50.758560584999941, 1.260617326000045 ], [ -50.743606598999975, 1.266204869999967 ], [ -50.734535535999953, 1.259201287000053 ], [ -50.727798496999924, 1.247628226000018 ], [ -50.729171620999978, 1.22694470600004 ], [ -50.739082550999854, 1.159204009000177 ], [ -50.732589592999886, 1.125785193000127 ], [ -50.722549581999886, 1.101522098000146 ], [ -50.710121565999827, 1.087580143000082 ], [ -50.697532617999968, 1.087443350000058 ], [ -50.689414577999912, 1.096545427000081 ], [ -50.68118254299992, 1.117161891000023 ], [ -50.666892570999892, 1.166460222000012 ], [ -50.650360607999914, 1.213424864000103 ], [ -50.638725520999856, 1.229388534000066 ], [ -50.616874569999879, 1.239493924000044 ], [ -50.597335514999941, 1.246170278000022 ], [ -50.585693554999921, 1.264447017000123 ], [ -50.585296587999949, 1.298932346000186 ], [ -50.598625489999847, 1.335879608000084 ], [ -50.616798629999892, 1.347588792000067 ], [ -50.636383616999979, 1.336303732000033 ], [ -50.661720601999889, 1.322791602000052 ], [ -50.670791496999925, 1.329804069000033 ], [ -50.678482563999978, 1.358621891000041 ], [ -50.687278532999983, 1.389785471000096 ], [ -50.709106517999942, 1.383119176000037 ], [ -50.727683497999919, 1.359172917000137 ], [ -50.732345511999938, 1.352332278000176 ], [ -50.73919654499997, 1.353556204000029 ], [ -50.741294534999895, 1.370833150000067 ], [ -50.734245521999924, 1.386847950000174 ], [ -50.745536615999981, 1.400788898999963 ], [ -50.753333629999929, 1.419277533000127 ], [ -50.746421577999911, 1.423796217000074 ], [ -50.738410489999922, 1.423706195000079 ], [ -50.73270459299988, 1.422491993000165 ], [ -50.695968554999865, 1.431278407000093 ], [ -50.698188585999958, 1.437049012000159 ], [ -50.702674580999883, 1.446308500000157 ], [ -50.709434585999986, 1.455584585000167 ], [ -50.717376606999949, 1.461419395000121 ], [ -50.732185585999957, 1.467330649000019 ], [ -50.743576591999897, 1.473223462000078 ], [ -50.750251603999914, 1.489392321000025 ], [ -50.766021484999897, 1.511427506000075 ], [ -50.793266525999968, 1.531289096000137 ], [ -50.804511518999846, 1.548659585000053 ], [ -50.806434495999952, 1.580890182000019 ], [ -50.796928578999939, 1.611832983000113 ], [ -50.793167618999973, 1.640549885999974 ], [ -50.800819625999907, 1.671697374000189 ], [ -50.807319624999934, 1.702822062999985 ], [ -50.801300579999918, 1.729207120000069 ], [ -50.775512480999964, 1.780651554000087 ], [ -50.72821055199995, 1.908917975000122 ], [ -50.707122521999906, 2.045515671000032 ], [ -50.719322548999969, 2.101162456000054 ], [ -50.682350476999943, 2.106166117000043 ], [ -50.660522492999974, 2.111667830999977 ], [ -50.641052504999834, 2.112582632000112 ], [ -50.612724521999951, 2.088081323000154 ], [ -50.591216557999928, 2.067135953000104 ], [ -50.588096478999887, 2.053898916000094 ], [ -50.584686552999983, 2.03945991400002 ], [ -50.576858525999967, 2.000498984000103 ], [ -50.574958515999981, 1.991042521000054 ], [ -50.567169548999971, 1.972542990000022 ], [ -50.54798152799998, 1.949330818000021 ], [ -50.529876617999946, 1.931867123000018 ], [ -50.515064620999908, 1.913238510000156 ], [ -50.509567600999844, 1.906326961000161 ], [ -50.492813517999878, 1.871633760000122 ], [ -50.472534508999843, 1.84379963900011 ], [ -50.463561513999935, 1.82874171800006 ], [ -50.437385500999937, 1.815780613000129 ], [ -50.409904592999965, 1.816613774000018 ], [ -50.38236249799985, 1.822038375000091 ], [ -50.35369152699991, 1.826292861000184 ], [ -50.329688605999877, 1.822544139000172 ], [ -50.322223515999951, 1.821747187000142 ], [ -50.30673962599991, 1.821908287000156 ], [ -50.302391596999939, 1.819941558000039 ], [ -50.289657474999956, 1.819789510000078 ], [ -50.271430523999982, 1.812665059999972 ], [ -50.270534497999847, 1.808869231000074 ], [ -50.258346539999934, 1.757334104999984 ], [ -50.215423484999917, 1.708551932000091 ], [ -50.139259476999882, 1.663973953000038 ], [ -50.108711463999839, 1.633734226000058 ], [ -50.093032610999842, 1.604819677000137 ], [ -50.068138525999871, 1.580389447000073 ], [ -50.049911574999953, 1.572121035 ], [ -50.029342551999946, 1.569584168000176 ], [ -50.012062587999878, 1.578574430000117 ], [ -49.987914491999902, 1.588631708000037 ], [ -49.967307582999979, 1.588388800000189 ], [ -49.945709597999894, 1.575488883000162 ], [ -49.928878568999949, 1.547713938000015 ], [ -49.920181505999949, 1.508555866000165 ], [ -49.914718516999926, 1.486655294000172 ], [ -49.907974604999822, 1.476236086000142 ] ] ], [ [ [ -50.455692582999973, 1.905098006000173 ], [ -50.455825519999962, 1.917624090000061 ], [ -50.468940516999908, 1.932238106000113 ], [ -50.483337608999932, 1.972665030000144 ], [ -50.506935515999942, 2.009749420000048 ], [ -50.512527586999965, 2.012166257999979 ], [ -50.516433553999946, 2.014862046000133 ], [ -50.521148541999878, 2.026043169000047 ], [ -50.5217585769999, 2.032665543000121 ], [ -50.508308471999953, 2.084430836000138 ], [ -50.503456522999954, 2.108592007000084 ], [ -50.538574517999962, 2.140076447000069 ], [ -50.546340518999898, 2.160865076000164 ], [ -50.522052613999904, 2.187513996000121 ], [ -50.522621576999825, 2.189344939000023 ], [ -50.527961519999963, 2.197010357000067 ], [ -50.534126577999984, 2.20239891500006 ], [ -50.538856485999986, 2.203853678000087 ], [ -50.554695599999945, 2.201596096000173 ], [ -50.560657480999907, 2.202017035999972 ], [ -50.563533478999943, 2.204917845000125 ], [ -50.564353564999863, 2.210714434000181 ], [ -50.556934573999911, 2.226436202 ], [ -50.536968545999912, 2.240902026000185 ], [ -50.521942475999936, 2.249576456999989 ], [ -50.504451622999852, 2.255144891000157 ], [ -50.48717149099997, 2.256777853000074 ], [ -50.47955653199989, 2.260908455000049 ], [ -50.457961564999948, 2.260259696000105 ], [ -50.431850594999901, 2.250704326000175 ], [ -50.420749601999887, 2.244686623000064 ], [ -50.414169472999902, 2.243849773000136 ], [ -50.405338467999911, 2.231625773000133 ], [ -50.395267610999952, 2.224988312000107 ], [ -50.390132521999874, 2.219806452000171 ], [ -50.381511566999961, 2.204270762000135 ], [ -50.384189584999945, 2.200548191000053 ], [ -50.396747519999906, 2.190837924000164 ], [ -50.403350615999955, 2.173254200000088 ], [ -50.408088569999904, 2.167464651000103 ], [ -50.417770505999954, 2.165792797000108 ], [ -50.415073544999984, 2.161545854000167 ], [ -50.353980534999948, 2.06536200700009 ], [ -50.318115544999955, 2.000542067000026 ], [ -50.302680605999967, 1.952077734999989 ], [ -50.313514550999855, 1.907364976000167 ], [ -50.326747563999902, 1.897892587000058 ], [ -50.323802498999953, 1.894002043 ], [ -50.356430565999972, 1.869368803000043 ], [ -50.378444627999954, 1.855534807000083 ], [ -50.385028612999974, 1.851612076000151 ], [ -50.392639548999909, 1.849346112000092 ], [ -50.404151589999969, 1.848742280000067 ], [ -50.423271549999924, 1.848974123000119 ], [ -50.432109595999862, 1.851882979000095 ], [ -50.435600490999946, 1.854991827000106 ], [ -50.439296574999958, 1.858928472000173 ], [ -50.442989473999887, 1.867210798000087 ], [ -50.447708484999907, 1.873425476000079 ], [ -50.45365561299991, 1.888748432999989 ], [ -50.455692582999973, 1.905098006000173 ] ] ], [ [ [ -58.520065636999902, 6.758319358000165 ], [ -58.522365630999957, 6.758105452000052 ], [ -58.524398577999932, 6.763637173000063 ], [ -58.512950574999877, 6.790457922000087 ], [ -58.50597347899992, 6.802135087000181 ], [ -58.503662587999941, 6.80372815100003 ], [ -58.500690532999954, 6.801180388000148 ], [ -58.499355630999901, 6.794502861000183 ], [ -58.501247593999949, 6.786469477000026 ], [ -58.520065636999902, 6.758319358000165 ] ] ], [ [ [ -58.547233564999885, 6.753677628000162 ], [ -58.558910561999824, 6.727317548000087 ], [ -58.560520557999894, 6.726868614000068 ], [ -58.561187588999928, 6.730551287000083 ], [ -58.557441548999975, 6.775129098000093 ], [ -58.554546607999953, 6.795800715000098 ], [ -58.549663477999957, 6.803814150000107 ], [ -58.535190613999987, 6.835901751000051 ], [ -58.530696572999943, 6.854492477000065 ], [ -58.526718520999964, 6.864810600000169 ], [ -58.519748633999882, 6.878947518000132 ], [ -58.512996507999958, 6.887013926000179 ], [ -58.50584054199993, 6.89087362500004 ], [ -58.497318492999966, 6.892883773000108 ], [ -58.485286605999875, 6.902915905999976 ], [ -58.479995613999904, 6.90311003000005 ], [ -58.476795570999968, 6.900098077000166 ], [ -58.472949617999916, 6.890416812000183 ], [ -58.472530522999875, 6.884207330000152 ], [ -58.474418630999935, 6.877093776000095 ], [ -58.484210536999967, 6.857851274000097 ], [ -58.496299588999932, 6.838393690999965 ], [ -58.505344500999911, 6.827420271000108 ], [ -58.514366612999822, 6.819435838000174 ], [ -58.518604503999882, 6.805210910000028 ], [ -58.530654494999965, 6.791500128000166 ], [ -58.540878572999986, 6.775935101000073 ], [ -58.547233564999885, 6.753677628000162 ] ] ], [ [ [ -58.54857651299983, 6.89829311800014 ], [ -58.54971360199994, 6.900141160000089 ], [ -58.54528460399996, 6.909305430000188 ], [ -58.543674608999936, 6.909064534000152 ], [ -58.53107861999996, 6.935183383000037 ], [ -58.516014495999912, 6.952322196000125 ], [ -58.513214604999973, 6.95804871200005 ], [ -58.505588581999973, 6.963284552000175 ], [ -58.500514512999985, 6.964857500000107 ], [ -58.497768600999962, 6.963000405000173 ], [ -58.50016347899998, 6.948534581 ], [ -58.504829515999973, 6.939141150000069 ], [ -58.529388492999885, 6.912415284000133 ], [ -58.552860503999966, 6.876942735000114 ], [ -58.555438609999953, 6.86960437800019 ], [ -58.557968602999949, 6.869621142000142 ], [ -58.557929543999933, 6.875137775000155 ], [ -58.555801545999884, 6.883859313000016 ], [ -58.54857651299983, 6.89829311800014 ] ] ], [ [ [ -58.431167506999884, 6.946446649000109 ], [ -58.421413485999949, 6.959942854000076 ], [ -58.416095503999941, 6.963812611000094 ], [ -58.379005582999923, 6.971138060000158 ], [ -58.371669572999906, 6.967869117000134 ], [ -58.354194478999887, 6.966365236000172 ], [ -58.331462589999944, 6.960227671000098 ], [ -58.328964614999961, 6.955613099 ], [ -58.330593553999961, 6.952867355000024 ], [ -58.353870601999915, 6.946824841000137 ], [ -58.359931555999935, 6.934683654000025 ], [ -58.365016520999859, 6.93127171600014 ], [ -58.391521607999891, 6.924101501000109 ], [ -58.414585587999966, 6.915068156000075 ], [ -58.446247556999936, 6.89345055800004 ], [ -58.459464476999983, 6.877908833000106 ], [ -58.464988486999971, 6.877257726000153 ], [ -58.466934596999977, 6.895433548000142 ], [ -58.465679490999946, 6.911286242000131 ], [ -58.462890495999943, 6.91563510800006 ], [ -58.431167506999884, 6.946446649000109 ] ] ], [ [ [ -58.474063572999967, 6.964446283000086 ], [ -58.470104632999949, 6.971773911000128 ], [ -58.444683493999889, 7.003427665000117 ], [ -58.440368489999912, 7.014552798000182 ], [ -58.43769851899998, 7.034990225000172 ], [ -58.435153604999925, 7.03727228200006 ], [ -58.426200558999881, 7.033990431000063 ], [ -58.401485511999908, 7.014969881000127 ], [ -58.390518629999974, 7.003859501000136 ], [ -58.389167633999818, 6.999483980000036 ], [ -58.391975571999978, 6.992606461000037 ], [ -58.413444475999938, 6.981494069 ], [ -58.428947475999962, 6.968039270000133 ], [ -58.471801632999984, 6.924431413000036 ], [ -58.481738546999964, 6.917604688000154 ], [ -58.509429504999957, 6.904231697000057 ], [ -58.511485585999935, 6.906544767000128 ], [ -58.509830494999846, 6.913429997000151 ], [ -58.482269623999912, 6.941285073000074 ], [ -58.477611632999981, 6.949988339000015 ], [ -58.474063572999967, 6.964446283000086 ] ] ], [ [ [ -58.465297610999983, 7.104595225000025 ], [ -58.46364553799998, 7.110789787000101 ], [ -58.457420633999959, 7.112814687000082 ], [ -58.454692491999936, 7.107970114000125 ], [ -58.454605487999913, 7.086364418000187 ], [ -58.460578599999963, 7.053537029000154 ], [ -58.462074601999916, 7.036309201000051 ], [ -58.465820473999884, 7.02691174600011 ], [ -58.469970521999983, 7.02579108600014 ], [ -58.473140557999898, 7.033168501999967 ], [ -58.467445557999952, 7.05910144 ], [ -58.465297610999983, 7.104595225000025 ] ] ], [ [ [ -62.545909493999943, 7.592769001000022 ], [ -62.54782459099988, 7.58630521300006 ], [ -62.549755613999935, 7.582422547000135 ], [ -62.55104458299985, 7.580480628000146 ], [ -62.55428653599995, 7.579173722000178 ], [ -62.557537540999988, 7.578511887000047 ], [ -62.562107521999906, 7.581071720000182 ], [ -62.564067545999933, 7.583643623000114 ], [ -62.56474647999994, 7.588160128000141 ], [ -62.565418540999985, 7.592029885000159 ], [ -62.566738522999856, 7.595895619000089 ], [ -62.568050626999877, 7.59847137700001 ], [ -62.570667623999952, 7.601685334000138 ], [ -62.571987605999936, 7.604260926000052 ], [ -62.573306582999976, 7.608127832999969 ], [ -62.572688500999902, 7.613294270000154 ], [ -62.570102515999906, 7.617180121000047 ], [ -62.56752357199997, 7.621065971000064 ], [ -62.56624248199995, 7.624299542000188 ], [ -62.566257569999948, 7.627526239000076 ], [ -62.568218599999909, 7.628808335000144 ], [ -62.572116519999952, 7.628789392000044 ], [ -62.575374565999937, 7.628773131000059 ], [ -62.577976475999947, 7.628760223000029 ], [ -62.58122647499988, 7.628744297000139 ], [ -62.583843640999987, 7.631313015000046 ], [ -62.583866606999948, 7.635186796000028 ], [ -62.58388152699996, 7.639059570000029 ], [ -62.585201508999887, 7.64292530400013 ], [ -62.585231515999908, 7.647442814000158 ], [ -62.587848513999973, 7.650011868000092 ], [ -62.590457632999971, 7.651290611000093 ], [ -62.5989116209999, 7.651893773000097 ], [ -62.602161619999947, 7.651232776000029 ], [ -62.604755482999906, 7.649928887000044 ], [ -62.60670058799991, 7.64862784800016 ], [ -62.609950586999958, 7.647321947000023 ], [ -62.613193544999945, 7.646014203000163 ], [ -62.617099511999925, 7.645994924000092 ], [ -62.618179603999977, 7.646790870000018 ], [ -62.621627583999953, 7.650486619000048 ], [ -62.622505504999936, 7.651428744999976 ], [ -62.623004562999938, 7.655647189000149 ], [ -62.62303557599995, 7.66081111200009 ], [ -62.623058542999956, 7.665973694000058 ], [ -62.623081508999974, 7.669847306000122 ], [ -62.622455547999891, 7.673723098000153 ], [ -62.618556621999971, 7.674387951000028 ], [ -62.614650487999882, 7.675052971000127 ], [ -62.612064502999885, 7.67700193100012 ], [ -62.610782574999973, 7.68023667500006 ], [ -62.60694450099993, 7.692518846000098 ], [ -62.606983560999936, 7.700264060000052 ], [ -62.60377161599996, 7.706734554000036 ], [ -62.601840592999963, 7.711262290000036 ], [ -62.598606518999986, 7.714506086000029 ], [ -62.593410577999919, 7.71517714200013 ], [ -62.587551626999925, 7.715204970000116 ], [ -62.581691502999945, 7.713943996000069 ], [ -62.57712152199997, 7.712030407999976 ], [ -62.574504523999906, 7.708815444999971 ], [ -62.573780495999927, 7.694618512000147 ], [ -62.57439052999996, 7.688160927000069 ], [ -62.575015484999881, 7.68364023100014 ], [ -62.574993524999968, 7.67847681100011 ], [ -62.574954632999948, 7.672022243000015 ], [ -62.573635488999855, 7.66880141200005 ], [ -62.572315506999985, 7.665579744000127 ], [ -62.570362522999858, 7.664297648000115 ], [ -62.567760612999962, 7.664310892000117 ], [ -62.563205550999896, 7.664978594000161 ], [ -62.556056625999929, 7.665659708000021 ], [ -62.550853475999929, 7.6663295890001 ], [ -62.546298581999906, 7.666352723000045 ], [ -62.543048582999859, 7.666367475000015 ], [ -62.539783495999984, 7.664447684000095 ], [ -62.536510530999976, 7.660590165000031 ], [ -62.535839475999978, 7.656720240000027 ], [ -62.535175628999923, 7.653496393000182 ], [ -62.535160540999925, 7.650914766000028 ], [ -62.536449509999898, 7.648325764000049 ], [ -62.542926541999975, 7.643777072999967 ], [ -62.547466515999986, 7.641173486000127 ], [ -62.551357562999897, 7.639217485000188 ], [ -62.552646531999983, 7.636629656000025 ], [ -62.55263161299996, 7.633401953000032 ], [ -62.550647615999935, 7.628248256000063 ], [ -62.547374482999942, 7.624390737000169 ], [ -62.544765531999985, 7.621821683000064 ], [ -62.542789581999898, 7.617957961000116 ], [ -62.542774494999833, 7.615376335000065 ], [ -62.542743481999935, 7.60956767600004 ], [ -62.543346475999897, 7.599881381000159 ], [ -62.545909493999943, 7.592769001000022 ] ] ], [ [ [ -63.075382582999964, 7.655333370000051 ], [ -63.076915633999988, 7.651199751000036 ], [ -63.08050962599998, 7.644474112000182 ], [ -63.084102612999914, 7.638265636000028 ], [ -63.08929050799992, 7.636686821000069 ], [ -63.093463521999979, 7.638209645000131 ], [ -63.09659952699991, 7.641800285000045 ], [ -63.098186556999963, 7.64591613500005 ], [ -63.100292593999939, 7.649513814999978 ], [ -63.102405503999876, 7.655689265999968 ], [ -63.103481572999897, 7.66084011300012 ], [ -63.105609569999956, 7.668562528000052 ], [ -63.117130495999902, 7.682417311 ], [ -63.126522585999965, 7.687518202000092 ], [ -63.134883534999915, 7.694687412000121 ], [ -63.139079515999924, 7.700334131999966 ], [ -63.141216565999912, 7.709087354000189 ], [ -63.141246572999819, 7.714244068000028 ], [ -63.141292505999957, 7.7204315890001 ], [ -63.142894622999847, 7.727641199000118 ], [ -63.144512497999926, 7.736398612000073 ], [ -63.146129533999897, 7.745154851000052 ], [ -63.148242611999933, 7.750814647000084 ], [ -63.148265578999883, 7.75390723400011 ], [ -63.14360456999998, 7.755999189000079 ], [ -63.140491530999952, 7.75704810100018 ], [ -63.137889620999886, 7.756549042000188 ], [ -63.133731525999906, 7.75657402000013 ], [ -63.130084559999887, 7.756079991000036 ], [ -63.12747560899993, 7.754548114000045 ], [ -63.126422505999926, 7.752492201000166 ], [ -63.125888578999877, 7.749916610000128 ], [ -63.124263495999912, 7.73961441300014 ], [ -63.121639624999943, 7.7355035920001 ], [ -63.11691658999996, 7.728828915000179 ], [ -63.11738949699992, 7.722121548000018 ], [ -63.117343563999952, 7.714903053000057 ], [ -63.116786502999958, 7.708718382000029 ], [ -63.113635577999958, 7.703580946000045 ], [ -63.109981570999935, 7.701539953 ], [ -63.106326557999921, 7.699498121000033 ], [ -63.09903363199993, 7.695932460000108 ], [ -63.093799635999972, 7.690806758000065 ], [ -63.083927597999832, 7.690864929000156 ], [ -63.082385495999972, 7.693452590000106 ], [ -63.082942556999967, 7.699637260999964 ], [ -63.082965523999974, 7.70324701100003 ], [ -63.084018625999988, 7.705818578999981 ], [ -63.087177597999982, 7.711988330000054 ], [ -63.087222524999959, 7.718690668000022 ], [ -63.084690518999878, 7.728504200000032 ], [ -63.081066519999979, 7.731619921000174 ], [ -63.077442519999977, 7.733187840000141 ], [ -63.073284592999926, 7.73372763500015 ], [ -63.067577522999898, 7.735307455999987 ], [ -63.065006624999967, 7.739964106 ], [ -63.066066600999932, 7.743051999000159 ], [ -63.066623494999988, 7.748205696000184 ], [ -63.067684475999954, 7.751293421000128 ], [ -63.071865536999951, 7.755394016000025 ], [ -63.076053638999895, 7.760009930000024 ], [ -63.080234531999963, 7.763079718000029 ], [ -63.085445560999915, 7.765626476000023 ], [ -63.087032590999968, 7.769227174000093 ], [ -63.086536549999948, 7.773354757999982 ], [ -63.08603262999992, 7.776451704000067 ], [ -63.081905547999952, 7.780601416000081 ], [ -63.082454562999885, 7.784723972000108 ], [ -63.084033545999887, 7.788839821000067 ], [ -63.084056511999904, 7.79244957200001 ], [ -63.084094565999976, 7.798121103000085 ], [ -63.08150858099998, 7.800198977000036 ], [ -63.077899500999933, 7.804860656000187 ], [ -63.073764540999946, 7.807979227000033 ], [ -63.072750497999891, 7.811595180000154 ], [ -63.071735616999945, 7.815725949000068 ], [ -63.070201560999919, 7.819860575000064 ], [ -63.068141624999953, 7.822966405000159 ], [ -63.063465528999927, 7.823509384999966 ], [ -63.060863617999928, 7.823009320000097 ], [ -63.056178636999903, 7.822521326000015 ], [ -63.054103612999882, 7.822532390000049 ], [ -63.048358488999895, 7.818956502000106 ], [ -63.04521561099989, 7.814849705000029 ], [ -63.045185603999983, 7.809693158000186 ], [ -63.045635543999936, 7.799378053000169 ], [ -63.045612577999975, 7.795769308000047 ], [ -63.043994534999968, 7.786497079000185 ], [ -63.041370496999889, 7.782902081000088 ], [ -63.039272505999975, 7.779304401000161 ], [ -63.038188558999877, 7.773122915000101 ], [ -63.038165591999928, 7.768998180000153 ], [ -63.036586608999869, 7.765913471999966 ], [ -63.034961525999961, 7.755094112000052 ], [ -63.035449519999929, 7.750450537000177 ], [ -63.039485573999912, 7.730831855000133 ], [ -63.040492575999906, 7.726700247000053 ], [ -63.04253055199996, 7.719985840000106 ], [ -63.048717569999951, 7.711698317000128 ], [ -63.052837610999973, 7.705486656000176 ], [ -63.054874580999922, 7.69928605900003 ], [ -63.067195475999881, 7.67600901100019 ], [ -63.070293594999896, 7.672380988000157 ], [ -63.074397541999929, 7.664105870000071 ], [ -63.075382582999964, 7.655333370000051 ] ] ], [ [ [ -62.221271510999941, 7.755233084000054 ], [ -62.221256590999928, 7.752006554000047 ], [ -62.223190630999909, 7.748770636000188 ], [ -62.227081510999881, 7.746172749000095 ], [ -62.230983621999883, 7.745509741000092 ], [ -62.234870477999891, 7.74226711700004 ], [ -62.234851534999905, 7.738393504999976 ], [ -62.232887486999971, 7.73517468600005 ], [ -62.227020489999973, 7.733262774000139 ], [ -62.22246961999997, 7.733282891000101 ], [ -62.215957551999907, 7.732664642000032 ], [ -62.212047560999963, 7.73138975400002 ], [ -62.207477579999932, 7.727536258000043 ], [ -62.205501629999958, 7.722380382000154 ], [ -62.204166560999965, 7.715286106000065 ], [ -62.20415449099994, 7.712704145000032 ], [ -62.206092553999895, 7.710115477999977 ], [ -62.209342553999875, 7.709456493000118 ], [ -62.221057603999895, 7.710052446000134 ], [ -62.222999523999988, 7.708107509000058 ], [ -62.222972533999894, 7.702299018000019 ], [ -62.222949567999876, 7.697780334000072 ], [ -62.222278511999946, 7.693265672999985 ], [ -62.222251522999954, 7.687456009000186 ], [ -62.222236602999942, 7.68422830500009 ], [ -62.222877482999934, 7.682289403000084 ], [ -62.224151531999951, 7.677120954000088 ], [ -62.225444524999887, 7.675178867000056 ], [ -62.228042579999908, 7.67387699000011 ], [ -62.232604513999888, 7.675793764000048 ], [ -62.237831636999942, 7.680936397000039 ], [ -62.239807586999916, 7.686091267000052 ], [ -62.243068481999899, 7.687368166000113 ], [ -62.245670559999894, 7.687357102000078 ], [ -62.249584573999982, 7.689277061000041 ], [ -62.251548620999984, 7.691849802000036 ], [ -62.252899615999922, 7.702817020000055 ], [ -62.258178538999971, 7.71828599000014 ], [ -62.260799559999953, 7.72214770000005 ], [ -62.262760589999971, 7.723430465999968 ], [ -62.267307604999928, 7.722764608000148 ], [ -62.269908509999937, 7.722108640000044 ], [ -62.272506563999968, 7.72145166700011 ], [ -62.279655489999925, 7.720129841000187 ], [ -62.292747518999931, 7.736209516000031 ], [ -62.302555519999942, 7.746493776000079 ], [ -62.307151484999963, 7.754865286000154 ], [ -62.307197584999983, 7.764545546000136 ], [ -62.308540533999974, 7.772930969000186 ], [ -62.31248455399998, 7.780659252000078 ], [ -62.314445584999987, 7.782587257000159 ], [ -62.317039615999931, 7.7806393030001 ], [ -62.318313497999895, 7.775469848000057 ], [ -62.322841568999934, 7.770285976000082 ], [ -62.326736639999979, 7.76833215400012 ], [ -62.330650485999968, 7.770252113000083 ], [ -62.335227507999889, 7.774749675000066 ], [ -62.342441475999919, 7.786334973000066 ], [ -62.34640460799983, 7.797935025000129 ], [ -62.347747555999831, 7.806320616 ], [ -62.349071561999949, 7.810832259 ], [ -62.350395566999907, 7.8153449080001 ], [ -62.351715548999948, 7.819211480000092 ], [ -62.354324500999894, 7.820491397000012 ], [ -62.358211523999898, 7.817245588000162 ], [ -62.358188557999881, 7.812083174 ], [ -62.358161567999957, 7.80691941900011 ], [ -62.360095608999927, 7.803683837000051 ], [ -62.365947517999984, 7.802366872000107 ], [ -62.369850634999978, 7.802348767000069 ], [ -62.373756601999958, 7.802976572000091 ], [ -62.375705561999894, 7.801677712000071 ], [ -62.37567857199997, 7.796514292000097 ], [ -62.375625598999875, 7.786186949000125 ], [ -62.380168589999982, 7.783585206000055 ], [ -62.3853685549999, 7.782916330000091 ], [ -62.391254494999828, 7.788698669999974 ], [ -62.393882556999927, 7.793850355000188 ], [ -62.397804617999896, 7.797059283000124 ], [ -62.401061489999904, 7.797689100000127 ], [ -62.403655520999962, 7.796387222000021 ], [ -62.40754656799993, 7.79378732400005 ], [ -62.410144622999951, 7.792484608000052 ], [ -62.414047571999959, 7.792467341000133 ], [ -62.43239958199996, 7.818199617000118 ], [ -62.440277564999974, 7.831716777000111 ], [ -62.444209515999944, 7.837507163000168 ], [ -62.448131575999923, 7.840071019 ], [ -62.451381574999971, 7.839411028000029 ], [ -62.451366487999962, 7.836829402000092 ], [ -62.44874563399992, 7.832968530000073 ], [ -62.448726522999948, 7.829741665000142 ], [ -62.44935952499992, 7.826511950000167 ], [ -62.454563512999982, 7.825842235999971 ], [ -62.457828599999971, 7.828408775000185 ], [ -62.459808572999918, 7.833562471999983 ], [ -62.462440489999892, 7.838713988999984 ], [ -62.474807485999975, 7.839946129000168 ], [ -62.480689569999925, 7.84443681800019 ], [ -62.485271620999981, 7.849578277000091 ], [ -62.487892474999967, 7.852793240000096 ], [ -62.490516512999818, 7.856652939000128 ], [ -62.49313753399997, 7.860513643000161 ], [ -62.493831555999918, 7.868900911000139 ], [ -62.479518617999872, 7.869613037000079 ], [ -62.457385531999819, 7.867781089000175 ], [ -62.445644497999922, 7.862672486000179 ], [ -62.437805573999981, 7.856899702000021 ], [ -62.427349484999922, 7.848557529000175 ], [ -62.416881493999938, 7.837634064999975 ], [ -62.410346626999967, 7.832500652000078 ], [ -62.402519605999942, 7.828663752000011 ], [ -62.397300529999939, 7.826105092000091 ], [ -62.390792484999963, 7.826135100000045 ], [ -62.385604589999957, 7.82938593700004 ], [ -62.371978632999912, 7.837192171000027 ], [ -62.363548616999822, 7.843039722000071 ], [ -62.357055491999915, 7.846295588000146 ], [ -62.345359551999934, 7.849574421000113 ], [ -62.336284632999934, 7.856713959000047 ], [ -62.331096569999943, 7.859964629000046 ], [ -62.327194626999869, 7.860626631000116 ], [ -62.322639564999918, 7.860646580000093 ], [ -62.313564478999979, 7.86843202700004 ], [ -62.30642359999996, 7.871690743000045 ], [ -62.299922595999988, 7.873654790999979 ], [ -62.294074541999976, 7.87497058200006 ], [ -62.291465590999849, 7.873691504000078 ], [ -62.291431560999968, 7.866592199000024 ], [ -62.29206456199995, 7.863361311000062 ], [ -62.295288576999951, 7.856894002000104 ], [ -62.292655485999887, 7.851097245000176 ], [ -62.285465489999979, 7.844673858000078 ], [ -62.281543596999938, 7.840817847000153 ], [ -62.278922575999957, 7.836957142000017 ], [ -62.276290490999941, 7.83115954800013 ], [ -62.275611556999934, 7.825353236000012 ], [ -62.27494050099989, 7.820838575000153 ], [ -62.276206503999958, 7.813733068000147 ], [ -62.280109620999951, 7.813072071000079 ], [ -62.289218570999935, 7.813032006000014 ], [ -62.295062600999927, 7.811070137000172 ], [ -62.297000496999942, 7.807834220000188 ], [ -62.287208589999977, 7.801422734000141 ], [ -62.284603494999885, 7.800788727000167 ], [ -62.276134586999945, 7.798889052999982 ], [ -62.271568628999887, 7.796327208000037 ], [ -62.265048513999886, 7.7937732420001 ], [ -62.259181517999934, 7.791216594000161 ], [ -62.252628545999983, 7.781563324000103 ], [ -62.252597532999971, 7.775753659000145 ], [ -62.252571548999981, 7.769945000000121 ], [ -62.25254053599997, 7.763491437000027 ], [ -62.251869479999982, 7.758975938999981 ], [ -62.247299498999951, 7.755767011000046 ], [ -62.244697588999941, 7.755779081000185 ], [ -62.239498629999844, 7.757092190000037 ], [ -62.231700609999962, 7.759706841000082 ], [ -62.229099537999957, 7.759717737000074 ], [ -62.22519658799996, 7.759733998000115 ], [ -62.221935524999878, 7.758457937000117 ], [ -62.221271510999941, 7.755233084000054 ] ] ], [ [ [ -62.501468475999957, 7.799529933000088 ], [ -62.505367568999986, 7.797575106000068 ], [ -62.517063508999968, 7.795584236000025 ], [ -62.523555628999929, 7.792970591000028 ], [ -62.527446507999969, 7.790369519000137 ], [ -62.529392617999974, 7.788423911000109 ], [ -62.530017572999895, 7.784549125000126 ], [ -62.530002485999887, 7.781321254000147 ], [ -62.530628613999852, 7.776800559000094 ], [ -62.531269493999957, 7.774860819000025 ], [ -62.533855478999953, 7.772266955000134 ], [ -62.539035494999894, 7.767078389000176 ], [ -62.541622485999881, 7.763838616000101 ], [ -62.543552502999887, 7.760601860000179 ], [ -62.548107563999906, 7.75993399000015 ], [ -62.550739481999983, 7.765730579000035 ], [ -62.550113520999901, 7.769606035999971 ], [ -62.546878609999965, 7.773494904000074 ], [ -62.544948592999958, 7.777377569000066 ], [ -62.543048582999859, 7.787066714000161 ], [ -62.542415580999887, 7.790297770000166 ], [ -62.541141531999983, 7.795467225000039 ], [ -62.538547500999925, 7.79741601700016 ], [ -62.535953636999977, 7.798719068000082 ], [ -62.533359605999863, 7.800022789000025 ], [ -62.530109605999883, 7.800683954000078 ], [ -62.526233478999984, 7.806511555999975 ], [ -62.524959597999839, 7.811681178000185 ], [ -62.523670627999934, 7.813623097000175 ], [ -62.521076596999876, 7.815571722000186 ], [ -62.517826597999942, 7.815587983000057 ], [ -62.508060506999925, 7.814988845000187 ], [ -62.503498572999945, 7.813719992000131 ], [ -62.498287542999947, 7.813098893000131 ], [ -62.495677585999886, 7.811821156 ], [ -62.492412499999944, 7.809254114000055 ], [ -62.491092517999959, 7.806033619000175 ], [ -62.492378636999945, 7.802800887000046 ], [ -62.497569549999923, 7.800193947000139 ], [ -62.501468475999957, 7.799529933000088 ] ] ], [ [ [ -62.012691537999956, 7.721769509000126 ], [ -62.015724612999918, 7.725182452000183 ], [ -62.020919548999984, 7.729441967000071 ], [ -62.026554534999832, 7.735411727000042 ], [ -62.031753493999929, 7.740527370000052 ], [ -62.035217566999961, 7.743082174000051 ], [ -62.03652950299994, 7.747355771000116 ], [ -62.036560515999952, 7.755060081000181 ], [ -62.035713607999867, 7.758486771000037 ], [ -62.036178635999875, 7.7661883990001 ], [ -62.03705555099998, 7.769180235000022 ], [ -62.041397544999938, 7.775582668000141 ], [ -62.043563595999956, 7.778141495 ], [ -62.04315556499995, 7.782851287000142 ], [ -62.040573603999974, 7.784144950000154 ], [ -62.041011473999959, 7.786710986 ], [ -62.041458564999914, 7.790132646000188 ], [ -62.043617574999985, 7.790124600000013 ], [ -62.046195513999919, 7.787974641000062 ], [ -62.050067617999957, 7.78496402899998 ], [ -62.05307051799997, 7.781101313000136 ], [ -62.057384515999956, 7.781512194000129 ], [ -62.060417591999908, 7.784068172000048 ], [ -62.064323558999888, 7.78961682400012 ], [ -62.068233548999842, 7.796020095000131 ], [ -62.070423571999925, 7.802859727999987 ], [ -62.069148516999974, 7.807571531000065 ], [ -62.068305632999852, 7.812281993000056 ], [ -62.068321558999912, 7.815705833000038 ], [ -62.06447560599986, 7.823851198999989 ], [ -62.058883535999882, 7.82815279100015 ], [ -62.051570492999929, 7.832888567000111 ], [ -62.04554356899996, 7.836335205000182 ], [ -62.039947474999963, 7.838924207000161 ], [ -62.030475588999877, 7.843239714000106 ], [ -62.021430509999959, 7.847553544000164 ], [ -62.012382580999883, 7.85058343500009 ], [ -62.005916612999954, 7.851893359000144 ], [ -61.999034567999843, 7.856625781 ], [ -61.99387751799992, 7.860923686000092 ], [ -61.988719629999935, 7.866507207000097 ], [ -61.982704608999882, 7.872092740000141 ], [ -61.976676511999983, 7.87553854000015 ], [ -61.965049637999982, 7.881145027000116 ], [ -61.959876494999946, 7.882019930000126 ], [ -61.958576629999982, 7.880313207000086 ], [ -61.958564559999957, 7.877745495000056 ], [ -61.959415490999902, 7.875174430000072 ], [ -61.960262565999926, 7.870891780000079 ], [ -61.962402632999897, 7.866604269000163 ], [ -61.965408550999939, 7.863598519000163 ], [ -61.968418492999831, 7.861447554999984 ], [ -61.974864511999897, 7.855431862999978 ], [ -61.984291637999831, 7.839135264000106 ], [ -61.987300573999903, 7.836984300000154 ], [ -61.990734639999914, 7.83312041 ], [ -61.996330565999926, 7.830103763000068 ], [ -62.000205519999895, 7.827520796000158 ], [ -62.004505603999974, 7.824081366000144 ], [ -62.007083541999862, 7.821932246000131 ], [ -62.01051760699994, 7.818067685000017 ], [ -62.011787632999983, 7.812499083999967 ], [ -62.01390054399991, 7.801792879000118 ], [ -62.013446579999936, 7.797088285000029 ], [ -62.013420595999889, 7.791095559000155 ], [ -62.014682574999938, 7.783388064000064 ], [ -62.015537528999971, 7.781245147000106 ], [ -62.018974611999965, 7.77823654600013 ], [ -62.021987570999954, 7.776512556000171 ], [ -62.023273522999943, 7.774367627000061 ], [ -62.0232545799999, 7.770089169000073 ], [ -62.022380514999952, 7.767952286000082 ], [ -62.020210607999957, 7.76496531100014 ], [ -62.019767540999965, 7.761971631000051 ], [ -62.020622494999884, 7.759828881000033 ], [ -62.022334581999985, 7.757253122000179 ], [ -62.022746636999955, 7.752972317000115 ], [ -62.021446602999958, 7.751265593000142 ], [ -62.016704624999932, 7.751711343000068 ], [ -62.014121490999969, 7.753005174000066 ], [ -62.009815538999931, 7.75473318700017 ], [ -62.007663568999988, 7.756025006000186 ], [ -62.005500534999953, 7.754749280000169 ], [ -62.002906503999952, 7.753476237000086 ], [ -62.001594568999906, 7.74920062800004 ], [ -62.003723571999956, 7.743201029000033 ], [ -62.007133497999973, 7.733773567000185 ], [ -62.005390564999914, 7.729072158000122 ], [ -62.001918612999987, 7.724806440000123 ], [ -62.003196517999925, 7.720949590999965 ], [ -62.005783508999855, 7.720083740000177 ], [ -62.012691537999956, 7.721769509000126 ] ] ], [ [ [ -50.103904609999915, -8.965235154999903 ], [ -50.110855553999954, -8.957193724999911 ], [ -50.120140523999908, -8.942276954999897 ], [ -50.120147564999968, -8.925041247999957 ], [ -50.116691537999941, -8.898619979999921 ], [ -50.122489467999969, -8.867604255999879 ], [ -50.124816619999933, -8.852672230999872 ], [ -50.121345505999955, -8.843482982999831 ], [ -50.113243558999841, -8.842315885999881 ], [ -50.100517482999976, -8.842310018999967 ], [ -50.083137605999923, -8.849189549999949 ], [ -50.069244601999969, -8.854917071999978 ], [ -50.05651047899994, -8.854907180999874 ], [ -50.049575627999957, -8.85029746999993 ], [ -50.036849551999978, -8.834208573999945 ], [ -50.031066541999905, -8.829597856999897 ], [ -50.022956546999922, -8.830738968999981 ], [ -50.009056501999908, -8.838766317999898 ], [ -49.992851600999927, -8.845641825999905 ], [ -49.976646531999904, -8.843331772999932 ], [ -49.938453551999942, -8.832946762999882 ], [ -49.922241609999958, -8.839819252999916 ], [ -49.916442506999942, -8.847850456999879 ], [ -49.917571548999945, -8.871964018999847 ], [ -49.924499526999909, -8.890357602999927 ], [ -49.936057500999937, -8.911037098999884 ], [ -49.960365523999826, -8.923710368999878 ], [ -49.96846747099994, -8.924869250999961 ], [ -49.974250480999899, -8.928318906999891 ], [ -49.985824548999972, -8.931787673999963 ], [ -50.000869561999934, -8.935251410999911 ], [ -50.012443628999961, -8.946758422999892 ], [ -50.013587590999919, -8.960537433999889 ], [ -50.011253565999823, -8.97546342399994 ], [ -50.017036576999942, -8.985806692999915 ], [ -50.029769525999882, -8.989279482999848 ], [ -50.041366559999972, -8.983547937999901 ], [ -50.047149569999874, -8.976661365999973 ], [ -50.050643481999941, -8.969772949999935 ], [ -50.054115601999911, -8.966333016999897 ], [ -50.066856597999958, -8.96289526299995 ], [ -50.079589546999898, -8.962907500999961 ], [ -50.090011604999972, -8.966366041999947 ], [ -50.103904609999915, -8.965235154999903 ] ] ], [ [ [ -50.270500467999966, -8.194375491999949 ], [ -50.283210617999828, -8.20011391099996 ], [ -50.300552607999919, -8.205852663999963 ], [ -50.312103540999885, -8.209301314999891 ], [ -50.323654473999966, -8.208141426999873 ], [ -50.334060606999969, -8.205837408999912 ], [ -50.342140593999943, -8.196644305999939 ], [ -50.337509592999936, -8.177103574999933 ], [ -50.327079486999935, -8.155281121999849 ], [ -50.325920605999954, -8.1414870239999 ], [ -50.30970748999988, -8.103570813999852 ], [ -50.303924479999978, -8.092088779999926 ], [ -50.29351851499996, -8.084055396999929 ], [ -50.257698618999882, -8.070282420999888 ], [ -50.231117592999965, -8.067988293999974 ], [ -50.214942530999849, -8.062253730999942 ], [ -50.189529605999951, -8.06455473099993 ], [ -50.180305489999853, -8.084096300999931 ], [ -50.176849462999883, -8.101327146999949 ], [ -50.187255595999886, -8.125458310999932 ], [ -50.199981503999823, -8.153019348999919 ], [ -50.20346049699998, -8.18174631099987 ], [ -50.211555571999895, -8.198973133999971 ], [ -50.226585496999974, -8.201274803999979 ], [ -50.270500467999966, -8.194375491999949 ] ] ], [ [ [ -50.153572582999971, -7.832486318999941 ], [ -50.163955581999915, -7.824438853999936 ], [ -50.18473046399987, -7.819826292999949 ], [ -50.203208536999909, -7.825567057999933 ], [ -50.21247053999997, -7.839343888999963 ], [ -50.217102546999968, -7.856584625999972 ], [ -50.219428525999945, -7.879559925999956 ], [ -50.213676527999894, -7.897954682999966 ], [ -50.215995465999924, -7.914035531999843 ], [ -50.219459538999843, -7.926665718999914 ], [ -50.226394557999981, -7.937010830999952 ], [ -50.243736547999902, -7.9484890089999 ], [ -50.252990503999968, -7.961128248999955 ], [ -50.258781560999978, -7.980653724999911 ], [ -50.269187525999939, -7.996726526999907 ], [ -50.280746505999957, -8.009366771999851 ], [ -50.295768552999959, -8.013952175999975 ], [ -50.316566568999974, -8.009352522999905 ], [ -50.346580487999972, -7.996685455999966 ], [ -50.358108622999907, -7.978292877999877 ], [ -50.362701569999956, -7.957611369999938 ], [ -50.354598616999908, -7.940373650999902 ], [ -50.345352538999975, -7.930040439999971 ], [ -50.33494556799991, -7.923148000999902 ], [ -50.314170517999969, -7.924315935999914 ], [ -50.286437482999986, -7.919735057999958 ], [ -50.277191572999982, -7.908255035999957 ], [ -50.267936610999925, -7.889872348999972 ], [ -50.267921523999917, -7.873788314999899 ], [ -50.282905516999961, -7.855390874999955 ], [ -50.317550604999951, -7.851913893999949 ], [ -50.337173477999954, -7.848457364999945 ], [ -50.351005629999918, -7.832357404999925 ], [ -50.354438521999896, -7.807065347999981 ], [ -50.352096618999951, -7.781791897999938 ], [ -50.335906469999941, -7.759972630999926 ], [ -50.323196486999962, -7.749644281999963 ], [ -50.301261548999889, -7.747359542999845 ], [ -50.280479625999817, -7.742789728999924 ], [ -50.275840577999929, -7.727843789999895 ], [ -50.281600621999928, -7.715205723999873 ], [ -50.31156961399995, -7.685299931999907 ], [ -50.333435484999939, -7.643914116999952 ], [ -50.327659514999937, -7.634731573999886 ], [ -50.324180521999949, -7.627828238999825 ], [ -50.321868625999969, -7.620938649999971 ], [ -50.319541473999891, -7.608306618999904 ], [ -50.32643156599994, -7.58646723499993 ], [ -50.337959532999946, -7.571506207999903 ], [ -50.352935479999985, -7.561142822999955 ], [ -50.35984753199989, -7.550805588999879 ], [ -50.359817524999983, -7.532412173999887 ], [ -50.355171603999906, -7.514034514999878 ], [ -50.333206490999885, -7.484184378999942 ], [ -50.326286558999925, -7.486490240999956 ], [ -50.311286472999882, -7.489950122999858 ], [ -50.297462535999955, -7.502607298999976 ], [ -50.280212578999908, -7.534804032999944 ], [ -50.271018468999898, -7.563538705999974 ], [ -50.261817485999984, -7.588823051999896 ], [ -50.252609629999881, -7.602618994999887 ], [ -50.237609543999952, -7.610676517999877 ], [ -50.226074536999874, -7.614136064999968 ], [ -50.21108249699995, -7.619894599999952 ], [ -50.193763472999933, -7.611858365999979 ], [ -50.192596544999958, -7.599225329999911 ], [ -50.197174572999984, -7.564749555999981 ], [ -50.197135512999978, -7.533732825999948 ], [ -50.19479360899993, -7.513047462999907 ], [ -50.171722587999966, -7.505033021999907 ], [ -50.160186574999898, -7.508487874999958 ], [ -50.157897476999949, -7.525718385999937 ], [ -50.147560578999901, -7.575133895999954 ], [ -50.14528656899995, -7.609607489999917 ], [ -50.153396562999944, -7.637170540999932 ], [ -50.164970629999971, -7.672781055999963 ], [ -50.168456495999919, -7.688856707999946 ], [ -50.163848628999972, -7.70954911299998 ], [ -50.154632557999832, -7.722187345999941 ], [ -50.136169572999961, -7.734839325999872 ], [ -50.117721506999885, -7.754376033999961 ], [ -50.107345548999888, -7.787693763999869 ], [ -50.113159571999972, -7.8198591499999 ], [ -50.118942581999931, -7.838245021999967 ], [ -50.124717545999829, -7.843986625999946 ], [ -50.140884560999893, -7.848575214999926 ], [ -50.147804491999921, -7.840529928999956 ], [ -50.153572582999971, -7.832486318999941 ] ] ], [ [ [ -49.972541578999881, -7.281510127999923 ], [ -49.938861582999948, -7.29161451199991 ], [ -49.93549356699998, -7.31518878199995 ], [ -49.952331468999887, -7.338765063999915 ], [ -49.982646465999949, -7.345500425999887 ], [ -50.006221574999927, -7.365709194999965 ], [ -50.043273609999915, -7.365709194999965 ], [ -50.05337950299986, -7.342131738999967 ], [ -50.05337950299986, -7.311822106999898 ], [ -49.989955485999928, -7.273769774999948 ], [ -49.972541578999881, -7.281510127999923 ] ] ], [ [ [ -50.068466593999915, -7.179167592999931 ], [ -50.08113852199989, -7.169979182999896 ], [ -50.099586587999966, -7.166499686999941 ], [ -50.12263447499987, -7.163019855999949 ], [ -50.146842584999945, -7.157254279999961 ], [ -50.16065260899984, -7.139992588999917 ], [ -50.168701582999859, -7.122750678999978 ], [ -50.169807490999972, -7.095169858999952 ], [ -50.17437747199989, -7.072188356999959 ], [ -50.182418566999957, -7.058392246999858 ], [ -50.201988466999978, -7.039978713999972 ], [ -50.23766352399997, -7.00889191199991 ], [ -50.24216460599996, -6.953728091999892 ], [ -50.233993590999887, -6.89973975099997 ], [ -50.171600547999901, -6.811378397999874 ], [ -50.163497593999978, -6.790705774999878 ], [ -50.151931573999889, -6.771202259999882 ], [ -50.124229550999928, -6.737929791999932 ], [ -50.111495596999873, -6.712671429999887 ], [ -50.116088543999865, -6.697730519999936 ], [ -50.121826626999905, -6.691979025999956 ], [ -50.127578624999956, -6.687370487999942 ], [ -50.132171571999891, -6.681617651999829 ], [ -50.078002516999959, -6.664482191999923 ], [ -50.036537576999876, -6.661108140999886 ], [ -50.018119518999924, -6.669179745999941 ], [ -50.003204592999964, -6.700227320999943 ], [ -50.000953548999973, -6.733537842999965 ], [ -50.007888567999942, -6.747318864999954 ], [ -50.025253523999822, -6.79898323999987 ], [ -50.035667535999949, -6.824235398999974 ], [ -50.027664494999897, -6.857565869999974 ], [ -50.00578353599991, -6.869085286999905 ], [ -49.998886570999844, -6.878282413999955 ], [ -50.00006858699993, -6.897815097999967 ], [ -50.007011484999907, -6.919628330999956 ], [ -50.019706547999874, -6.93109460699992 ], [ -50.033538531999909, -6.936827157999971 ], [ -50.051979557999914, -6.931059569999945 ], [ -50.064636566999923, -6.922989138999924 ], [ -50.089965504999896, -6.909166206999942 ], [ -50.114196580999931, -6.928664692999973 ], [ -50.122283608999965, -6.935545396999942 ], [ -50.130355548999944, -6.937833153999975 ], [ -50.138420615999962, -6.937819071999968 ], [ -50.139617551999947, -6.963095371999941 ], [ -50.141967502999876, -6.988365468999916 ], [ -50.144325499999923, -7.019387059999929 ], [ -50.131652564999968, -7.030889377999927 ], [ -50.124755599999958, -7.040093713999909 ], [ -50.108650610999973, -7.057344508999961 ], [ -50.091369473999976, -7.068867781999927 ], [ -50.071784485999899, -7.072337218999905 ], [ -50.060249478999935, -7.065449976999901 ], [ -50.040634483999952, -7.055138726999928 ], [ -50.018745478999847, -7.070095394999953 ], [ -50.019935541999985, -7.09537270099986 ], [ -50.029220510999949, -7.145909038999889 ], [ -50.045402613999954, -7.17000734599992 ], [ -50.058097508999936, -7.179182511999954 ], [ -50.068466593999915, -7.179167592999931 ] ] ], [ [ [ -49.805282544999955, -6.873914771999978 ], [ -49.816795591999892, -6.857829061999894 ], [ -49.83637253299986, -6.852065496999955 ], [ -49.867500573999962, -6.861213673999885 ], [ -49.882476520999944, -6.860049930999878 ], [ -49.895133529999953, -6.851996262999933 ], [ -49.898574468999982, -6.832467936999933 ], [ -49.892784584999958, -6.810647328999949 ], [ -49.869697470999824, -6.785414111999899 ], [ -49.856994528999849, -6.761304069999881 ], [ -49.855819553999879, -6.741787478999981 ], [ -49.86154154399992, -6.719946921999963 ], [ -49.870735485999887, -6.699267425999835 ], [ -49.871849607999877, -6.675150175999931 ], [ -49.861465603999932, -6.661378372999877 ], [ -49.852249533999895, -6.657941457999925 ], [ -49.817695472999958, -6.660284199999921 ], [ -49.79464758599994, -6.652268082999967 ], [ -49.781959563999976, -6.638506003999964 ], [ -49.768089525999983, -6.606374312999947 ], [ -49.756523504999905, -6.566192306999881 ], [ -49.740364536999891, -6.537500214999909 ], [ -49.721916470999986, -6.528339967999955 ], [ -49.711563479999938, -6.529499855999916 ], [ -49.698890544999983, -6.532964766999896 ], [ -49.689697608999893, -6.547895450999931 ], [ -49.683990538999922, -6.585800595999956 ], [ -49.68749953899993, -6.628285780999931 ], [ -49.702514544999985, -6.663857236999888 ], [ -49.726730532999966, -6.689100344999872 ], [ -49.734809514999881, -6.706324819999963 ], [ -49.731384500999923, -6.72814023199993 ], [ -49.721023462999938, -6.733892899999944 ], [ -49.704910594999888, -6.737355799999932 ], [ -49.683013543999948, -6.732783135999966 ], [ -49.665725532999943, -6.722454954999932 ], [ -49.644981495999957, -6.722472891999871 ], [ -49.632324486999948, -6.730520356999932 ], [ -49.630050476999941, -6.764973667999925 ], [ -49.650810606999983, -6.793665592999901 ], [ -49.677329607999923, -6.808568448999893 ], [ -49.691146504999949, -6.805112757999893 ], [ -49.711875621999923, -6.789022017999912 ], [ -49.736053556999877, -6.77751567699994 ], [ -49.76369455899993, -6.770597253999938 ], [ -49.780990615999826, -6.786654297999974 ], [ -49.784461561999933, -6.80044219399997 ], [ -49.779884539999955, -6.821110625999893 ], [ -49.771835565999936, -6.832601879999913 ], [ -49.76033056599988, -6.847540777999882 ], [ -49.759185597999931, -6.864771456999961 ], [ -49.767272625999965, -6.883138050999946 ], [ -49.784568514999933, -6.888858699999957 ], [ -49.805282544999955, -6.873914771999978 ] ] ], [ [ [ -44.66788047599988, -3.159961196999916 ], [ -44.656883586999925, -3.155639822999944 ], [ -44.648620538999978, -3.148548229999847 ], [ -44.643127542999878, -3.147882371999913 ], [ -44.642280467999967, -3.164444844999935 ], [ -44.644363537999936, -3.169953598999882 ], [ -44.649414472999922, -3.175220116999924 ], [ -44.666816477999873, -3.17905181999987 ], [ -44.672763605999876, -3.178796003999935 ], [ -44.674804598999913, -3.174417297999923 ], [ -44.66788047599988, -3.159961196999916 ] ] ], [ [ [ -44.671089571999914, -2.942401523999933 ], [ -44.674049556999876, -2.939169629999981 ], [ -44.67539250599998, -2.932495119999885 ], [ -44.67375954299996, -2.924454024999932 ], [ -44.669620559999885, -2.919414321999909 ], [ -44.659538470999962, -2.914398590999951 ], [ -44.649700463999977, -2.913292682999952 ], [ -44.647190586999955, -2.9144537439999 ], [ -44.646530595999877, -2.920666075999918 ], [ -44.652057622999962, -2.929838391999908 ], [ -44.65664654699998, -2.933727259999955 ], [ -44.665573608999978, -2.935757021999962 ], [ -44.668109469999933, -2.941034602999935 ], [ -44.671089571999914, -2.942401523999933 ] ] ], [ [ [ -48.853282577999948, -0.187572366999973 ], [ -48.865302561999897, -0.189358382999956 ], [ -48.887847534999935, -0.197721509999951 ], [ -48.895736581999984, -0.197378522999827 ], [ -48.901596537999978, -0.192001866999931 ], [ -48.909088617999828, -0.189983169999948 ], [ -48.91035059799998, -0.187906468999927 ], [ -48.910182623999901, -0.183933782999929 ], [ -48.900588529999936, -0.166500932999952 ], [ -48.89881558999997, -0.156244667999886 ], [ -48.900249565999957, -0.135992313999907 ], [ -48.893424517999961, -0.133627443999842 ], [ -48.887596580999968, -0.13524431299993 ], [ -48.87820851399988, -0.140795814999933 ], [ -48.871700468999904, -0.148673294999867 ], [ -48.869407514999921, -0.149697228999855 ], [ -48.867351601999985, -0.147796212999936 ], [ -48.861114627999882, -0.148991304999868 ], [ -48.855014613999913, -0.15770865199994 ], [ -48.846946528999922, -0.176855264999915 ], [ -48.849777600999971, -0.185240520999969 ], [ -48.853282577999948, -0.187572366999973 ] ] ], [ [ [ -50.346816522999973, -0.062562818999936 ], [ -50.367530551999948, -0.075002903999916 ], [ -50.388206527999955, -0.082841324999947 ], [ -50.412200563999875, -0.079161333999821 ], [ -50.423561562999851, -0.071002053999905 ], [ -50.420005624999874, -0.058384104999959 ], [ -50.413078484999971, -0.05156140299988 ], [ -50.395843614999819, -0.044838110999933 ], [ -50.378631544999962, -0.039255595999975 ], [ -50.359039516999928, -0.025655622999864 ], [ -50.352210612999954, -0.029177194999932 ], [ -50.345390592999934, -0.033837868999967 ], [ -50.340866544999983, -0.039624566999976 ], [ -50.342140593999943, -0.053411456999925 ], [ -50.346816522999973, -0.062562818999936 ] ] ], [ [ [ -49.379638604999911, 0.025550765 ], [ -49.384777549999853, 0.022052997000173 ], [ -49.397922552999887, 0.015475382000091 ], [ -49.393005560999939, 0.012364523000031 ], [ -49.377620577999835, 0.012116586 ], [ -49.372905589999959, 0.01045194000011 ], [ -49.338645565999911, -0.000000292999971 ], [ -49.337928577999833, -0.016758231999972 ], [ -49.34237651899997, -0.030169109999918 ], [ -49.354972507999889, -0.03759346399994 ], [ -49.360313623999957, -0.043700183999931 ], [ -49.366218506999928, -0.056496164999885 ], [ -49.367862533999983, -0.058390977999977 ], [ -49.371604550999962, -0.057589164999968 ], [ -49.373241535999966, -0.060319988999879 ], [ -49.383789490999902, -0.064173484999969 ], [ -49.389400504999912, -0.063387597999963 ], [ -49.395797572999925, -0.06762347699987 ], [ -49.405654523999885, -0.079202572999861 ], [ -49.409717566999973, -0.08926655599987 ], [ -49.422397542999931, -0.111107113999878 ], [ -49.435646481999868, -0.114776878999976 ], [ -49.452590498999939, -0.123075130999894 ], [ -49.462123572999985, -0.124830132999875 ], [ -49.469146601999853, -0.128235700999937 ], [ -49.481578472999956, -0.130642479999949 ], [ -49.486934508999923, -0.13549526699984 ], [ -49.491702470999883, -0.135955097999954 ], [ -49.506290502999946, -0.128978839999945 ], [ -49.512927628999876, -0.129245719999915 ], [ -49.521251529999972, -0.12639386099994 ], [ -49.522666562999916, -0.131211443999973 ], [ -49.525562509999986, -0.132281644999864 ], [ -49.537586517999841, -0.130743565999978 ], [ -49.548400513999923, -0.130808441999932 ], [ -49.556259553999951, -0.134010328999977 ], [ -49.561019468999973, -0.13572308699986 ], [ -49.580310586999985, -0.136727238999811 ], [ -49.605022616999975, -0.134850362999941 ], [ -49.626392614999986, -0.135452351999845 ], [ -49.64635059699998, -0.131026706999933 ], [ -49.667667619999918, -0.138105223999958 ], [ -49.679676540999935, -0.138611155999968 ], [ -49.69260059699991, -0.134765202999915 ], [ -49.702762480999979, -0.13547816799985 ], [ -49.71124261999995, -0.138683910999873 ], [ -49.71865859299993, -0.145225650999976 ], [ -49.723007626999959, -0.146724502999916 ], [ -49.729652464999958, -0.146153359999914 ], [ -49.73532047599997, -0.138053088999925 ], [ -49.738285489999896, -0.130973732999905 ], [ -49.753730487999917, -0.120240370999909 ], [ -49.764934577999952, -0.120543292999855 ], [ -49.775131497999894, -0.117076537999878 ], [ -49.782226611999931, -0.112330871999973 ], [ -49.8029825509999, -0.111670880999895 ], [ -49.819400519999874, -0.108881382999925 ], [ -49.831096627999955, -0.099577973999942 ], [ -49.83451057699989, -0.088323927999966 ], [ -49.817890603999899, -0.064994575999947 ], [ -49.814029563999952, -0.054933442999925 ], [ -49.810115549999921, -0.051767597999969 ], [ -49.802654482999969, -0.05066168999997 ], [ -49.78975255499995, -0.029451115999848 ], [ -49.774269502999971, -0.020128762999889 ], [ -49.751335609999842, -0.000000292999971 ], [ -49.7502136089999, -0.000000292999971 ], [ -49.725532591999979, 0.008204919000093 ], [ -49.714237473999958, 0.015823399000055 ], [ -49.693885542999908, 0.034991135000041 ], [ -49.670684602999984, 0.046301172000142 ], [ -49.64130754099989, 0.065654818999974 ], [ -49.617294561999984, 0.071385359000033 ], [ -49.608657512999912, 0.080042523000088 ], [ -49.60126852999997, 0.081884363000086 ], [ -49.591220471999918, 0.080619701000103 ], [ -49.579536601999962, 0.0756349830001 ], [ -49.573577571999976, 0.079958704000035 ], [ -49.570503592999899, 0.079537765000111 ], [ -49.556747548999908, 0.083843381000179 ], [ -49.549571465999918, 0.081760646000077 ], [ -49.514907601999937, 0.078370669000151 ], [ -49.514297567999961, 0.076716920000024 ], [ -49.517997506999961, 0.073006251000038 ], [ -49.517387471999939, 0.070732240999973 ], [ -49.51040651999989, 0.072987978000015 ], [ -49.505260534999934, 0.081239627000059 ], [ -49.503002617999982, 0.081439619000037 ], [ -49.494804613999975, 0.077906647000134 ], [ -49.485794570999929, 0.071067182000093 ], [ -49.481281585999909, 0.071469178000143 ], [ -49.475925549999943, 0.080546611000045 ], [ -49.473667464999892, 0.081161675000146 ], [ -49.456047530999967, 0.071819374000142 ], [ -49.45175549399994, 0.064576739000131 ], [ -49.43820547699994, 0.068468456000176 ], [ -49.43062253699992, 0.066176509000172 ], [ -49.427352588999838, 0.060794992000126 ], [ -49.424274585999967, 0.061407876000033 ], [ -49.419151566999915, 0.058916272000147 ], [ -49.413627557999916, 0.051669614000048 ], [ -49.388824499999942, 0.045202137000047 ], [ -49.385955541999977, 0.042507355000055 ], [ -49.38166451099994, 0.037125838000179 ], [ -49.378402608999977, 0.028233645000114 ], [ -49.379638604999911, 0.025550765 ] ] ], [ [ [ -49.734027482999863, 0.170616699000163 ], [ -49.753543570999909, 0.157641680000154 ], [ -49.763820622999901, 0.1481594010001 ], [ -49.772460520999971, 0.136607294000044 ], [ -49.780265580999981, 0.131458794000025 ], [ -49.792835585999967, 0.104624634 ], [ -49.80371462599993, 0.100310133000164 ], [ -49.811935596999945, 0.092888796000125 ], [ -49.829227462999938, 0.062966910000114 ], [ -49.844272475999958, 0.02436372000011 ], [ -49.847976606999964, 0.01900014000006 ], [ -49.860301524999898, 0.008281865000072 ], [ -49.876487482999948, -0.000000292999971 ], [ -49.876914624999927, -0.002393326999879 ], [ -49.883731626999975, -0.006209942999931 ], [ -49.896972518999974, -0.011124587999973 ], [ -49.920165580999878, -0.016956044999915 ], [ -49.92904654199998, -0.021834647999924 ], [ -49.9480895559999, -0.027841454999873 ], [ -49.989631608999957, -0.04844484399996 ], [ -50.003761485999974, -0.046263034999868 ], [ -50.008552581999879, -0.0437942289999 ], [ -50.010860622999985, -0.040679513999919 ], [ -50.011520613999892, -0.035879867999938 ], [ -50.009921513999984, -0.027927285999965 ], [ -50.019020572999978, -0.000000292999971 ], [ -50.033760484999959, 0.008483031000026 ], [ -50.035083484999916, 0.009704777000024 ], [ -50.044906572999935, 0.017107171000021 ], [ -50.065380543999936, 0.025622682000176 ], [ -50.065620601999967, 0.024332707000099 ], [ -50.146820624999975, 0.028578476000121 ], [ -50.201751594999905, 0.027972464000072 ], [ -50.233833496999978, 0.023694676000162 ], [ -50.294464495999875, 0.024293815000078 ], [ -50.309310522999908, 0.026737475000118 ], [ -50.317043499999897, 0.031065219000084 ], [ -50.326332491999949, 0.030995146000066 ], [ -50.334533513999986, 0.032248073000119 ], [ -50.341094532999932, 0.034942017000049 ], [ -50.350727518999975, 0.043634218000079 ], [ -50.353996627999948, 0.052934778000122 ], [ -50.357654490999892, 0.081658554000171 ], [ -50.361545537999973, 0.086002224000026 ], [ -50.373229575999915, 0.093870652000021 ], [ -50.378349577999984, 0.100695030000111 ], [ -50.393283614999916, 0.136873336 ], [ -50.393894487999944, 0.141006955000023 ], [ -50.392448608999928, 0.148236347000079 ], [ -50.38606662799998, 0.165171144000169 ], [ -50.385002628999985, 0.171194882000123 ], [ -50.385051579999924, 0.172722736000082 ], [ -50.388713465999956, 0.181292058000167 ], [ -50.398338572999933, 0.197215998000161 ], [ -50.396259524999948, 0.219735992000096 ], [ -50.394409471999893, 0.22242105100014 ], [ -50.379836526999838, 0.225705584000025 ], [ -50.358917475999874, 0.219478333000154 ], [ -50.343528469999967, 0.218629078000163 ], [ -50.333473538999954, 0.220267070000148 ], [ -50.327526577999947, 0.218606112000032 ], [ -50.316238501999976, 0.218795208000074 ], [ -50.310089536999953, 0.215066434000107 ], [ -50.307216555999958, 0.215682336000043 ], [ -50.265735522999876, 0.240830561000109 ], [ -50.257530477999921, 0.239577634000057 ], [ -50.247482587999968, 0.232950063000146 ], [ -50.239486587999977, 0.230044225000086 ], [ -50.22708857899994, 0.227603582000029 ], [ -50.207725544999903, 0.230326359000173 ], [ -50.199668523999947, 0.23368917900001 ], [ -50.1780165589999, 0.226571770000078 ], [ -50.175468628999965, 0.22623850500014 ], [ -50.167262577999963, 0.227654712000174 ], [ -50.152694494999878, 0.227217512000038 ], [ -50.129089546999978, 0.233995957 ], [ -50.114509560999977, 0.242444412000111 ], [ -50.105464481999945, 0.251107947000094 ], [ -50.097465463999981, 0.250886833000095 ], [ -50.092731532999949, 0.259558079000101 ], [ -50.084716588999925, 0.266570715000171 ], [ -50.083076585999947, 0.265947604000019 ], [ -50.077533465999977, 0.268623443000024 ], [ -50.069530591999921, 0.267576711000117 ], [ -50.069522545999973, 0.27377596600013 ], [ -50.064788613999895, 0.282240515000126 ], [ -50.056777526999895, 0.286359215000061 ], [ -50.051853493999886, 0.286557195000057 ], [ -50.053489473999889, 0.290692826000054 ], [ -50.052661508999961, 0.293791616000135 ], [ -50.049785510999925, 0.29626628900013 ], [ -50.042194523999967, 0.296458402000155 ], [ -50.042388480999932, 0.302040079000051 ], [ -50.032726493999974, 0.312561044 ], [ -50.02719460499992, 0.308211507000124 ], [ -50.004627503999927, 0.305276835000143 ], [ -49.999999519999903, 0.309608267000044 ], [ -49.999999519999903, 0.311191441000119 ], [ -49.99700550499989, 0.320969434000119 ], [ -49.994129505999979, 0.324683455000184 ], [ -49.987972494999894, 0.324672224000096 ], [ -49.983451463999927, 0.326937014000066 ], [ -49.966426477999846, 0.323805367000034 ], [ -49.953273594999928, 0.335559645000046 ], [ -49.950813506999964, 0.33452163000004 ], [ -49.948154598999963, 0.329349996000019 ], [ -49.945487477999905, 0.327276984000093 ], [ -49.941177502999892, 0.327269943000147 ], [ -49.939594496999916, 0.326493108000079 ], [ -49.930568527999981, 0.325393402000032 ], [ -49.929485585999828, 0.325800092000122 ], [ -49.912055585999951, 0.31791288900007 ], [ -49.902000487999885, 0.317273015000069 ], [ -49.880435526999918, 0.32777000700014 ], [ -49.859695513999952, 0.33454761400003 ], [ -49.836898580999957, 0.344214966000038 ], [ -49.834438491999947, 0.342969918000051 ], [ -49.829986527999949, 0.335838427000169 ], [ -49.827888537999968, 0.336759431000189 ], [ -49.80039254299993, 0.339929131000076 ], [ -49.779106531999901, 0.339696282000091 ], [ -49.778408486999979, 0.346778487000108 ], [ -49.776760604999936, 0.350908419000064 ], [ -49.769359551999969, 0.356885889000125 ], [ -49.751525543999946, 0.346306586000082 ], [ -49.747531566999953, 0.336004389000038 ], [ -49.738460503999931, 0.334808459000044 ], [ -49.742702584999904, 0.345460852000087 ], [ -49.739410508999924, 0.351241180000159 ], [ -49.734268546999886, 0.355775957000105 ], [ -49.729137480999896, 0.356592020000051 ], [ -49.724834546999944, 0.353482166000106 ], [ -49.722576629999935, 0.35347730400008 ], [ -49.718822542999817, 0.356151970000042 ], [ -49.716590609999969, 0.340768997999987 ], [ -49.714546598999959, 0.342490976000022 ], [ -49.696105573999944, 0.356089944000075 ], [ -49.650329485999976, 0.355618042000117 ], [ -49.630981538999947, 0.346221761000095 ], [ -49.602706529999921, 0.313767199999972 ], [ -49.59037758799991, 0.289528077000057 ], [ -49.595344535999914, 0.251668864000067 ], [ -49.610420562999934, 0.232307171000059 ], [ -49.657607492999944, 0.205219207000027 ], [ -49.684036470999899, 0.194001203000028 ], [ -49.701255582999977, 0.189584275000129 ], [ -49.715034592999928, 0.18396772900013 ], [ -49.723941538999952, 0.186815565000188 ], [ -49.723949585999833, 0.182992914000181 ], [ -49.725597467999933, 0.178864324000187 ], [ -49.734027482999863, 0.170616699000163 ] ] ], [ [ [ -49.629322592999983, 0.202202560000103 ], [ -49.624404594999874, 0.199505766000073 ], [ -49.613960575999954, 0.18956231400017 ], [ -49.609874565999974, 0.181081170000084 ], [ -49.616260569999895, 0.168905952000102 ], [ -49.621604535999836, 0.165818227000159 ], [ -49.627567589999842, 0.159219657000051 ], [ -49.632286600999919, 0.158610796 ], [ -49.645816501999946, 0.164841232000015 ], [ -49.655254524999975, 0.164035228000159 ], [ -49.65832850399994, 0.166109246000133 ], [ -49.661189582999953, 0.171694779000177 ], [ -49.66218954399983, 0.183680901000173 ], [ -49.65950750199994, 0.191320335000057 ], [ -49.651493564999896, 0.196675030000165 ], [ -49.635478597999963, 0.201804419000098 ], [ -49.629322592999983, 0.202202560000103 ] ] ], [ [ [ -50.083442539999851, 0.299168271000099 ], [ -50.101882558999876, 0.285569304000148 ], [ -50.129386600999965, 0.281246421000105 ], [ -50.144317620999971, 0.27679781 ], [ -50.159339499999817, 0.262013977000095 ], [ -50.180076495999913, 0.248436970000171 ], [ -50.196113590999971, 0.246293214000104 ], [ -50.211269580999954, 0.247254116000022 ], [ -50.221000467999886, 0.244067316000098 ], [ -50.23187246699996, 0.244498314000055 ], [ -50.238647558999844, 0.242441562000067 ], [ -50.241519533999963, 0.243479242000149 ], [ -50.243152496999983, 0.248027933000174 ], [ -50.239227586999959, 0.258755093000104 ], [ -50.24231346799985, 0.263112006000085 ], [ -50.24045955899993, 0.267242440000075 ], [ -50.224849604999861, 0.276723882000113 ], [ -50.17508658099996, 0.312286118000031 ], [ -50.161987510999893, 0.326426220999963 ], [ -50.147193618999836, 0.337355217000095 ], [ -50.133846611999957, 0.343739712000115 ], [ -50.104488492999906, 0.35236921700016 ], [ -50.092170615999919, 0.353174047000095 ], [ -50.083961546999888, 0.355846868000185 ], [ -50.074314479999884, 0.355416038999977 ], [ -50.063445497999965, 0.350229317000185 ], [ -50.058940560999986, 0.346088657000053 ], [ -50.058536552999954, 0.341955037000162 ], [ -50.061836507999885, 0.331213964000085 ], [ -50.072536510999953, 0.321830423000051 ], [ -50.072959628999968, 0.316300043000069 ], [ -50.083442539999851, 0.299168271000099 ] ] ], [ [ [ -50.516654500999948, 0.265148809000095 ], [ -50.51213061999988, 0.273616207000146 ], [ -50.502685555999903, 0.280630519000169 ], [ -50.491188601999966, 0.286608157000046 ], [ -50.488296509999884, 0.286994228000083 ], [ -50.485130497999933, 0.28977601400004 ], [ -50.487895519999938, 0.291564878999964 ], [ -50.487689492999948, 0.294250441000145 ], [ -50.472892583999965, 0.314690886000051 ], [ -50.462608491999958, 0.336377384000116 ], [ -50.455593508999925, 0.367988893000017 ], [ -50.453334585999983, 0.370672946000184 ], [ -50.445941579999896, 0.374176750000174 ], [ -50.450450540999952, 0.380590079000115 ], [ -50.451061581999966, 0.38472369800013 ], [ -50.447967485999925, 0.39753392900019 ], [ -50.442413468999916, 0.406620247000035 ], [ -50.442817476999949, 0.414888492000159 ], [ -50.437873494999906, 0.429970553000089 ], [ -50.432941583999934, 0.435543848000179 ], [ -50.428626579999957, 0.438018856000156 ], [ -50.432723485999929, 0.444224482000038 ], [ -50.433128499999953, 0.449598958000138 ], [ -50.421180599999843, 0.488029146000144 ], [ -50.423213546999932, 0.50353399100004 ], [ -50.417449479999959, 0.520062769000049 ], [ -50.418666531999918, 0.529780915000174 ], [ -50.410839510999892, 0.553748129000098 ], [ -50.395610597999905, 0.584527986000126 ], [ -50.386981596999931, 0.592785166000169 ], [ -50.38472351199988, 0.593195042000161 ], [ -50.381839466999907, 0.600426612000035 ], [ -50.374645614999963, 0.607859014000041 ], [ -50.366016612999886, 0.613634815000182 ], [ -50.360061605999931, 0.614867458000106 ], [ -50.344264567999915, 0.607816098 ], [ -50.34098456199996, 0.604296202000114 ], [ -50.336486496999953, 0.591060506000076 ], [ -50.338958487999946, 0.58362207000016 ], [ -50.337734562999913, 0.579072204999989 ], [ -50.325237479999942, 0.557968752000136 ], [ -50.322792478999929, 0.546181785000044 ], [ -50.322204572999965, 0.521995635999986 ], [ -50.323135466999986, 0.516277836000143 ], [ -50.319335614999943, 0.501585031000104 ], [ -50.318542518999948, 0.468245508000166 ], [ -50.328891486999908, 0.422589114000118 ], [ -50.327957575999903, 0.384218772000054 ], [ -50.324447569999847, 0.375660346000188 ], [ -50.310310483999956, 0.358073772000068 ], [ -50.303981476999979, 0.332436716000188 ], [ -50.285758548999979, 0.303889797000124 ], [ -50.285354540999947, 0.299549145000185 ], [ -50.288234562999946, 0.292527625000048 ], [ -50.291316588999962, 0.289018960000078 ], [ -50.295001608999939, 0.287109059999977 ], [ -50.30452747399994, 0.273840172000064 ], [ -50.320732542999963, 0.256759362000082 ], [ -50.337997586999904, 0.245440104000181 ], [ -50.351737537999895, 0.245580250000046 ], [ -50.359832611999934, 0.247835149000025 ], [ -50.371597618999829, 0.249849991000133 ], [ -50.383373522999932, 0.247721156000125 ], [ -50.398944583999878, 0.242051469000046 ], [ -50.406753500999855, 0.23693800500007 ], [ -50.411445521999951, 0.225483631000031 ], [ -50.412780591999933, 0.205962346000149 ], [ -50.416458570999851, 0.181852975000083 ], [ -50.417777546999901, 0.164628164000021 ], [ -50.425888546999829, 0.154354968000177 ], [ -50.43730956099995, 0.156765771000039 ], [ -50.456558601999973, 0.176511524000034 ], [ -50.458145463999983, 0.1785992880001 ], [ -50.489852526999925, 0.193616976000101 ], [ -50.511596524999959, 0.196949956000026 ], [ -50.517543484999919, 0.19943653200005 ], [ -50.523284585999875, 0.205023238000081 ], [ -50.535163586999886, 0.224668742000176 ], [ -50.535358549999955, 0.233968129 ], [ -50.530609530999925, 0.264545647000148 ], [ -50.526290503999974, 0.270947409000087 ], [ -50.522392583999874, 0.270114416000183 ], [ -50.516654500999948, 0.265148809000095 ] ] ], [ [ [ -50.302745480999931, 0.492821751000122 ], [ -50.299858585999971, 0.502739889000111 ], [ -50.283599537999919, 0.536615351000023 ], [ -50.27944546699996, 0.571543747000078 ], [ -50.270786625999904, 0.599230682000041 ], [ -50.267089535999901, 0.600258807000102 ], [ -50.25907157499995, 0.609549811000022 ], [ -50.254966621999984, 0.609749971000042 ], [ -50.226028603999964, 0.604949320000117 ], [ -50.220081475999962, 0.599564617000055 ], [ -50.199760556999934, 0.598085881999964 ], [ -50.194126576999963, 0.594463056000052 ], [ -50.189800509999941, 0.593499305000023 ], [ -50.178981483999905, 0.597934840000107 ], [ -50.171813615999952, 0.601202441000169 ], [ -50.150146563999897, 0.595233185000097 ], [ -50.135536570999875, 0.589400554000065 ], [ -50.126190581999936, 0.588081745000125 ], [ -50.118034486999932, 0.601783475000104 ], [ -50.08786047399991, 0.641684519000023 ], [ -50.070739597999875, 0.636912031000179 ], [ -50.052658491999978, 0.616026508000061 ], [ -50.029365517999963, 0.546835573000124 ], [ -50.026077464999958, 0.533006606000129 ], [ -50.031990562999908, 0.514673037000136 ], [ -50.066551495999931, 0.466594776000022 ], [ -50.091094546999955, 0.444044439000152 ], [ -50.115386475999969, 0.417878316000099 ], [ -50.131591544999878, 0.400796668000055 ], [ -50.153526481999961, 0.381485099000088 ], [ -50.19369557999994, 0.370406737000053 ], [ -50.217834622999931, 0.359162582000124 ], [ -50.242065531999856, 0.339871296000183 ], [ -50.266143553999882, 0.335514383000032 ], [ -50.270572551999976, 0.338795395000034 ], [ -50.279144556999938, 0.337979333000021 ], [ -50.286121484999967, 0.338816350000116 ], [ -50.291042500999822, 0.341098072000079 ], [ -50.299232625999878, 0.357436748000111 ], [ -50.299434629999894, 0.359917623000115 ], [ -50.294708576999938, 0.362803513000188 ], [ -50.293880612999885, 0.367761911000116 ], [ -50.300811608999879, 0.401874581000129 ], [ -50.3046956149999, 0.414695540000025 ], [ -50.300361500999941, 0.432877229000042 ], [ -50.304481540999973, 0.447777068000164 ], [ -50.301753566999935, 0.465742672000033 ], [ -50.302745480999931, 0.492821751000122 ] ] ], [ [ [ -49.998329509999849, 0.877447841999981 ], [ -49.999626525999872, 0.863676878000149 ], [ -50.015922621999948, 0.838570731000175 ], [ -50.035606515999973, 0.818101285000125 ], [ -50.049476553999966, 0.804456385000037 ], [ -50.055396523999946, 0.786133712000037 ], [ -50.063590504999979, 0.770139868000058 ], [ -50.079704545999903, 0.761118760000102 ], [ -50.094718546999957, 0.74864162700004 ], [ -50.125884473999918, 0.723689372000081 ], [ -50.16020149499991, 0.725204317000077 ], [ -50.221984502999931, 0.717886916000111 ], [ -50.244888556999911, 0.723820465000188 ], [ -50.263175521999983, 0.72630435800005 ], [ -50.27328459999984, 0.743655065000098 ], [ -50.278686568999944, 0.773605785000029 ], [ -50.274925609999968, 0.803450557000076 ], [ -50.265563526999927, 0.821742049000079 ], [ -50.253951572999938, 0.837702869000168 ], [ -50.225097541999958, 0.860384131000103 ], [ -50.19635046399992, 0.872712402000047 ], [ -50.172286522999912, 0.875896016000013 ], [ -50.130004514999939, 0.870844411000121 ], [ -50.085479509999971, 0.861165995000135 ], [ -50.066055622999897, 0.858658465000133 ], [ -50.031448588999922, 0.883557411000027 ], [ -50.011825547999877, 0.899434412000176 ], [ -50.002754483999865, 0.891280832000064 ], [ -49.998329509999849, 0.877447841999981 ] ] ], [ [ [ -49.937675543999944, 0.98135410500015 ], [ -49.944679629999939, 0.968786112000032 ], [ -49.959693629999833, 0.956316019000042 ], [ -49.983894531999908, 0.941649029000132 ], [ -50.023994561999928, 0.937489594000112 ], [ -50.053764567999906, 0.935510626000166 ], [ -50.065078627999981, 0.947132638000028 ], [ -50.06725356499993, 0.957497867000143 ], [ -50.054489601999933, 0.973440750000066 ], [ -50.042892568999889, 0.987107611000113 ], [ -50.023086466999928, 1.019069316000071 ], [ -50.002334550999933, 1.032616484000073 ], [ -49.972541578999881, 1.035747124000125 ], [ -49.945182543999977, 1.026241879000168 ], [ -49.935066592999931, 1.010049886000047 ], [ -49.937530536999873, 0.993988315000081 ], [ -49.937675543999944, 0.98135410500015 ] ] ] ] } }
]
}
