pixel_id,latitude,longitude
8451,-20.2500,-64.2500
8452,-20.2500,-64.0000
8453,-20.2500,-63.7500
8454,-20.2500,-63.5000
8569,-20.0000,-64.5000
8570,-20.0000,-64.2500
8571,-20.0000,-64.0000
8572,-20.0000,-63.7500
8573,-20.0000,-63.5000
8574,-20.0000,-63.2500
8689,-19.7500,-64.5000
8690,-19.7500,-64.2500
8691,-19.7500,-64.0000
8692,-19.7500,-63.7500
8693,-19.7500,-63.5000
8694,-19.7500,-63.2500
8695,-19.7500,-63.0000
8696,-19.7500,-62.7500
8810,-19.5000,-64.5000
8811,-19.5000,-64.2500
8812,-19.5000,-64.0000
8813,-19.5000,-63.7500
8814,-19.5000,-63.5000
8815,-19.5000,-63.2500
8816,-19.5000,-63.0000
8817,-19.5000,-62.7500
8818,-19.5000,-62.5000
8931,-19.2500,-64.7500
8932,-19.2500,-64.5000
8933,-19.2500,-64.2500
8934,-19.2500,-64.0000
8935,-19.2500,-63.7500
8936,-19.2500,-63.5000
8937,-19.2500,-63.2500
8938,-19.2500,-63.0000
8939,-19.2500,-62.7500
8940,-19.2500,-62.5000
9048,-19.0000,-66.2500
9052,-19.0000,-65.2500
9053,-19.0000,-65.0000
9054,-19.0000,-64.7500
9055,-19.0000,-64.5000
9056,-19.0000,-64.2500
9057,-19.0000,-64.0000
9058,-19.0000,-63.7500
9059,-19.0000,-63.5000
9060,-19.0000,-63.2500
9061,-19.0000,-63.0000
9062,-19.0000,-62.7500
9063,-19.0000,-62.5000
9064,-19.0000,-62.2500
9065,-19.0000,-62.0000
9066,-19.0000,-61.7500
9170,-18.7500,-66.5000
9171,-18.7500,-66.2500
9172,-18.7500,-66.0000
9173,-18.7500,-65.7500
9174,-18.7500,-65.5000
9175,-18.7500,-65.2500
9176,-18.7500,-65.0000
9177,-18.7500,-64.7500
9178,-18.7500,-64.5000
9179,-18.7500,-64.2500
9180,-18.7500,-64.0000
9181,-18.7500,-63.7500
9182,-18.7500,-63.5000
9183,-18.7500,-63.2500
9184,-18.7500,-63.0000
9185,-18.7500,-62.7500
9186,-18.7500,-62.5000
9187,-18.7500,-62.2500
9188,-18.7500,-62.0000
9189,-18.7500,-61.7500
9190,-18.7500,-61.5000
9191,-18.7500,-61.2500
9192,-18.7500,-61.0000
9193,-18.7500,-60.7500
9293,-18.5000,-66.5000
9294,-18.5000,-66.2500
9295,-18.5000,-66.0000
9296,-18.5000,-65.7500
9297,-18.5000,-65.5000
9298,-18.5000,-65.2500
9299,-18.5000,-65.0000
9300,-18.5000,-64.7500
9301,-18.5000,-64.5000
9302,-18.5000,-64.2500
9303,-18.5000,-64.0000
9304,-18.5000,-63.7500
9305,-18.5000,-63.5000
9306,-18.5000,-63.2500
9307,-18.5000,-63.0000
9308,-18.5000,-62.7500
9309,-18.5000,-62.5000
9310,-18.5000,-62.2500
9311,-18.5000,-62.0000
9312,-18.5000,-61.7500
9313,-18.5000,-61.5000
9314,-18.5000,-61.2500
9315,-18.5000,-61.0000
9316,-18.5000,-60.7500
9317,-18.5000,-60.5000
9416,-18.2500,-66.7500
9417,-18.2500,-66.5000
9418,-18.2500,-66.2500
9419,-18.2500,-66.0000
9420,-18.2500,-65.7500
9421,-18.2500,-65.5000
9422,-18.2500,-65.2500
9423,-18.2500,-65.0000
9424,-18.2500,-64.7500
9425,-18.2500,-64.5000
9426,-18.2500,-64.2500
9427,-18.2500,-64.0000
9428,-18.2500,-63.7500
9429,-18.2500,-63.5000
9430,-18.2500,-63.2500
9431,-18.2500,-63.0000
9432,-18.2500,-62.7500
9433,-18.2500,-62.5000
9434,-18.2500,-62.2500
9435,-18.2500,-62.0000
9436,-18.2500,-61.7500
9437,-18.2500,-61.5000
9438,-18.2500,-61.2500
9439,-18.2500,-61.0000
9440,-18.2500,-60.7500
9441,-18.2500,-60.5000
9541,-18.0000,-66.7500
9542,-18.0000,-66.5000
9543,-18.0000,-66.2500
9544,-18.0000,-66.0000
9545,-18.0000,-65.7500
9546,-18.0000,-65.5000
9547,-18.0000,-65.2500
9548,-18.0000,-65.0000
9549,-18.0000,-64.7500
9550,-18.0000,-64.5000
9551,-18.0000,-64.2500
9552,-18.0000,-64.0000
9553,-18.0000,-63.7500
9554,-18.0000,-63.5000
9555,-18.0000,-63.2500
9556,-18.0000,-63.0000
9557,-18.0000,-62.7500
9558,-18.0000,-62.5000
9559,-18.0000,-62.2500
9560,-18.0000,-62.0000
9561,-18.0000,-61.7500
9562,-18.0000,-61.5000
9563,-18.0000,-61.2500
9564,-18.0000,-61.0000
9565,-18.0000,-60.7500
9566,-18.0000,-60.5000
9669,-17.7500,-66.7500
9670,-17.7500,-66.5000
9671,-17.7500,-66.2500
9672,-17.7500,-66.0000
9673,-17.7500,-65.7500
9674,-17.7500,-65.5000
9675,-17.7500,-65.2500
9676,-17.7500,-65.0000
9677,-17.7500,-64.7500
9678,-17.7500,-64.5000
9679,-17.7500,-64.2500
9680,-17.7500,-64.0000
9681,-17.7500,-63.7500
9682,-17.7500,-63.5000
9683,-17.7500,-63.2500
9684,-17.7500,-63.0000
9685,-17.7500,-62.7500
9686,-17.7500,-62.5000
9687,-17.7500,-62.2500
9688,-17.7500,-62.0000
9689,-17.7500,-61.7500
9690,-17.7500,-61.5000
9691,-17.7500,-61.2500
9692,-17.7500,-61.0000
9693,-17.7500,-60.7500
9694,-17.7500,-60.5000
9695,-17.7500,-60.2500
9798,-17.5000,-66.7500
9799,-17.5000,-66.5000
9800,-17.5000,-66.2500
9801,-17.5000,-66.0000
9802,-17.5000,-65.7500
9803,-17.5000,-65.5000
9804,-17.5000,-65.2500
9805,-17.5000,-65.0000
9806,-17.5000,-64.7500
9807,-17.5000,-64.5000
9808,-17.5000,-64.2500
9809,-17.5000,-64.0000
9810,-17.5000,-63.7500
9811,-17.5000,-63.5000
9812,-17.5000,-63.2500
9813,-17.5000,-63.0000
9814,-17.5000,-62.7500
9815,-17.5000,-62.5000
9816,-17.5000,-62.2500
9817,-17.5000,-62.0000
9818,-17.5000,-61.7500
9819,-17.5000,-61.5000
9820,-17.5000,-61.2500
9821,-17.5000,-61.0000
9822,-17.5000,-60.7500
9823,-17.5000,-60.5000
9824,-17.5000,-60.2500
9925,-17.2500,-67.5000
9927,-17.2500,-67.0000
9928,-17.2500,-66.7500
9929,-17.2500,-66.5000
9930,-17.2500,-66.2500
9931,-17.2500,-66.0000
9932,-17.2500,-65.7500
9933,-17.2500,-65.5000
9934,-17.2500,-65.2500
9935,-17.2500,-65.0000
9936,-17.2500,-64.7500
9937,-17.2500,-64.5000
9938,-17.2500,-64.2500
9939,-17.2500,-64.0000
9940,-17.2500,-63.7500
9941,-17.2500,-63.5000
9942,-17.2500,-63.2500
9943,-17.2500,-63.0000
9944,-17.2500,-62.7500
9945,-17.2500,-62.5000
9946,-17.2500,-62.2500
9947,-17.2500,-62.0000
9948,-17.2500,-61.7500
9949,-17.2500,-61.5000
9950,-17.2500,-61.2500
9951,-17.2500,-61.0000
9952,-17.2500,-60.7500
9953,-17.2500,-60.5000
9954,-17.2500,-60.2500
9955,-17.2500,-60.0000
10056,-17.0000,-67.7500
10057,-17.0000,-67.5000
10058,-17.0000,-67.2500
10059,-17.0000,-67.0000
10060,-17.0000,-66.7500
10061,-17.0000,-66.5000
10062,-17.0000,-66.2500
10063,-17.0000,-66.0000
10064,-17.0000,-65.7500
10065,-17.0000,-65.5000
10066,-17.0000,-65.2500
10067,-17.0000,-65.0000
10068,-17.0000,-64.7500
10069,-17.0000,-64.5000
10070,-17.0000,-64.2500
10071,-17.0000,-64.0000
10072,-17.0000,-63.7500
10073,-17.0000,-63.5000
10074,-17.0000,-63.2500
10075,-17.0000,-63.0000
10076,-17.0000,-62.7500
10077,-17.0000,-62.5000
10078,-17.0000,-62.2500
10079,-17.0000,-62.0000
10080,-17.0000,-61.7500
10081,-17.0000,-61.5000
10082,-17.0000,-61.2500
10083,-17.0000,-61.0000
10084,-17.0000,-60.7500
10085,-17.0000,-60.5000
10086,-17.0000,-60.2500
10189,-16.7500,-68.0000
10190,-16.7500,-67.7500
10191,-16.7500,-67.5000
10192,-16.7500,-67.2500
10193,-16.7500,-67.0000
10194,-16.7500,-66.7500
10195,-16.7500,-66.5000
10196,-16.7500,-66.2500
10197,-16.7500,-66.0000
10198,-16.7500,-65.7500
10199,-16.7500,-65.5000
10200,-16.7500,-65.2500
10201,-16.7500,-65.0000
10202,-16.7500,-64.7500
10203,-16.7500,-64.5000
10204,-16.7500,-64.2500
10205,-16.7500,-64.0000
10206,-16.7500,-63.7500
10207,-16.7500,-63.5000
10208,-16.7500,-63.2500
10209,-16.7500,-63.0000
10210,-16.7500,-62.7500
10211,-16.7500,-62.5000
10212,-16.7500,-62.2500
10213,-16.7500,-62.0000
10214,-16.7500,-61.7500
10215,-16.7500,-61.5000
10216,-16.7500,-61.2500
10217,-16.7500,-61.0000
10218,-16.7500,-60.7500
10219,-16.7500,-60.5000
10325,-16.5000,-68.0000
10326,-16.5000,-67.7500
10327,-16.5000,-67.5000
10328,-16.5000,-67.2500
10329,-16.5000,-67.0000
10330,-16.5000,-66.7500
10331,-16.5000,-66.5000
10332,-16.5000,-66.2500
10333,-16.5000,-66.0000
10334,-16.5000,-65.7500
10335,-16.5000,-65.5000
10336,-16.5000,-65.2500
10337,-16.5000,-65.0000
10338,-16.5000,-64.7500
10339,-16.5000,-64.5000
10340,-16.5000,-64.2500
10341,-16.5000,-64.0000
10342,-16.5000,-63.7500
10343,-16.5000,-63.5000
10344,-16.5000,-63.2500
10345,-16.5000,-63.0000
10346,-16.5000,-62.7500
10347,-16.5000,-62.5000
10348,-16.5000,-62.2500
10349,-16.5000,-62.0000
10350,-16.5000,-61.7500
10351,-16.5000,-61.5000
10352,-16.5000,-61.2500
10353,-16.5000,-61.0000
10354,-16.5000,-60.7500
10463,-16.2500,-68.0000
10464,-16.2500,-67.7500
10465,-16.2500,-67.5000
10466,-16.2500,-67.2500
10467,-16.2500,-67.0000
10468,-16.2500,-66.7500
10469,-16.2500,-66.5000
10470,-16.2500,-66.2500
10471,-16.2500,-66.0000
10472,-16.2500,-65.7500
10473,-16.2500,-65.5000
10474,-16.2500,-65.2500
10475,-16.2500,-65.0000
10476,-16.2500,-64.7500
10477,-16.2500,-64.5000
10478,-16.2500,-64.2500
10479,-16.2500,-64.0000
10480,-16.2500,-63.7500
10481,-16.2500,-63.5000
10482,-16.2500,-63.2500
10483,-16.2500,-63.0000
10484,-16.2500,-62.7500
10485,-16.2500,-62.5000
10486,-16.2500,-62.2500
10487,-16.2500,-62.0000
10488,-16.2500,-61.7500
10489,-16.2500,-61.5000
10490,-16.2500,-61.2500
10491,-16.2500,-61.0000
10492,-16.2500,-60.7500
10493,-16.2500,-60.5000
10494,-16.2500,-60.2500
10495,-16.2500,-60.0000
10496,-16.2500,-59.7500
10603,-16.0000,-68.2500
10604,-16.0000,-68.0000
10605,-16.0000,-67.7500
10606,-16.0000,-67.5000
10607,-16.0000,-67.2500
10608,-16.0000,-67.0000
10609,-16.0000,-66.7500
10610,-16.0000,-66.5000
10611,-16.0000,-66.2500
10612,-16.0000,-66.0000
10613,-16.0000,-65.7500
10614,-16.0000,-65.5000
10615,-16.0000,-65.2500
10616,-16.0000,-65.0000
10617,-16.0000,-64.7500
10618,-16.0000,-64.5000
10619,-16.0000,-64.2500
10620,-16.0000,-64.0000
10621,-16.0000,-63.7500
10622,-16.0000,-63.5000
10623,-16.0000,-63.2500
10624,-16.0000,-63.0000
10625,-16.0000,-62.7500
10626,-16.0000,-62.5000
10627,-16.0000,-62.2500
10628,-16.0000,-62.0000
10629,-16.0000,-61.7500
10630,-16.0000,-61.5000
10631,-16.0000,-61.2500
10632,-16.0000,-61.0000
10633,-16.0000,-60.7500
10634,-16.0000,-60.5000
10635,-16.0000,-60.2500
10636,-16.0000,-60.0000
10637,-16.0000,-59.7500
10638,-16.0000,-59.5000
10743,-15.7500,-68.7500
10744,-15.7500,-68.5000
10745,-15.7500,-68.2500
10746,-15.7500,-68.0000
10747,-15.7500,-67.7500
10748,-15.7500,-67.5000
10749,-15.7500,-67.2500
10750,-15.7500,-67.0000
10751,-15.7500,-66.7500
10752,-15.7500,-66.5000
10753,-15.7500,-66.2500
10754,-15.7500,-66.0000
10755,-15.7500,-65.7500
10756,-15.7500,-65.5000
10757,-15.7500,-65.2500
10758,-15.7500,-65.0000
10759,-15.7500,-64.7500
10760,-15.7500,-64.5000
10761,-15.7500,-64.2500
10762,-15.7500,-64.0000
10763,-15.7500,-63.7500
10764,-15.7500,-63.5000
10765,-15.7500,-63.2500
10766,-15.7500,-63.0000
10767,-15.7500,-62.7500
10768,-15.7500,-62.5000
10769,-15.7500,-62.2500
10770,-15.7500,-62.0000
10771,-15.7500,-61.7500
10772,-15.7500,-61.5000
10773,-15.7500,-61.2500
10774,-15.7500,-61.0000
10775,-15.7500,-60.7500
10776,-15.7500,-60.5000
10777,-15.7500,-60.2500
10778,-15.7500,-60.0000
10779,-15.7500,-59.7500
10780,-15.7500,-59.5000
10781,-15.7500,-59.2500
10875,-15.5000,-71.7500
10886,-15.5000,-69.0000
10887,-15.5000,-68.7500
10888,-15.5000,-68.5000
10889,-15.5000,-68.2500
10890,-15.5000,-68.0000
10891,-15.5000,-67.7500
10892,-15.5000,-67.5000
10893,-15.5000,-67.2500
10894,-15.5000,-67.0000
10895,-15.5000,-66.7500
10896,-15.5000,-66.5000
10897,-15.5000,-66.2500
10898,-15.5000,-66.0000
10899,-15.5000,-65.7500
10900,-15.5000,-65.5000
10901,-15.5000,-65.2500
10902,-15.5000,-65.0000
10903,-15.5000,-64.7500
10904,-15.5000,-64.5000
10905,-15.5000,-64.2500
10906,-15.5000,-64.0000
10907,-15.5000,-63.7500
10908,-15.5000,-63.5000
10909,-15.5000,-63.2500
10910,-15.5000,-63.0000
10911,-15.5000,-62.7500
10912,-15.5000,-62.5000
10913,-15.5000,-62.2500
10914,-15.5000,-62.0000
10915,-15.5000,-61.7500
10916,-15.5000,-61.5000
10917,-15.5000,-61.2500
10918,-15.5000,-61.0000
10919,-15.5000,-60.7500
10920,-15.5000,-60.5000
10921,-15.5000,-60.2500
10922,-15.5000,-60.0000
10923,-15.5000,-59.7500
10924,-15.5000,-59.5000
10925,-15.5000,-59.2500
11021,-15.2500,-71.7500
11032,-15.2500,-69.0000
11033,-15.2500,-68.7500
11034,-15.2500,-68.5000
11035,-15.2500,-68.2500
11036,-15.2500,-68.0000
11037,-15.2500,-67.7500
11038,-15.2500,-67.5000
11039,-15.2500,-67.2500
11040,-15.2500,-67.0000
11041,-15.2500,-66.7500
11042,-15.2500,-66.5000
11043,-15.2500,-66.2500
11044,-15.2500,-66.0000
11045,-15.2500,-65.7500
11046,-15.2500,-65.5000
11047,-15.2500,-65.2500
11048,-15.2500,-65.0000
11049,-15.2500,-64.7500
11050,-15.2500,-64.5000
11051,-15.2500,-64.2500
11052,-15.2500,-64.0000
11053,-15.2500,-63.7500
11054,-15.2500,-63.5000
11055,-15.2500,-63.2500
11056,-15.2500,-63.0000
11057,-15.2500,-62.7500
11058,-15.2500,-62.5000
11059,-15.2500,-62.2500
11060,-15.2500,-62.0000
11061,-15.2500,-61.7500
11062,-15.2500,-61.5000
11063,-15.2500,-61.2500
11064,-15.2500,-61.0000
11065,-15.2500,-60.7500
11066,-15.2500,-60.5000
11067,-15.2500,-60.2500
11068,-15.2500,-60.0000
11069,-15.2500,-59.7500
11070,-15.2500,-59.5000
11071,-15.2500,-59.2500
11072,-15.2500,-59.0000
11167,-15.0000,-72.0000
11168,-15.0000,-71.7500
11169,-15.0000,-71.5000
11170,-15.0000,-71.2500
11179,-15.0000,-69.0000
11180,-15.0000,-68.7500
11181,-15.0000,-68.5000
11182,-15.0000,-68.2500
11183,-15.0000,-68.0000
11184,-15.0000,-67.7500
11185,-15.0000,-67.5000
11186,-15.0000,-67.2500
11187,-15.0000,-67.0000
11188,-15.0000,-66.7500
11189,-15.0000,-66.5000
11190,-15.0000,-66.2500
11191,-15.0000,-66.0000
11192,-15.0000,-65.7500
11193,-15.0000,-65.5000
11194,-15.0000,-65.2500
11195,-15.0000,-65.0000
11196,-15.0000,-64.7500
11197,-15.0000,-64.5000
11198,-15.0000,-64.2500
11199,-15.0000,-64.0000
11200,-15.0000,-63.7500
11201,-15.0000,-63.5000
11202,-15.0000,-63.2500
11203,-15.0000,-63.0000
11204,-15.0000,-62.7500
11205,-15.0000,-62.5000
11206,-15.0000,-62.2500
11207,-15.0000,-62.0000
11208,-15.0000,-61.7500
11209,-15.0000,-61.5000
11210,-15.0000,-61.2500
11211,-15.0000,-61.0000
11212,-15.0000,-60.7500
11213,-15.0000,-60.5000
11214,-15.0000,-60.2500
11215,-15.0000,-60.0000
11216,-15.0000,-59.7500
11217,-15.0000,-59.5000
11218,-15.0000,-59.2500
11219,-15.0000,-59.0000
11314,-14.7500,-72.2500
11315,-14.7500,-72.0000
11316,-14.7500,-71.7500
11317,-14.7500,-71.5000
11318,-14.7500,-71.2500
11319,-14.7500,-71.0000
11327,-14.7500,-69.0000
11328,-14.7500,-68.7500
11329,-14.7500,-68.5000
11330,-14.7500,-68.2500
11331,-14.7500,-68.0000
11332,-14.7500,-67.7500
11333,-14.7500,-67.5000
11334,-14.7500,-67.2500
11335,-14.7500,-67.0000
11336,-14.7500,-66.7500
11337,-14.7500,-66.5000
11338,-14.7500,-66.2500
11339,-14.7500,-66.0000
11340,-14.7500,-65.7500
11341,-14.7500,-65.5000
11342,-14.7500,-65.2500
11343,-14.7500,-65.0000
11344,-14.7500,-64.7500
11345,-14.7500,-64.5000
11346,-14.7500,-64.2500
11347,-14.7500,-64.0000
11348,-14.7500,-63.7500
11349,-14.7500,-63.5000
11350,-14.7500,-63.2500
11351,-14.7500,-63.0000
11352,-14.7500,-62.7500
11353,-14.7500,-62.5000
11354,-14.7500,-62.2500
11355,-14.7500,-62.0000
11356,-14.7500,-61.7500
11357,-14.7500,-61.5000
11358,-14.7500,-61.2500
11359,-14.7500,-61.0000
11360,-14.7500,-60.7500
11361,-14.7500,-60.5000
11362,-14.7500,-60.2500
11363,-14.7500,-60.0000
11364,-14.7500,-59.7500
11365,-14.7500,-59.5000
11366,-14.7500,-59.2500
11367,-14.7500,-59.0000
11385,-14.7500,-54.5000
11386,-14.7500,-54.2500
11387,-14.7500,-54.0000
11388,-14.7500,-53.7500
11389,-14.7500,-53.5000
11456,-14.5000,-74.0000
11457,-14.5000,-73.7500
11458,-14.5000,-73.5000
11459,-14.5000,-73.2500
11460,-14.5000,-73.0000
11461,-14.5000,-72.7500
11462,-14.5000,-72.5000
11463,-14.5000,-72.2500
11464,-14.5000,-72.0000
11465,-14.5000,-71.7500
11466,-14.5000,-71.5000
11467,-14.5000,-71.2500
11468,-14.5000,-71.0000
11474,-14.5000,-69.5000
11475,-14.5000,-69.2500
11476,-14.5000,-69.0000
11477,-14.5000,-68.7500
11478,-14.5000,-68.5000
11479,-14.5000,-68.2500
11480,-14.5000,-68.0000
11481,-14.5000,-67.7500
11482,-14.5000,-67.5000
11483,-14.5000,-67.2500
11484,-14.5000,-67.0000
11485,-14.5000,-66.7500
11486,-14.5000,-66.5000
11487,-14.5000,-66.2500
11488,-14.5000,-66.0000
11489,-14.5000,-65.7500
11490,-14.5000,-65.5000
11491,-14.5000,-65.2500
11492,-14.5000,-65.0000
11493,-14.5000,-64.7500
11494,-14.5000,-64.5000
11495,-14.5000,-64.2500
11496,-14.5000,-64.0000
11497,-14.5000,-63.7500
11498,-14.5000,-63.5000
11499,-14.5000,-63.2500
11500,-14.5000,-63.0000
11501,-14.5000,-62.7500
11502,-14.5000,-62.5000
11503,-14.5000,-62.2500
11504,-14.5000,-62.0000
11505,-14.5000,-61.7500
11506,-14.5000,-61.5000
11507,-14.5000,-61.2500
11508,-14.5000,-61.0000
11509,-14.5000,-60.7500
11510,-14.5000,-60.5000
11511,-14.5000,-60.2500
11512,-14.5000,-60.0000
11513,-14.5000,-59.7500
11514,-14.5000,-59.5000
11515,-14.5000,-59.2500
11516,-14.5000,-59.0000
11517,-14.5000,-58.7500
11532,-14.5000,-55.0000
11533,-14.5000,-54.7500
11534,-14.5000,-54.5000
11535,-14.5000,-54.2500
11536,-14.5000,-54.0000
11537,-14.5000,-53.7500
11538,-14.5000,-53.5000
11539,-14.5000,-53.2500
11540,-14.5000,-53.0000
11603,-14.2500,-74.5000
11604,-14.2500,-74.2500
11605,-14.2500,-74.0000
11606,-14.2500,-73.7500
11607,-14.2500,-73.5000
11608,-14.2500,-73.2500
11609,-14.2500,-73.0000
11610,-14.2500,-72.7500
11611,-14.2500,-72.5000
11612,-14.2500,-72.2500
11613,-14.2500,-72.0000
11614,-14.2500,-71.7500
11615,-14.2500,-71.5000
11616,-14.2500,-71.2500
11617,-14.2500,-71.0000
11622,-14.2500,-69.7500
11623,-14.2500,-69.5000
11624,-14.2500,-69.2500
11625,-14.2500,-69.0000
11626,-14.2500,-68.7500
11627,-14.2500,-68.5000
11628,-14.2500,-68.2500
11629,-14.2500,-68.0000
11630,-14.2500,-67.7500
11631,-14.2500,-67.5000
11632,-14.2500,-67.2500
11633,-14.2500,-67.0000
11634,-14.2500,-66.7500
11635,-14.2500,-66.5000
11636,-14.2500,-66.2500
11637,-14.2500,-66.0000
11638,-14.2500,-65.7500
11639,-14.2500,-65.5000
11640,-14.2500,-65.2500
11641,-14.2500,-65.0000
11642,-14.2500,-64.7500
11643,-14.2500,-64.5000
11644,-14.2500,-64.2500
11645,-14.2500,-64.0000
11646,-14.2500,-63.7500
11647,-14.2500,-63.5000
11648,-14.2500,-63.2500
11649,-14.2500,-63.0000
11650,-14.2500,-62.7500
11651,-14.2500,-62.5000
11652,-14.2500,-62.2500
11653,-14.2500,-62.0000
11654,-14.2500,-61.7500
11655,-14.2500,-61.5000
11656,-14.2500,-61.2500
11657,-14.2500,-61.0000
11658,-14.2500,-60.7500
11659,-14.2500,-60.5000
11660,-14.2500,-60.2500
11661,-14.2500,-60.0000
11662,-14.2500,-59.7500
11663,-14.2500,-59.5000
11664,-14.2500,-59.2500
11665,-14.2500,-59.0000
11666,-14.2500,-58.7500
11667,-14.2500,-58.5000
11668,-14.2500,-58.2500
11669,-14.2500,-58.0000
11670,-14.2500,-57.7500
11676,-14.2500,-56.2500
11677,-14.2500,-56.0000
11678,-14.2500,-55.7500
11679,-14.2500,-55.5000
11680,-14.2500,-55.2500
11681,-14.2500,-55.0000
11682,-14.2500,-54.7500
11683,-14.2500,-54.5000
11684,-14.2500,-54.2500
11685,-14.2500,-54.0000
11686,-14.2500,-53.7500
11687,-14.2500,-53.5000
11688,-14.2500,-53.2500
11689,-14.2500,-53.0000
11752,-14.0000,-74.7500
11753,-14.0000,-74.5000
11754,-14.0000,-74.2500
11755,-14.0000,-74.0000
11756,-14.0000,-73.7500
11757,-14.0000,-73.5000
11758,-14.0000,-73.2500
11759,-14.0000,-73.0000
11760,-14.0000,-72.7500
11761,-14.0000,-72.5000
11762,-14.0000,-72.2500
11763,-14.0000,-72.0000
11764,-14.0000,-71.7500
11765,-14.0000,-71.5000
11766,-14.0000,-71.2500
11767,-14.0000,-71.0000
11768,-14.0000,-70.7500
11769,-14.0000,-70.5000
11770,-14.0000,-70.2500
11771,-14.0000,-70.0000
11772,-14.0000,-69.7500
11773,-14.0000,-69.5000
11774,-14.0000,-69.2500
11775,-14.0000,-69.0000
11776,-14.0000,-68.7500
11777,-14.0000,-68.5000
11778,-14.0000,-68.2500
11779,-14.0000,-68.0000
11780,-14.0000,-67.7500
11781,-14.0000,-67.5000
11782,-14.0000,-67.2500
11783,-14.0000,-67.0000
11784,-14.0000,-66.7500
11785,-14.0000,-66.5000
11786,-14.0000,-66.2500
11787,-14.0000,-66.0000
11788,-14.0000,-65.7500
11789,-14.0000,-65.5000
11790,-14.0000,-65.2500
11791,-14.0000,-65.0000
11792,-14.0000,-64.7500
11793,-14.0000,-64.5000
11794,-14.0000,-64.2500
11795,-14.0000,-64.0000
11796,-14.0000,-63.7500
11797,-14.0000,-63.5000
11798,-14.0000,-63.2500
11799,-14.0000,-63.0000
11800,-14.0000,-62.7500
11801,-14.0000,-62.5000
11802,-14.0000,-62.2500
11803,-14.0000,-62.0000
11804,-14.0000,-61.7500
11805,-14.0000,-61.5000
11806,-14.0000,-61.2500
11807,-14.0000,-61.0000
11808,-14.0000,-60.7500
11809,-14.0000,-60.5000
11810,-14.0000,-60.2500
11811,-14.0000,-60.0000
11812,-14.0000,-59.7500
11813,-14.0000,-59.5000
11814,-14.0000,-59.2500
11815,-14.0000,-59.0000
11816,-14.0000,-58.7500
11817,-14.0000,-58.5000
11818,-14.0000,-58.2500
11819,-14.0000,-58.0000
11820,-14.0000,-57.7500
11821,-14.0000,-57.5000
11822,-14.0000,-57.2500
11823,-14.0000,-57.0000
11824,-14.0000,-56.7500
11825,-14.0000,-56.5000
11826,-14.0000,-56.2500
11827,-14.0000,-56.0000
11828,-14.0000,-55.7500
11829,-14.0000,-55.5000
11830,-14.0000,-55.2500
11831,-14.0000,-55.0000
11832,-14.0000,-54.7500
11833,-14.0000,-54.5000
11834,-14.0000,-54.2500
11835,-14.0000,-54.0000
11836,-14.0000,-53.7500
11837,-14.0000,-53.5000
11838,-14.0000,-53.2500
11839,-14.0000,-53.0000
11840,-14.0000,-52.7500
11841,-14.0000,-52.5000
11842,-14.0000,-52.2500
11902,-13.7500,-74.7500
11903,-13.7500,-74.5000
11904,-13.7500,-74.2500
11905,-13.7500,-74.0000
11906,-13.7500,-73.7500
11907,-13.7500,-73.5000
11908,-13.7500,-73.2500
11909,-13.7500,-73.0000
11910,-13.7500,-72.7500
11911,-13.7500,-72.5000
11912,-13.7500,-72.2500
11913,-13.7500,-72.0000
11914,-13.7500,-71.7500
11915,-13.7500,-71.5000
11916,-13.7500,-71.2500
11917,-13.7500,-71.0000
11918,-13.7500,-70.7500
11919,-13.7500,-70.5000
11920,-13.7500,-70.2500
11921,-13.7500,-70.0000
11922,-13.7500,-69.7500
11923,-13.7500,-69.5000
11924,-13.7500,-69.2500
11925,-13.7500,-69.0000
11926,-13.7500,-68.7500
11927,-13.7500,-68.5000
11928,-13.7500,-68.2500
11929,-13.7500,-68.0000
11930,-13.7500,-67.7500
11931,-13.7500,-67.5000
11932,-13.7500,-67.2500
11933,-13.7500,-67.0000
11934,-13.7500,-66.7500
11935,-13.7500,-66.5000
11936,-13.7500,-66.2500
11937,-13.7500,-66.0000
11938,-13.7500,-65.7500
11939,-13.7500,-65.5000
11940,-13.7500,-65.2500
11941,-13.7500,-65.0000
11942,-13.7500,-64.7500
11943,-13.7500,-64.5000
11944,-13.7500,-64.2500
11945,-13.7500,-64.0000
11946,-13.7500,-63.7500
11947,-13.7500,-63.5000
11948,-13.7500,-63.2500
11949,-13.7500,-63.0000
11950,-13.7500,-62.7500
11951,-13.7500,-62.5000
11952,-13.7500,-62.2500
11953,-13.7500,-62.0000
11954,-13.7500,-61.7500
11955,-13.7500,-61.5000
11956,-13.7500,-61.2500
11957,-13.7500,-61.0000
11958,-13.7500,-60.7500
11959,-13.7500,-60.5000
11960,-13.7500,-60.2500
11961,-13.7500,-60.0000
11962,-13.7500,-59.7500
11963,-13.7500,-59.5000
11964,-13.7500,-59.2500
11965,-13.7500,-59.0000
11966,-13.7500,-58.7500
11967,-13.7500,-58.5000
11968,-13.7500,-58.2500
11969,-13.7500,-58.0000
11970,-13.7500,-57.7500
11971,-13.7500,-57.5000
11972,-13.7500,-57.2500
11973,-13.7500,-57.0000
11974,-13.7500,-56.7500
11975,-13.7500,-56.5000
11976,-13.7500,-56.2500
11977,-13.7500,-56.0000
11978,-13.7500,-55.7500
11979,-13.7500,-55.5000
11980,-13.7500,-55.2500
11981,-13.7500,-55.0000
11982,-13.7500,-54.7500
11983,-13.7500,-54.5000
11984,-13.7500,-54.2500
11985,-13.7500,-54.0000
11986,-13.7500,-53.7500
11987,-13.7500,-53.5000
11988,-13.7500,-53.2500
11989,-13.7500,-53.0000
11990,-13.7500,-52.7500
11991,-13.7500,-52.5000
11992,-13.7500,-52.2500
12051,-13.5000,-75.0000
12052,-13.5000,-74.7500
12053,-13.5000,-74.5000
12054,-13.5000,-74.2500
12055,-13.5000,-74.0000
12056,-13.5000,-73.7500
12057,-13.5000,-73.5000
12058,-13.5000,-73.2500
12059,-13.5000,-73.0000
12060,-13.5000,-72.7500
12061,-13.5000,-72.5000
12062,-13.5000,-72.2500
12063,-13.5000,-72.0000
12064,-13.5000,-71.7500
12065,-13.5000,-71.5000
12066,-13.5000,-71.2500
12067,-13.5000,-71.0000
12068,-13.5000,-70.7500
12069,-13.5000,-70.5000
12070,-13.5000,-70.2500
12071,-13.5000,-70.0000
12072,-13.5000,-69.7500
12073,-13.5000,-69.5000
12074,-13.5000,-69.2500
12075,-13.5000,-69.0000
12076,-13.5000,-68.7500
12077,-13.5000,-68.5000
12078,-13.5000,-68.2500
12079,-13.5000,-68.0000
12080,-13.5000,-67.7500
12081,-13.5000,-67.5000
12082,-13.5000,-67.2500
12083,-13.5000,-67.0000
12084,-13.5000,-66.7500
12085,-13.5000,-66.5000
12086,-13.5000,-66.2500
12087,-13.5000,-66.0000
12088,-13.5000,-65.7500
12089,-13.5000,-65.5000
12090,-13.5000,-65.2500
12091,-13.5000,-65.0000
12092,-13.5000,-64.7500
12093,-13.5000,-64.5000
12094,-13.5000,-64.2500
12095,-13.5000,-64.0000
12096,-13.5000,-63.7500
12097,-13.5000,-63.5000
12098,-13.5000,-63.2500
12099,-13.5000,-63.0000
12100,-13.5000,-62.7500
12101,-13.5000,-62.5000
12102,-13.5000,-62.2500
12103,-13.5000,-62.0000
12104,-13.5000,-61.7500
12105,-13.5000,-61.5000
12106,-13.5000,-61.2500
12107,-13.5000,-61.0000
12108,-13.5000,-60.7500
12109,-13.5000,-60.5000
12110,-13.5000,-60.2500
12111,-13.5000,-60.0000
12112,-13.5000,-59.7500
12113,-13.5000,-59.5000
12114,-13.5000,-59.2500
12115,-13.5000,-59.0000
12116,-13.5000,-58.7500
12117,-13.5000,-58.5000
12118,-13.5000,-58.2500
12119,-13.5000,-58.0000
12120,-13.5000,-57.7500
12121,-13.5000,-57.5000
12122,-13.5000,-57.2500
12123,-13.5000,-57.0000
12124,-13.5000,-56.7500
12125,-13.5000,-56.5000
12126,-13.5000,-56.2500
12127,-13.5000,-56.0000
12128,-13.5000,-55.7500
12129,-13.5000,-55.5000
12130,-13.5000,-55.2500
12131,-13.5000,-55.0000
12132,-13.5000,-54.7500
12133,-13.5000,-54.5000
12134,-13.5000,-54.2500
12135,-13.5000,-54.0000
12136,-13.5000,-53.7500
12137,-13.5000,-53.5000
12138,-13.5000,-53.2500
12139,-13.5000,-53.0000
12140,-13.5000,-52.7500
12141,-13.5000,-52.5000
12142,-13.5000,-52.2500
12143,-13.5000,-52.0000
12201,-13.2500,-75.0000
12202,-13.2500,-74.7500
12203,-13.2500,-74.5000
12204,-13.2500,-74.2500
12205,-13.2500,-74.0000
12206,-13.2500,-73.7500
12207,-13.2500,-73.5000
12208,-13.2500,-73.2500
12209,-13.2500,-73.0000
12210,-13.2500,-72.7500
12211,-13.2500,-72.5000
12212,-13.2500,-72.2500
12213,-13.2500,-72.0000
12214,-13.2500,-71.7500
12215,-13.2500,-71.5000
12216,-13.2500,-71.2500
12217,-13.2500,-71.0000
12218,-13.2500,-70.7500
12219,-13.2500,-70.5000
12220,-13.2500,-70.2500
12221,-13.2500,-70.0000
12222,-13.2500,-69.7500
12223,-13.2500,-69.5000
12224,-13.2500,-69.2500
12225,-13.2500,-69.0000
12226,-13.2500,-68.7500
12227,-13.2500,-68.5000
12228,-13.2500,-68.2500
12229,-13.2500,-68.0000
12230,-13.2500,-67.7500
12231,-13.2500,-67.5000
12232,-13.2500,-67.2500
12233,-13.2500,-67.0000
12234,-13.2500,-66.7500
12235,-13.2500,-66.5000
12236,-13.2500,-66.2500
12237,-13.2500,-66.0000
12238,-13.2500,-65.7500
12239,-13.2500,-65.5000
12240,-13.2500,-65.2500
12241,-13.2500,-65.0000
12242,-13.2500,-64.7500
12243,-13.2500,-64.5000
12244,-13.2500,-64.2500
12245,-13.2500,-64.0000
12246,-13.2500,-63.7500
12247,-13.2500,-63.5000
12248,-13.2500,-63.2500
12249,-13.2500,-63.0000
12250,-13.2500,-62.7500
12251,-13.2500,-62.5000
12252,-13.2500,-62.2500
12253,-13.2500,-62.0000
12254,-13.2500,-61.7500
12255,-13.2500,-61.5000
12256,-13.2500,-61.2500
12257,-13.2500,-61.0000
12258,-13.2500,-60.7500
12259,-13.2500,-60.5000
12260,-13.2500,-60.2500
12261,-13.2500,-60.0000
12262,-13.2500,-59.7500
12263,-13.2500,-59.5000
12264,-13.2500,-59.2500
12265,-13.2500,-59.0000
12266,-13.2500,-58.7500
12267,-13.2500,-58.5000
12268,-13.2500,-58.2500
12269,-13.2500,-58.0000
12270,-13.2500,-57.7500
12271,-13.2500,-57.5000
12272,-13.2500,-57.2500
12273,-13.2500,-57.0000
12274,-13.2500,-56.7500
12275,-13.2500,-56.5000
12276,-13.2500,-56.2500
12277,-13.2500,-56.0000
12278,-13.2500,-55.7500
12279,-13.2500,-55.5000
12280,-13.2500,-55.2500
12281,-13.2500,-55.0000
12282,-13.2500,-54.7500
12283,-13.2500,-54.5000
12284,-13.2500,-54.2500
12285,-13.2500,-54.0000
12286,-13.2500,-53.7500
12287,-13.2500,-53.5000
12288,-13.2500,-53.2500
12289,-13.2500,-53.0000
12290,-13.2500,-52.7500
12291,-13.2500,-52.5000
12292,-13.2500,-52.2500
12293,-13.2500,-52.0000
12353,-13.0000,-75.0000
12354,-13.0000,-74.7500
12355,-13.0000,-74.5000
12356,-13.0000,-74.2500
12357,-13.0000,-74.0000
12358,-13.0000,-73.7500
12359,-13.0000,-73.5000
12360,-13.0000,-73.2500
12361,-13.0000,-73.0000
12362,-13.0000,-72.7500
12363,-13.0000,-72.5000
12364,-13.0000,-72.2500
12365,-13.0000,-72.0000
12366,-13.0000,-71.7500
12367,-13.0000,-71.5000
12368,-13.0000,-71.2500
12369,-13.0000,-71.0000
12370,-13.0000,-70.7500
12371,-13.0000,-70.5000
12372,-13.0000,-70.2500
12373,-13.0000,-70.0000
12374,-13.0000,-69.7500
12375,-13.0000,-69.5000
12376,-13.0000,-69.2500
12377,-13.0000,-69.0000
12378,-13.0000,-68.7500
12379,-13.0000,-68.5000
12380,-13.0000,-68.2500
12381,-13.0000,-68.0000
12382,-13.0000,-67.7500
12383,-13.0000,-67.5000
12384,-13.0000,-67.2500
12385,-13.0000,-67.0000
12386,-13.0000,-66.7500
12387,-13.0000,-66.5000
12388,-13.0000,-66.2500
12389,-13.0000,-66.0000
12390,-13.0000,-65.7500
12391,-13.0000,-65.5000
12392,-13.0000,-65.2500
12393,-13.0000,-65.0000
12394,-13.0000,-64.7500
12395,-13.0000,-64.5000
12396,-13.0000,-64.2500
12397,-13.0000,-64.0000
12398,-13.0000,-63.7500
12399,-13.0000,-63.5000
12400,-13.0000,-63.2500
12401,-13.0000,-63.0000
12402,-13.0000,-62.7500
12403,-13.0000,-62.5000
12404,-13.0000,-62.2500
12405,-13.0000,-62.0000
12406,-13.0000,-61.7500
12407,-13.0000,-61.5000
12408,-13.0000,-61.2500
12409,-13.0000,-61.0000
12410,-13.0000,-60.7500
12411,-13.0000,-60.5000
12412,-13.0000,-60.2500
12413,-13.0000,-60.0000
12414,-13.0000,-59.7500
12415,-13.0000,-59.5000
12416,-13.0000,-59.2500
12417,-13.0000,-59.0000
12418,-13.0000,-58.7500
12419,-13.0000,-58.5000
12420,-13.0000,-58.2500
12421,-13.0000,-58.0000
12422,-13.0000,-57.7500
12423,-13.0000,-57.5000
12424,-13.0000,-57.2500
12425,-13.0000,-57.0000
12426,-13.0000,-56.7500
12427,-13.0000,-56.5000
12428,-13.0000,-56.2500
12429,-13.0000,-56.0000
12430,-13.0000,-55.7500
12431,-13.0000,-55.5000
12432,-13.0000,-55.2500
12433,-13.0000,-55.0000
12434,-13.0000,-54.7500
12435,-13.0000,-54.5000
12436,-13.0000,-54.2500
12437,-13.0000,-54.0000
12438,-13.0000,-53.7500
12439,-13.0000,-53.5000
12440,-13.0000,-53.2500
12441,-13.0000,-53.0000
12442,-13.0000,-52.7500
12443,-13.0000,-52.5000
12444,-13.0000,-52.2500
12445,-13.0000,-52.0000
12505,-12.7500,-75.5000
12506,-12.7500,-75.2500
12507,-12.7500,-75.0000
12508,-12.7500,-74.7500
12509,-12.7500,-74.5000
12510,-12.7500,-74.2500
12511,-12.7500,-74.0000
12512,-12.7500,-73.7500
12513,-12.7500,-73.5000
12514,-12.7500,-73.2500
12515,-12.7500,-73.0000
12516,-12.7500,-72.7500
12517,-12.7500,-72.5000
12518,-12.7500,-72.2500
12519,-12.7500,-72.0000
12520,-12.7500,-71.7500
12521,-12.7500,-71.5000
12522,-12.7500,-71.2500
12523,-12.7500,-71.0000
12524,-12.7500,-70.7500
12525,-12.7500,-70.5000
12526,-12.7500,-70.2500
12527,-12.7500,-70.0000
12528,-12.7500,-69.7500
12529,-12.7500,-69.5000
12530,-12.7500,-69.2500
12531,-12.7500,-69.0000
12532,-12.7500,-68.7500
12533,-12.7500,-68.5000
12534,-12.7500,-68.2500
12535,-12.7500,-68.0000
12536,-12.7500,-67.7500
12537,-12.7500,-67.5000
12538,-12.7500,-67.2500
12539,-12.7500,-67.0000
12540,-12.7500,-66.7500
12541,-12.7500,-66.5000
12542,-12.7500,-66.2500
12543,-12.7500,-66.0000
12544,-12.7500,-65.7500
12545,-12.7500,-65.5000
12546,-12.7500,-65.2500
12547,-12.7500,-65.0000
12548,-12.7500,-64.7500
12549,-12.7500,-64.5000
12550,-12.7500,-64.2500
12551,-12.7500,-64.0000
12552,-12.7500,-63.7500
12553,-12.7500,-63.5000
12554,-12.7500,-63.2500
12555,-12.7500,-63.0000
12556,-12.7500,-62.7500
12557,-12.7500,-62.5000
12558,-12.7500,-62.2500
12559,-12.7500,-62.0000
12560,-12.7500,-61.7500
12561,-12.7500,-61.5000
12562,-12.7500,-61.2500
12563,-12.7500,-61.0000
12564,-12.7500,-60.7500
12565,-12.7500,-60.5000
12566,-12.7500,-60.2500
12567,-12.7500,-60.0000
12568,-12.7500,-59.7500
12569,-12.7500,-59.5000
12570,-12.7500,-59.2500
12571,-12.7500,-59.0000
12572,-12.7500,-58.7500
12573,-12.7500,-58.5000
12574,-12.7500,-58.2500
12575,-12.7500,-58.0000
12576,-12.7500,-57.7500
12577,-12.7500,-57.5000
12578,-12.7500,-57.2500
12579,-12.7500,-57.0000
12580,-12.7500,-56.7500
12581,-12.7500,-56.5000
12582,-12.7500,-56.2500
12583,-12.7500,-56.0000
12584,-12.7500,-55.7500
12585,-12.7500,-55.5000
12586,-12.7500,-55.2500
12587,-12.7500,-55.0000
12588,-12.7500,-54.7500
12589,-12.7500,-54.5000
12590,-12.7500,-54.2500
12591,-12.7500,-54.0000
12592,-12.7500,-53.7500
12593,-12.7500,-53.5000
12594,-12.7500,-53.2500
12595,-12.7500,-53.0000
12596,-12.7500,-52.7500
12597,-12.7500,-52.5000
12598,-12.7500,-52.2500
12599,-12.7500,-52.0000
12660,-12.5000,-75.5000
12661,-12.5000,-75.2500
12662,-12.5000,-75.0000
12663,-12.5000,-74.7500
12664,-12.5000,-74.5000
12665,-12.5000,-74.2500
12666,-12.5000,-74.0000
12667,-12.5000,-73.7500
12668,-12.5000,-73.5000
12669,-12.5000,-73.2500
12670,-12.5000,-73.0000
12671,-12.5000,-72.7500
12672,-12.5000,-72.5000
12673,-12.5000,-72.2500
12674,-12.5000,-72.0000
12675,-12.5000,-71.7500
12676,-12.5000,-71.5000
12677,-12.5000,-71.2500
12678,-12.5000,-71.0000
12679,-12.5000,-70.7500
12680,-12.5000,-70.5000
12681,-12.5000,-70.2500
12682,-12.5000,-70.0000
12683,-12.5000,-69.7500
12684,-12.5000,-69.5000
12685,-12.5000,-69.2500
12686,-12.5000,-69.0000
12687,-12.5000,-68.7500
12688,-12.5000,-68.5000
12689,-12.5000,-68.2500
12690,-12.5000,-68.0000
12691,-12.5000,-67.7500
12692,-12.5000,-67.5000
12693,-12.5000,-67.2500
12694,-12.5000,-67.0000
12695,-12.5000,-66.7500
12696,-12.5000,-66.5000
12697,-12.5000,-66.2500
12698,-12.5000,-66.0000
12699,-12.5000,-65.7500
12700,-12.5000,-65.5000
12701,-12.5000,-65.2500
12702,-12.5000,-65.0000
12703,-12.5000,-64.7500
12704,-12.5000,-64.5000
12705,-12.5000,-64.2500
12706,-12.5000,-64.0000
12707,-12.5000,-63.7500
12708,-12.5000,-63.5000
12709,-12.5000,-63.2500
12710,-12.5000,-63.0000
12711,-12.5000,-62.7500
12712,-12.5000,-62.5000
12713,-12.5000,-62.2500
12714,-12.5000,-62.0000
12715,-12.5000,-61.7500
12716,-12.5000,-61.5000
12717,-12.5000,-61.2500
12718,-12.5000,-61.0000
12719,-12.5000,-60.7500
12720,-12.5000,-60.5000
12721,-12.5000,-60.2500
12722,-12.5000,-60.0000
12723,-12.5000,-59.7500
12724,-12.5000,-59.5000
12725,-12.5000,-59.2500
12726,-12.5000,-59.0000
12727,-12.5000,-58.7500
12728,-12.5000,-58.5000
12729,-12.5000,-58.2500
12730,-12.5000,-58.0000
12731,-12.5000,-57.7500
12732,-12.5000,-57.5000
12733,-12.5000,-57.2500
12734,-12.5000,-57.0000
12735,-12.5000,-56.7500
12736,-12.5000,-56.5000
12737,-12.5000,-56.2500
12738,-12.5000,-56.0000
12739,-12.5000,-55.7500
12740,-12.5000,-55.5000
12741,-12.5000,-55.2500
12742,-12.5000,-55.0000
12743,-12.5000,-54.7500
12744,-12.5000,-54.5000
12745,-12.5000,-54.2500
12746,-12.5000,-54.0000
12747,-12.5000,-53.7500
12748,-12.5000,-53.5000
12749,-12.5000,-53.2500
12750,-12.5000,-53.0000
12751,-12.5000,-52.7500
12752,-12.5000,-52.5000
12753,-12.5000,-52.2500
12754,-12.5000,-52.0000
12755,-12.5000,-51.7500
12817,-12.2500,-75.5000
12818,-12.2500,-75.2500
12819,-12.2500,-75.0000
12820,-12.2500,-74.7500
12821,-12.2500,-74.5000
12822,-12.2500,-74.2500
12823,-12.2500,-74.0000
12824,-12.2500,-73.7500
12825,-12.2500,-73.5000
12826,-12.2500,-73.2500
12827,-12.2500,-73.0000
12828,-12.2500,-72.7500
12829,-12.2500,-72.5000
12830,-12.2500,-72.2500
12831,-12.2500,-72.0000
12832,-12.2500,-71.7500
12833,-12.2500,-71.5000
12834,-12.2500,-71.2500
12835,-12.2500,-71.0000
12836,-12.2500,-70.7500
12837,-12.2500,-70.5000
12838,-12.2500,-70.2500
12839,-12.2500,-70.0000
12840,-12.2500,-69.7500
12841,-12.2500,-69.5000
12842,-12.2500,-69.2500
12843,-12.2500,-69.0000
12844,-12.2500,-68.7500
12845,-12.2500,-68.5000
12846,-12.2500,-68.2500
12847,-12.2500,-68.0000
12848,-12.2500,-67.7500
12849,-12.2500,-67.5000
12850,-12.2500,-67.2500
12851,-12.2500,-67.0000
12852,-12.2500,-66.7500
12853,-12.2500,-66.5000
12854,-12.2500,-66.2500
12855,-12.2500,-66.0000
12856,-12.2500,-65.7500
12857,-12.2500,-65.5000
12858,-12.2500,-65.2500
12859,-12.2500,-65.0000
12860,-12.2500,-64.7500
12861,-12.2500,-64.5000
12862,-12.2500,-64.2500
12863,-12.2500,-64.0000
12864,-12.2500,-63.7500
12865,-12.2500,-63.5000
12866,-12.2500,-63.2500
12867,-12.2500,-63.0000
12868,-12.2500,-62.7500
12869,-12.2500,-62.5000
12870,-12.2500,-62.2500
12871,-12.2500,-62.0000
12872,-12.2500,-61.7500
12873,-12.2500,-61.5000
12874,-12.2500,-61.2500
12875,-12.2500,-61.0000
12876,-12.2500,-60.7500
12877,-12.2500,-60.5000
12878,-12.2500,-60.2500
12879,-12.2500,-60.0000
12880,-12.2500,-59.7500
12881,-12.2500,-59.5000
12882,-12.2500,-59.2500
12883,-12.2500,-59.0000
12884,-12.2500,-58.7500
12885,-12.2500,-58.5000
12886,-12.2500,-58.2500
12887,-12.2500,-58.0000
12888,-12.2500,-57.7500
12889,-12.2500,-57.5000
12890,-12.2500,-57.2500
12891,-12.2500,-57.0000
12892,-12.2500,-56.7500
12893,-12.2500,-56.5000
12894,-12.2500,-56.2500
12895,-12.2500,-56.0000
12896,-12.2500,-55.7500
12897,-12.2500,-55.5000
12898,-12.2500,-55.2500
12899,-12.2500,-55.0000
12900,-12.2500,-54.7500
12901,-12.2500,-54.5000
12902,-12.2500,-54.2500
12903,-12.2500,-54.0000
12904,-12.2500,-53.7500
12905,-12.2500,-53.5000
12906,-12.2500,-53.2500
12907,-12.2500,-53.0000
12908,-12.2500,-52.7500
12909,-12.2500,-52.5000
12910,-12.2500,-52.2500
12911,-12.2500,-52.0000
12912,-12.2500,-51.7500
12973,-12.0000,-75.7500
12974,-12.0000,-75.5000
12975,-12.0000,-75.2500
12976,-12.0000,-75.0000
12977,-12.0000,-74.7500
12978,-12.0000,-74.5000
12979,-12.0000,-74.2500
12980,-12.0000,-74.0000
12981,-12.0000,-73.7500
12982,-12.0000,-73.5000
12983,-12.0000,-73.2500
12984,-12.0000,-73.0000
12985,-12.0000,-72.7500
12986,-12.0000,-72.5000
12987,-12.0000,-72.2500
12988,-12.0000,-72.0000
12989,-12.0000,-71.7500
12990,-12.0000,-71.5000
12991,-12.0000,-71.2500
12992,-12.0000,-71.0000
12993,-12.0000,-70.7500
12994,-12.0000,-70.5000
12995,-12.0000,-70.2500
12996,-12.0000,-70.0000
12997,-12.0000,-69.7500
12998,-12.0000,-69.5000
12999,-12.0000,-69.2500
13000,-12.0000,-69.0000
13001,-12.0000,-68.7500
13002,-12.0000,-68.5000
13003,-12.0000,-68.2500
13004,-12.0000,-68.0000
13005,-12.0000,-67.7500
13006,-12.0000,-67.5000
13007,-12.0000,-67.2500
13008,-12.0000,-67.0000
13009,-12.0000,-66.7500
13010,-12.0000,-66.5000
13011,-12.0000,-66.2500
13012,-12.0000,-66.0000
13013,-12.0000,-65.7500
13014,-12.0000,-65.5000
13015,-12.0000,-65.2500
13016,-12.0000,-65.0000
13017,-12.0000,-64.7500
13018,-12.0000,-64.5000
13019,-12.0000,-64.2500
13020,-12.0000,-64.0000
13021,-12.0000,-63.7500
13022,-12.0000,-63.5000
13023,-12.0000,-63.2500
13024,-12.0000,-63.0000
13025,-12.0000,-62.7500
13026,-12.0000,-62.5000
13027,-12.0000,-62.2500
13028,-12.0000,-62.0000
13029,-12.0000,-61.7500
13030,-12.0000,-61.5000
13031,-12.0000,-61.2500
13032,-12.0000,-61.0000
13033,-12.0000,-60.7500
13034,-12.0000,-60.5000
13035,-12.0000,-60.2500
13036,-12.0000,-60.0000
13037,-12.0000,-59.7500
13038,-12.0000,-59.5000
13039,-12.0000,-59.2500
13040,-12.0000,-59.0000
13041,-12.0000,-58.7500
13042,-12.0000,-58.5000
13043,-12.0000,-58.2500
13044,-12.0000,-58.0000
13045,-12.0000,-57.7500
13046,-12.0000,-57.5000
13047,-12.0000,-57.2500
13048,-12.0000,-57.0000
13049,-12.0000,-56.7500
13050,-12.0000,-56.5000
13051,-12.0000,-56.2500
13052,-12.0000,-56.0000
13053,-12.0000,-55.7500
13054,-12.0000,-55.5000
13055,-12.0000,-55.2500
13056,-12.0000,-55.0000
13057,-12.0000,-54.7500
13058,-12.0000,-54.5000
13059,-12.0000,-54.2500
13060,-12.0000,-54.0000
13061,-12.0000,-53.7500
13062,-12.0000,-53.5000
13063,-12.0000,-53.2500
13064,-12.0000,-53.0000
13065,-12.0000,-52.7500
13066,-12.0000,-52.5000
13067,-12.0000,-52.2500
13068,-12.0000,-52.0000
13069,-12.0000,-51.7500
13131,-11.7500,-76.0000
13132,-11.7500,-75.7500
13133,-11.7500,-75.5000
13134,-11.7500,-75.2500
13135,-11.7500,-75.0000
13136,-11.7500,-74.7500
13137,-11.7500,-74.5000
13138,-11.7500,-74.2500
13139,-11.7500,-74.0000
13140,-11.7500,-73.7500
13141,-11.7500,-73.5000
13142,-11.7500,-73.2500
13143,-11.7500,-73.0000
13144,-11.7500,-72.7500
13145,-11.7500,-72.5000
13146,-11.7500,-72.2500
13147,-11.7500,-72.0000
13148,-11.7500,-71.7500
13149,-11.7500,-71.5000
13150,-11.7500,-71.2500
13151,-11.7500,-71.0000
13152,-11.7500,-70.7500
13153,-11.7500,-70.5000
13154,-11.7500,-70.2500
13155,-11.7500,-70.0000
13156,-11.7500,-69.7500
13157,-11.7500,-69.5000
13158,-11.7500,-69.2500
13159,-11.7500,-69.0000
13160,-11.7500,-68.7500
13161,-11.7500,-68.5000
13162,-11.7500,-68.2500
13163,-11.7500,-68.0000
13164,-11.7500,-67.7500
13165,-11.7500,-67.5000
13166,-11.7500,-67.2500
13167,-11.7500,-67.0000
13168,-11.7500,-66.7500
13169,-11.7500,-66.5000
13170,-11.7500,-66.2500
13171,-11.7500,-66.0000
13172,-11.7500,-65.7500
13173,-11.7500,-65.5000
13174,-11.7500,-65.2500
13175,-11.7500,-65.0000
13176,-11.7500,-64.7500
13177,-11.7500,-64.5000
13178,-11.7500,-64.2500
13179,-11.7500,-64.0000
13180,-11.7500,-63.7500
13181,-11.7500,-63.5000
13182,-11.7500,-63.2500
13183,-11.7500,-63.0000
13184,-11.7500,-62.7500
13185,-11.7500,-62.5000
13186,-11.7500,-62.2500
13187,-11.7500,-62.0000
13188,-11.7500,-61.7500
13189,-11.7500,-61.5000
13190,-11.7500,-61.2500
13191,-11.7500,-61.0000
13192,-11.7500,-60.7500
13193,-11.7500,-60.5000
13194,-11.7500,-60.2500
13195,-11.7500,-60.0000
13196,-11.7500,-59.7500
13197,-11.7500,-59.5000
13198,-11.7500,-59.2500
13199,-11.7500,-59.0000
13200,-11.7500,-58.7500
13201,-11.7500,-58.5000
13202,-11.7500,-58.2500
13203,-11.7500,-58.0000
13204,-11.7500,-57.7500
13205,-11.7500,-57.5000
13206,-11.7500,-57.2500
13207,-11.7500,-57.0000
13208,-11.7500,-56.7500
13209,-11.7500,-56.5000
13210,-11.7500,-56.2500
13211,-11.7500,-56.0000
13212,-11.7500,-55.7500
13213,-11.7500,-55.5000
13214,-11.7500,-55.2500
13215,-11.7500,-55.0000
13216,-11.7500,-54.7500
13217,-11.7500,-54.5000
13218,-11.7500,-54.2500
13219,-11.7500,-54.0000
13220,-11.7500,-53.7500
13221,-11.7500,-53.5000
13222,-11.7500,-53.2500
13223,-11.7500,-53.0000
13224,-11.7500,-52.7500
13225,-11.7500,-52.5000
13226,-11.7500,-52.2500
13227,-11.7500,-52.0000
13228,-11.7500,-51.7500
13290,-11.5000,-76.2500
13291,-11.5000,-76.0000
13292,-11.5000,-75.7500
13293,-11.5000,-75.5000
13294,-11.5000,-75.2500
13295,-11.5000,-75.0000
13296,-11.5000,-74.7500
13297,-11.5000,-74.5000
13298,-11.5000,-74.2500
13299,-11.5000,-74.0000
13300,-11.5000,-73.7500
13301,-11.5000,-73.5000
13302,-11.5000,-73.2500
13303,-11.5000,-73.0000
13304,-11.5000,-72.7500
13305,-11.5000,-72.5000
13306,-11.5000,-72.2500
13307,-11.5000,-72.0000
13308,-11.5000,-71.7500
13309,-11.5000,-71.5000
13310,-11.5000,-71.2500
13311,-11.5000,-71.0000
13312,-11.5000,-70.7500
13313,-11.5000,-70.5000
13314,-11.5000,-70.2500
13315,-11.5000,-70.0000
13316,-11.5000,-69.7500
13317,-11.5000,-69.5000
13318,-11.5000,-69.2500
13319,-11.5000,-69.0000
13320,-11.5000,-68.7500
13321,-11.5000,-68.5000
13322,-11.5000,-68.2500
13323,-11.5000,-68.0000
13324,-11.5000,-67.7500
13325,-11.5000,-67.5000
13326,-11.5000,-67.2500
13327,-11.5000,-67.0000
13328,-11.5000,-66.7500
13329,-11.5000,-66.5000
13330,-11.5000,-66.2500
13331,-11.5000,-66.0000
13332,-11.5000,-65.7500
13333,-11.5000,-65.5000
13334,-11.5000,-65.2500
13335,-11.5000,-65.0000
13336,-11.5000,-64.7500
13337,-11.5000,-64.5000
13338,-11.5000,-64.2500
13339,-11.5000,-64.0000
13340,-11.5000,-63.7500
13341,-11.5000,-63.5000
13342,-11.5000,-63.2500
13343,-11.5000,-63.0000
13344,-11.5000,-62.7500
13345,-11.5000,-62.5000
13346,-11.5000,-62.2500
13347,-11.5000,-62.0000
13348,-11.5000,-61.7500
13349,-11.5000,-61.5000
13350,-11.5000,-61.2500
13351,-11.5000,-61.0000
13352,-11.5000,-60.7500
13353,-11.5000,-60.5000
13354,-11.5000,-60.2500
13355,-11.5000,-60.0000
13356,-11.5000,-59.7500
13357,-11.5000,-59.5000
13358,-11.5000,-59.2500
13359,-11.5000,-59.0000
13360,-11.5000,-58.7500
13361,-11.5000,-58.5000
13362,-11.5000,-58.2500
13363,-11.5000,-58.0000
13364,-11.5000,-57.7500
13365,-11.5000,-57.5000
13366,-11.5000,-57.2500
13367,-11.5000,-57.0000
13368,-11.5000,-56.7500
13369,-11.5000,-56.5000
13370,-11.5000,-56.2500
13371,-11.5000,-56.0000
13372,-11.5000,-55.7500
13373,-11.5000,-55.5000
13374,-11.5000,-55.2500
13375,-11.5000,-55.0000
13376,-11.5000,-54.7500
13377,-11.5000,-54.5000
13378,-11.5000,-54.2500
13379,-11.5000,-54.0000
13380,-11.5000,-53.7500
13381,-11.5000,-53.5000
13382,-11.5000,-53.2500
13383,-11.5000,-53.0000
13384,-11.5000,-52.7500
13385,-11.5000,-52.5000
13386,-11.5000,-52.2500
13387,-11.5000,-52.0000
13451,-11.2500,-76.2500
13452,-11.2500,-76.0000
13453,-11.2500,-75.7500
13454,-11.2500,-75.5000
13455,-11.2500,-75.2500
13456,-11.2500,-75.0000
13457,-11.2500,-74.7500
13458,-11.2500,-74.5000
13459,-11.2500,-74.2500
13460,-11.2500,-74.0000
13461,-11.2500,-73.7500
13462,-11.2500,-73.5000
13463,-11.2500,-73.2500
13464,-11.2500,-73.0000
13465,-11.2500,-72.7500
13466,-11.2500,-72.5000
13467,-11.2500,-72.2500
13468,-11.2500,-72.0000
13469,-11.2500,-71.7500
13470,-11.2500,-71.5000
13471,-11.2500,-71.2500
13472,-11.2500,-71.0000
13473,-11.2500,-70.7500
13474,-11.2500,-70.5000
13475,-11.2500,-70.2500
13476,-11.2500,-70.0000
13477,-11.2500,-69.7500
13478,-11.2500,-69.5000
13479,-11.2500,-69.2500
13480,-11.2500,-69.0000
13481,-11.2500,-68.7500
13482,-11.2500,-68.5000
13483,-11.2500,-68.2500
13484,-11.2500,-68.0000
13485,-11.2500,-67.7500
13486,-11.2500,-67.5000
13487,-11.2500,-67.2500
13488,-11.2500,-67.0000
13489,-11.2500,-66.7500
13490,-11.2500,-66.5000
13491,-11.2500,-66.2500
13492,-11.2500,-66.0000
13493,-11.2500,-65.7500
13494,-11.2500,-65.5000
13495,-11.2500,-65.2500
13496,-11.2500,-65.0000
13497,-11.2500,-64.7500
13498,-11.2500,-64.5000
13499,-11.2500,-64.2500
13500,-11.2500,-64.0000
13501,-11.2500,-63.7500
13502,-11.2500,-63.5000
13503,-11.2500,-63.2500
13504,-11.2500,-63.0000
13505,-11.2500,-62.7500
13506,-11.2500,-62.5000
13507,-11.2500,-62.2500
13508,-11.2500,-62.0000
13509,-11.2500,-61.7500
13510,-11.2500,-61.5000
13511,-11.2500,-61.2500
13512,-11.2500,-61.0000
13513,-11.2500,-60.7500
13514,-11.2500,-60.5000
13515,-11.2500,-60.2500
13516,-11.2500,-60.0000
13517,-11.2500,-59.7500
13518,-11.2500,-59.5000
13519,-11.2500,-59.2500
13520,-11.2500,-59.0000
13521,-11.2500,-58.7500
13522,-11.2500,-58.5000
13523,-11.2500,-58.2500
13524,-11.2500,-58.0000
13525,-11.2500,-57.7500
13526,-11.2500,-57.5000
13527,-11.2500,-57.2500
13528,-11.2500,-57.0000
13529,-11.2500,-56.7500
13530,-11.2500,-56.5000
13531,-11.2500,-56.2500
13532,-11.2500,-56.0000
13533,-11.2500,-55.7500
13534,-11.2500,-55.5000
13535,-11.2500,-55.2500
13536,-11.2500,-55.0000
13537,-11.2500,-54.7500
13538,-11.2500,-54.5000
13539,-11.2500,-54.2500
13540,-11.2500,-54.0000
13541,-11.2500,-53.7500
13542,-11.2500,-53.5000
13543,-11.2500,-53.2500
13544,-11.2500,-53.0000
13545,-11.2500,-52.7500
13546,-11.2500,-52.5000
13547,-11.2500,-52.2500
13613,-11.0000,-76.5000
13614,-11.0000,-76.2500
13615,-11.0000,-76.0000
13616,-11.0000,-75.7500
13617,-11.0000,-75.5000
13618,-11.0000,-75.2500
13619,-11.0000,-75.0000
13620,-11.0000,-74.7500
13621,-11.0000,-74.5000
13622,-11.0000,-74.2500
13623,-11.0000,-74.0000
13624,-11.0000,-73.7500
13625,-11.0000,-73.5000
13626,-11.0000,-73.2500
13627,-11.0000,-73.0000
13628,-11.0000,-72.7500
13629,-11.0000,-72.5000
13630,-11.0000,-72.2500
13631,-11.0000,-72.0000
13632,-11.0000,-71.7500
13633,-11.0000,-71.5000
13634,-11.0000,-71.2500
13635,-11.0000,-71.0000
13636,-11.0000,-70.7500
13637,-11.0000,-70.5000
13638,-11.0000,-70.2500
13639,-11.0000,-70.0000
13640,-11.0000,-69.7500
13641,-11.0000,-69.5000
13642,-11.0000,-69.2500
13643,-11.0000,-69.0000
13644,-11.0000,-68.7500
13645,-11.0000,-68.5000
13646,-11.0000,-68.2500
13647,-11.0000,-68.0000
13648,-11.0000,-67.7500
13649,-11.0000,-67.5000
13650,-11.0000,-67.2500
13651,-11.0000,-67.0000
13652,-11.0000,-66.7500
13653,-11.0000,-66.5000
13654,-11.0000,-66.2500
13655,-11.0000,-66.0000
13656,-11.0000,-65.7500
13657,-11.0000,-65.5000
13658,-11.0000,-65.2500
13659,-11.0000,-65.0000
13660,-11.0000,-64.7500
13661,-11.0000,-64.5000
13662,-11.0000,-64.2500
13663,-11.0000,-64.0000
13664,-11.0000,-63.7500
13665,-11.0000,-63.5000
13666,-11.0000,-63.2500
13667,-11.0000,-63.0000
13668,-11.0000,-62.7500
13669,-11.0000,-62.5000
13670,-11.0000,-62.2500
13671,-11.0000,-62.0000
13672,-11.0000,-61.7500
13673,-11.0000,-61.5000
13674,-11.0000,-61.2500
13675,-11.0000,-61.0000
13676,-11.0000,-60.7500
13677,-11.0000,-60.5000
13678,-11.0000,-60.2500
13679,-11.0000,-60.0000
13680,-11.0000,-59.7500
13681,-11.0000,-59.5000
13682,-11.0000,-59.2500
13683,-11.0000,-59.0000
13684,-11.0000,-58.7500
13685,-11.0000,-58.5000
13686,-11.0000,-58.2500
13687,-11.0000,-58.0000
13688,-11.0000,-57.7500
13689,-11.0000,-57.5000
13690,-11.0000,-57.2500
13691,-11.0000,-57.0000
13692,-11.0000,-56.7500
13693,-11.0000,-56.5000
13694,-11.0000,-56.2500
13695,-11.0000,-56.0000
13696,-11.0000,-55.7500
13697,-11.0000,-55.5000
13698,-11.0000,-55.2500
13699,-11.0000,-55.0000
13700,-11.0000,-54.7500
13701,-11.0000,-54.5000
13702,-11.0000,-54.2500
13703,-11.0000,-54.0000
13704,-11.0000,-53.7500
13705,-11.0000,-53.5000
13706,-11.0000,-53.2500
13707,-11.0000,-53.0000
13708,-11.0000,-52.7500
13709,-11.0000,-52.5000
13710,-11.0000,-52.2500
13776,-10.7500,-76.5000
13777,-10.7500,-76.2500
13778,-10.7500,-76.0000
13779,-10.7500,-75.7500
13780,-10.7500,-75.5000
13781,-10.7500,-75.2500
13782,-10.7500,-75.0000
13783,-10.7500,-74.7500
13784,-10.7500,-74.5000
13785,-10.7500,-74.2500
13786,-10.7500,-74.0000
13787,-10.7500,-73.7500
13788,-10.7500,-73.5000
13789,-10.7500,-73.2500
13790,-10.7500,-73.0000
13791,-10.7500,-72.7500
13792,-10.7500,-72.5000
13793,-10.7500,-72.2500
13794,-10.7500,-72.0000
13795,-10.7500,-71.7500
13796,-10.7500,-71.5000
13797,-10.7500,-71.2500
13798,-10.7500,-71.0000
13799,-10.7500,-70.7500
13800,-10.7500,-70.5000
13801,-10.7500,-70.2500
13802,-10.7500,-70.0000
13803,-10.7500,-69.7500
13804,-10.7500,-69.5000
13805,-10.7500,-69.2500
13806,-10.7500,-69.0000
13807,-10.7500,-68.7500
13808,-10.7500,-68.5000
13809,-10.7500,-68.2500
13810,-10.7500,-68.0000
13811,-10.7500,-67.7500
13812,-10.7500,-67.5000
13813,-10.7500,-67.2500
13814,-10.7500,-67.0000
13815,-10.7500,-66.7500
13816,-10.7500,-66.5000
13817,-10.7500,-66.2500
13818,-10.7500,-66.0000
13819,-10.7500,-65.7500
13820,-10.7500,-65.5000
13821,-10.7500,-65.2500
13822,-10.7500,-65.0000
13823,-10.7500,-64.7500
13824,-10.7500,-64.5000
13825,-10.7500,-64.2500
13826,-10.7500,-64.0000
13827,-10.7500,-63.7500
13828,-10.7500,-63.5000
13829,-10.7500,-63.2500
13830,-10.7500,-63.0000
13831,-10.7500,-62.7500
13832,-10.7500,-62.5000
13833,-10.7500,-62.2500
13834,-10.7500,-62.0000
13835,-10.7500,-61.7500
13836,-10.7500,-61.5000
13837,-10.7500,-61.2500
13838,-10.7500,-61.0000
13839,-10.7500,-60.7500
13840,-10.7500,-60.5000
13841,-10.7500,-60.2500
13842,-10.7500,-60.0000
13843,-10.7500,-59.7500
13844,-10.7500,-59.5000
13845,-10.7500,-59.2500
13846,-10.7500,-59.0000
13847,-10.7500,-58.7500
13848,-10.7500,-58.5000
13849,-10.7500,-58.2500
13850,-10.7500,-58.0000
13851,-10.7500,-57.7500
13852,-10.7500,-57.5000
13853,-10.7500,-57.2500
13854,-10.7500,-57.0000
13855,-10.7500,-56.7500
13856,-10.7500,-56.5000
13857,-10.7500,-56.2500
13858,-10.7500,-56.0000
13859,-10.7500,-55.7500
13860,-10.7500,-55.5000
13861,-10.7500,-55.2500
13862,-10.7500,-55.0000
13863,-10.7500,-54.7500
13864,-10.7500,-54.5000
13865,-10.7500,-54.2500
13866,-10.7500,-54.0000
13867,-10.7500,-53.7500
13868,-10.7500,-53.5000
13869,-10.7500,-53.2500
13870,-10.7500,-53.0000
13871,-10.7500,-52.7500
13872,-10.7500,-52.5000
13873,-10.7500,-52.2500
13941,-10.5000,-76.5000
13942,-10.5000,-76.2500
13943,-10.5000,-76.0000
13944,-10.5000,-75.7500
13945,-10.5000,-75.5000
13946,-10.5000,-75.2500
13947,-10.5000,-75.0000
13948,-10.5000,-74.7500
13949,-10.5000,-74.5000
13950,-10.5000,-74.2500
13951,-10.5000,-74.0000
13952,-10.5000,-73.7500
13953,-10.5000,-73.5000
13954,-10.5000,-73.2500
13955,-10.5000,-73.0000
13956,-10.5000,-72.7500
13957,-10.5000,-72.5000
13958,-10.5000,-72.2500
13959,-10.5000,-72.0000
13960,-10.5000,-71.7500
13961,-10.5000,-71.5000
13962,-10.5000,-71.2500
13963,-10.5000,-71.0000
13964,-10.5000,-70.7500
13965,-10.5000,-70.5000
13966,-10.5000,-70.2500
13967,-10.5000,-70.0000
13968,-10.5000,-69.7500
13969,-10.5000,-69.5000
13970,-10.5000,-69.2500
13971,-10.5000,-69.0000
13972,-10.5000,-68.7500
13973,-10.5000,-68.5000
13974,-10.5000,-68.2500
13975,-10.5000,-68.0000
13976,-10.5000,-67.7500
13977,-10.5000,-67.5000
13978,-10.5000,-67.2500
13979,-10.5000,-67.0000
13980,-10.5000,-66.7500
13981,-10.5000,-66.5000
13982,-10.5000,-66.2500
13983,-10.5000,-66.0000
13984,-10.5000,-65.7500
13985,-10.5000,-65.5000
13986,-10.5000,-65.2500
13987,-10.5000,-65.0000
13988,-10.5000,-64.7500
13989,-10.5000,-64.5000
13990,-10.5000,-64.2500
13991,-10.5000,-64.0000
13992,-10.5000,-63.7500
13993,-10.5000,-63.5000
13994,-10.5000,-63.2500
13995,-10.5000,-63.0000
13996,-10.5000,-62.7500
13997,-10.5000,-62.5000
13998,-10.5000,-62.2500
13999,-10.5000,-62.0000
14000,-10.5000,-61.7500
14001,-10.5000,-61.5000
14002,-10.5000,-61.2500
14003,-10.5000,-61.0000
14004,-10.5000,-60.7500
14005,-10.5000,-60.5000
14006,-10.5000,-60.2500
14007,-10.5000,-60.0000
14008,-10.5000,-59.7500
14009,-10.5000,-59.5000
14010,-10.5000,-59.2500
14011,-10.5000,-59.0000
14012,-10.5000,-58.7500
14013,-10.5000,-58.5000
14014,-10.5000,-58.2500
14015,-10.5000,-58.0000
14016,-10.5000,-57.7500
14017,-10.5000,-57.5000
14018,-10.5000,-57.2500
14019,-10.5000,-57.0000
14020,-10.5000,-56.7500
14021,-10.5000,-56.5000
14022,-10.5000,-56.2500
14023,-10.5000,-56.0000
14024,-10.5000,-55.7500
14025,-10.5000,-55.5000
14026,-10.5000,-55.2500
14027,-10.5000,-55.0000
14028,-10.5000,-54.7500
14029,-10.5000,-54.5000
14030,-10.5000,-54.2500
14031,-10.5000,-54.0000
14032,-10.5000,-53.7500
14033,-10.5000,-53.5000
14034,-10.5000,-53.2500
14035,-10.5000,-53.0000
14036,-10.5000,-52.7500
14037,-10.5000,-52.5000
14038,-10.5000,-52.2500
14039,-10.5000,-52.0000
14107,-10.2500,-76.7500
14108,-10.2500,-76.5000
14109,-10.2500,-76.2500
14110,-10.2500,-76.0000
14111,-10.2500,-75.7500
14112,-10.2500,-75.5000
14113,-10.2500,-75.2500
14114,-10.2500,-75.0000
14115,-10.2500,-74.7500
14116,-10.2500,-74.5000
14117,-10.2500,-74.2500
14118,-10.2500,-74.0000
14119,-10.2500,-73.7500
14120,-10.2500,-73.5000
14121,-10.2500,-73.2500
14122,-10.2500,-73.0000
14123,-10.2500,-72.7500
14124,-10.2500,-72.5000
14125,-10.2500,-72.2500
14126,-10.2500,-72.0000
14127,-10.2500,-71.7500
14128,-10.2500,-71.5000
14129,-10.2500,-71.2500
14130,-10.2500,-71.0000
14131,-10.2500,-70.7500
14132,-10.2500,-70.5000
14133,-10.2500,-70.2500
14134,-10.2500,-70.0000
14135,-10.2500,-69.7500
14136,-10.2500,-69.5000
14137,-10.2500,-69.2500
14138,-10.2500,-69.0000
14139,-10.2500,-68.7500
14140,-10.2500,-68.5000
14141,-10.2500,-68.2500
14142,-10.2500,-68.0000
14143,-10.2500,-67.7500
14144,-10.2500,-67.5000
14145,-10.2500,-67.2500
14146,-10.2500,-67.0000
14147,-10.2500,-66.7500
14148,-10.2500,-66.5000
14149,-10.2500,-66.2500
14150,-10.2500,-66.0000
14151,-10.2500,-65.7500
14152,-10.2500,-65.5000
14153,-10.2500,-65.2500
14154,-10.2500,-65.0000
14155,-10.2500,-64.7500
14156,-10.2500,-64.5000
14157,-10.2500,-64.2500
14158,-10.2500,-64.0000
14159,-10.2500,-63.7500
14160,-10.2500,-63.5000
14161,-10.2500,-63.2500
14162,-10.2500,-63.0000
14163,-10.2500,-62.7500
14164,-10.2500,-62.5000
14165,-10.2500,-62.2500
14166,-10.2500,-62.0000
14167,-10.2500,-61.7500
14168,-10.2500,-61.5000
14169,-10.2500,-61.2500
14170,-10.2500,-61.0000
14171,-10.2500,-60.7500
14172,-10.2500,-60.5000
14173,-10.2500,-60.2500
14174,-10.2500,-60.0000
14175,-10.2500,-59.7500
14176,-10.2500,-59.5000
14177,-10.2500,-59.2500
14178,-10.2500,-59.0000
14179,-10.2500,-58.7500
14180,-10.2500,-58.5000
14181,-10.2500,-58.2500
14182,-10.2500,-58.0000
14183,-10.2500,-57.7500
14184,-10.2500,-57.5000
14185,-10.2500,-57.2500
14186,-10.2500,-57.0000
14187,-10.2500,-56.7500
14188,-10.2500,-56.5000
14189,-10.2500,-56.2500
14190,-10.2500,-56.0000
14191,-10.2500,-55.7500
14192,-10.2500,-55.5000
14193,-10.2500,-55.2500
14194,-10.2500,-55.0000
14195,-10.2500,-54.7500
14196,-10.2500,-54.5000
14197,-10.2500,-54.2500
14198,-10.2500,-54.0000
14199,-10.2500,-53.7500
14200,-10.2500,-53.5000
14201,-10.2500,-53.2500
14202,-10.2500,-53.0000
14203,-10.2500,-52.7500
14204,-10.2500,-52.5000
14205,-10.2500,-52.2500
14206,-10.2500,-52.0000
14207,-10.2500,-51.7500
14208,-10.2500,-51.5000
14210,-10.2500,-51.0000
14275,-10.0000,-77.0000
14276,-10.0000,-76.7500
14277,-10.0000,-76.5000
14278,-10.0000,-76.2500
14279,-10.0000,-76.0000
14280,-10.0000,-75.7500
14281,-10.0000,-75.5000
14282,-10.0000,-75.2500
14283,-10.0000,-75.0000
14284,-10.0000,-74.7500
14285,-10.0000,-74.5000
14286,-10.0000,-74.2500
14287,-10.0000,-74.0000
14288,-10.0000,-73.7500
14289,-10.0000,-73.5000
14290,-10.0000,-73.2500
14291,-10.0000,-73.0000
14292,-10.0000,-72.7500
14293,-10.0000,-72.5000
14294,-10.0000,-72.2500
14295,-10.0000,-72.0000
14296,-10.0000,-71.7500
14297,-10.0000,-71.5000
14298,-10.0000,-71.2500
14299,-10.0000,-71.0000
14300,-10.0000,-70.7500
14301,-10.0000,-70.5000
14302,-10.0000,-70.2500
14303,-10.0000,-70.0000
14304,-10.0000,-69.7500
14305,-10.0000,-69.5000
14306,-10.0000,-69.2500
14307,-10.0000,-69.0000
14308,-10.0000,-68.7500
14309,-10.0000,-68.5000
14310,-10.0000,-68.2500
14311,-10.0000,-68.0000
14312,-10.0000,-67.7500
14313,-10.0000,-67.5000
14314,-10.0000,-67.2500
14315,-10.0000,-67.0000
14316,-10.0000,-66.7500
14317,-10.0000,-66.5000
14318,-10.0000,-66.2500
14319,-10.0000,-66.0000
14320,-10.0000,-65.7500
14321,-10.0000,-65.5000
14322,-10.0000,-65.2500
14323,-10.0000,-65.0000
14324,-10.0000,-64.7500
14325,-10.0000,-64.5000
14326,-10.0000,-64.2500
14327,-10.0000,-64.0000
14328,-10.0000,-63.7500
14329,-10.0000,-63.5000
14330,-10.0000,-63.2500
14331,-10.0000,-63.0000
14332,-10.0000,-62.7500
14333,-10.0000,-62.5000
14334,-10.0000,-62.2500
14335,-10.0000,-62.0000
14336,-10.0000,-61.7500
14337,-10.0000,-61.5000
14338,-10.0000,-61.2500
14339,-10.0000,-61.0000
14340,-10.0000,-60.7500
14341,-10.0000,-60.5000
14342,-10.0000,-60.2500
14343,-10.0000,-60.0000
14344,-10.0000,-59.7500
14345,-10.0000,-59.5000
14346,-10.0000,-59.2500
14347,-10.0000,-59.0000
14348,-10.0000,-58.7500
14349,-10.0000,-58.5000
14350,-10.0000,-58.2500
14351,-10.0000,-58.0000
14352,-10.0000,-57.7500
14353,-10.0000,-57.5000
14354,-10.0000,-57.2500
14355,-10.0000,-57.0000
14356,-10.0000,-56.7500
14357,-10.0000,-56.5000
14358,-10.0000,-56.2500
14359,-10.0000,-56.0000
14360,-10.0000,-55.7500
14361,-10.0000,-55.5000
14362,-10.0000,-55.2500
14363,-10.0000,-55.0000
14364,-10.0000,-54.7500
14365,-10.0000,-54.5000
14366,-10.0000,-54.2500
14367,-10.0000,-54.0000
14368,-10.0000,-53.7500
14369,-10.0000,-53.5000
14370,-10.0000,-53.2500
14371,-10.0000,-53.0000
14372,-10.0000,-52.7500
14373,-10.0000,-52.5000
14374,-10.0000,-52.2500
14375,-10.0000,-52.0000
14376,-10.0000,-51.7500
14377,-10.0000,-51.5000
14378,-10.0000,-51.2500
14379,-10.0000,-51.0000
14380,-10.0000,-50.7500
14381,-10.0000,-50.5000
14445,-9.7500,-77.0000
14446,-9.7500,-76.7500
14447,-9.7500,-76.5000
14448,-9.7500,-76.2500
14449,-9.7500,-76.0000
14450,-9.7500,-75.7500
14451,-9.7500,-75.5000
14452,-9.7500,-75.2500
14453,-9.7500,-75.0000
14454,-9.7500,-74.7500
14455,-9.7500,-74.5000
14456,-9.7500,-74.2500
14457,-9.7500,-74.0000
14458,-9.7500,-73.7500
14459,-9.7500,-73.5000
14460,-9.7500,-73.2500
14461,-9.7500,-73.0000
14462,-9.7500,-72.7500
14463,-9.7500,-72.5000
14464,-9.7500,-72.2500
14465,-9.7500,-72.0000
14466,-9.7500,-71.7500
14467,-9.7500,-71.5000
14468,-9.7500,-71.2500
14469,-9.7500,-71.0000
14470,-9.7500,-70.7500
14471,-9.7500,-70.5000
14472,-9.7500,-70.2500
14473,-9.7500,-70.0000
14474,-9.7500,-69.7500
14475,-9.7500,-69.5000
14476,-9.7500,-69.2500
14477,-9.7500,-69.0000
14478,-9.7500,-68.7500
14479,-9.7500,-68.5000
14480,-9.7500,-68.2500
14481,-9.7500,-68.0000
14482,-9.7500,-67.7500
14483,-9.7500,-67.5000
14484,-9.7500,-67.2500
14485,-9.7500,-67.0000
14486,-9.7500,-66.7500
14487,-9.7500,-66.5000
14488,-9.7500,-66.2500
14489,-9.7500,-66.0000
14490,-9.7500,-65.7500
14491,-9.7500,-65.5000
14492,-9.7500,-65.2500
14493,-9.7500,-65.0000
14494,-9.7500,-64.7500
14495,-9.7500,-64.5000
14496,-9.7500,-64.2500
14497,-9.7500,-64.0000
14498,-9.7500,-63.7500
14499,-9.7500,-63.5000
14500,-9.7500,-63.2500
14501,-9.7500,-63.0000
14502,-9.7500,-62.7500
14503,-9.7500,-62.5000
14504,-9.7500,-62.2500
14505,-9.7500,-62.0000
14506,-9.7500,-61.7500
14507,-9.7500,-61.5000
14508,-9.7500,-61.2500
14509,-9.7500,-61.0000
14510,-9.7500,-60.7500
14511,-9.7500,-60.5000
14512,-9.7500,-60.2500
14513,-9.7500,-60.0000
14514,-9.7500,-59.7500
14515,-9.7500,-59.5000
14516,-9.7500,-59.2500
14517,-9.7500,-59.0000
14518,-9.7500,-58.7500
14519,-9.7500,-58.5000
14520,-9.7500,-58.2500
14521,-9.7500,-58.0000
14522,-9.7500,-57.7500
14523,-9.7500,-57.5000
14524,-9.7500,-57.2500
14525,-9.7500,-57.0000
14526,-9.7500,-56.7500
14527,-9.7500,-56.5000
14528,-9.7500,-56.2500
14529,-9.7500,-56.0000
14530,-9.7500,-55.7500
14531,-9.7500,-55.5000
14532,-9.7500,-55.2500
14533,-9.7500,-55.0000
14534,-9.7500,-54.7500
14535,-9.7500,-54.5000
14536,-9.7500,-54.2500
14537,-9.7500,-54.0000
14538,-9.7500,-53.7500
14539,-9.7500,-53.5000
14540,-9.7500,-53.2500
14541,-9.7500,-53.0000
14542,-9.7500,-52.7500
14543,-9.7500,-52.5000
14544,-9.7500,-52.2500
14545,-9.7500,-52.0000
14546,-9.7500,-51.7500
14547,-9.7500,-51.5000
14548,-9.7500,-51.2500
14549,-9.7500,-51.0000
14550,-9.7500,-50.7500
14551,-9.7500,-50.5000
14552,-9.7500,-50.2500
14616,-9.5000,-77.2500
14617,-9.5000,-77.0000
14618,-9.5000,-76.7500
14619,-9.5000,-76.5000
14620,-9.5000,-76.2500
14621,-9.5000,-76.0000
14622,-9.5000,-75.7500
14623,-9.5000,-75.5000
14624,-9.5000,-75.2500
14625,-9.5000,-75.0000
14626,-9.5000,-74.7500
14627,-9.5000,-74.5000
14628,-9.5000,-74.2500
14629,-9.5000,-74.0000
14630,-9.5000,-73.7500
14631,-9.5000,-73.5000
14632,-9.5000,-73.2500
14633,-9.5000,-73.0000
14634,-9.5000,-72.7500
14635,-9.5000,-72.5000
14636,-9.5000,-72.2500
14637,-9.5000,-72.0000
14638,-9.5000,-71.7500
14639,-9.5000,-71.5000
14640,-9.5000,-71.2500
14641,-9.5000,-71.0000
14642,-9.5000,-70.7500
14643,-9.5000,-70.5000
14644,-9.5000,-70.2500
14645,-9.5000,-70.0000
14646,-9.5000,-69.7500
14647,-9.5000,-69.5000
14648,-9.5000,-69.2500
14649,-9.5000,-69.0000
14650,-9.5000,-68.7500
14651,-9.5000,-68.5000
14652,-9.5000,-68.2500
14653,-9.5000,-68.0000
14654,-9.5000,-67.7500
14655,-9.5000,-67.5000
14656,-9.5000,-67.2500
14657,-9.5000,-67.0000
14658,-9.5000,-66.7500
14659,-9.5000,-66.5000
14660,-9.5000,-66.2500
14661,-9.5000,-66.0000
14662,-9.5000,-65.7500
14663,-9.5000,-65.5000
14664,-9.5000,-65.2500
14665,-9.5000,-65.0000
14666,-9.5000,-64.7500
14667,-9.5000,-64.5000
14668,-9.5000,-64.2500
14669,-9.5000,-64.0000
14670,-9.5000,-63.7500
14671,-9.5000,-63.5000
14672,-9.5000,-63.2500
14673,-9.5000,-63.0000
14674,-9.5000,-62.7500
14675,-9.5000,-62.5000
14676,-9.5000,-62.2500
14677,-9.5000,-62.0000
14678,-9.5000,-61.7500
14679,-9.5000,-61.5000
14680,-9.5000,-61.2500
14681,-9.5000,-61.0000
14682,-9.5000,-60.7500
14683,-9.5000,-60.5000
14684,-9.5000,-60.2500
14685,-9.5000,-60.0000
14686,-9.5000,-59.7500
14687,-9.5000,-59.5000
14688,-9.5000,-59.2500
14689,-9.5000,-59.0000
14690,-9.5000,-58.7500
14691,-9.5000,-58.5000
14692,-9.5000,-58.2500
14693,-9.5000,-58.0000
14694,-9.5000,-57.7500
14695,-9.5000,-57.5000
14696,-9.5000,-57.2500
14697,-9.5000,-57.0000
14698,-9.5000,-56.7500
14699,-9.5000,-56.5000
14700,-9.5000,-56.2500
14701,-9.5000,-56.0000
14702,-9.5000,-55.7500
14703,-9.5000,-55.5000
14704,-9.5000,-55.2500
14705,-9.5000,-55.0000
14706,-9.5000,-54.7500
14707,-9.5000,-54.5000
14708,-9.5000,-54.2500
14709,-9.5000,-54.0000
14710,-9.5000,-53.7500
14711,-9.5000,-53.5000
14712,-9.5000,-53.2500
14713,-9.5000,-53.0000
14714,-9.5000,-52.7500
14715,-9.5000,-52.5000
14716,-9.5000,-52.2500
14717,-9.5000,-52.0000
14718,-9.5000,-51.7500
14719,-9.5000,-51.5000
14720,-9.5000,-51.2500
14721,-9.5000,-51.0000
14722,-9.5000,-50.7500
14723,-9.5000,-50.5000
14787,-9.2500,-77.5000
14788,-9.2500,-77.2500
14789,-9.2500,-77.0000
14790,-9.2500,-76.7500
14791,-9.2500,-76.5000
14792,-9.2500,-76.2500
14793,-9.2500,-76.0000
14794,-9.2500,-75.7500
14795,-9.2500,-75.5000
14796,-9.2500,-75.2500
14797,-9.2500,-75.0000
14798,-9.2500,-74.7500
14799,-9.2500,-74.5000
14800,-9.2500,-74.2500
14801,-9.2500,-74.0000
14802,-9.2500,-73.7500
14803,-9.2500,-73.5000
14804,-9.2500,-73.2500
14805,-9.2500,-73.0000
14806,-9.2500,-72.7500
14807,-9.2500,-72.5000
14808,-9.2500,-72.2500
14809,-9.2500,-72.0000
14810,-9.2500,-71.7500
14811,-9.2500,-71.5000
14812,-9.2500,-71.2500
14813,-9.2500,-71.0000
14814,-9.2500,-70.7500
14815,-9.2500,-70.5000
14816,-9.2500,-70.2500
14817,-9.2500,-70.0000
14818,-9.2500,-69.7500
14819,-9.2500,-69.5000
14820,-9.2500,-69.2500
14821,-9.2500,-69.0000
14822,-9.2500,-68.7500
14823,-9.2500,-68.5000
14824,-9.2500,-68.2500
14825,-9.2500,-68.0000
14826,-9.2500,-67.7500
14827,-9.2500,-67.5000
14828,-9.2500,-67.2500
14829,-9.2500,-67.0000
14830,-9.2500,-66.7500
14831,-9.2500,-66.5000
14832,-9.2500,-66.2500
14833,-9.2500,-66.0000
14834,-9.2500,-65.7500
14835,-9.2500,-65.5000
14836,-9.2500,-65.2500
14837,-9.2500,-65.0000
14838,-9.2500,-64.7500
14839,-9.2500,-64.5000
14840,-9.2500,-64.2500
14841,-9.2500,-64.0000
14842,-9.2500,-63.7500
14843,-9.2500,-63.5000
14844,-9.2500,-63.2500
14845,-9.2500,-63.0000
14846,-9.2500,-62.7500
14847,-9.2500,-62.5000
14848,-9.2500,-62.2500
14849,-9.2500,-62.0000
14850,-9.2500,-61.7500
14851,-9.2500,-61.5000
14852,-9.2500,-61.2500
14853,-9.2500,-61.0000
14854,-9.2500,-60.7500
14855,-9.2500,-60.5000
14856,-9.2500,-60.2500
14857,-9.2500,-60.0000
14858,-9.2500,-59.7500
14859,-9.2500,-59.5000
14860,-9.2500,-59.2500
14861,-9.2500,-59.0000
14862,-9.2500,-58.7500
14863,-9.2500,-58.5000
14864,-9.2500,-58.2500
14865,-9.2500,-58.0000
14866,-9.2500,-57.7500
14867,-9.2500,-57.5000
14868,-9.2500,-57.2500
14869,-9.2500,-57.0000
14870,-9.2500,-56.7500
14871,-9.2500,-56.5000
14872,-9.2500,-56.2500
14873,-9.2500,-56.0000
14874,-9.2500,-55.7500
14875,-9.2500,-55.5000
14876,-9.2500,-55.2500
14877,-9.2500,-55.0000
14878,-9.2500,-54.7500
14879,-9.2500,-54.5000
14880,-9.2500,-54.2500
14881,-9.2500,-54.0000
14882,-9.2500,-53.7500
14883,-9.2500,-53.5000
14884,-9.2500,-53.2500
14885,-9.2500,-53.0000
14886,-9.2500,-52.7500
14887,-9.2500,-52.5000
14888,-9.2500,-52.2500
14889,-9.2500,-52.0000
14890,-9.2500,-51.7500
14891,-9.2500,-51.5000
14892,-9.2500,-51.2500
14893,-9.2500,-51.0000
14894,-9.2500,-50.7500
14895,-9.2500,-50.5000
14896,-9.2500,-50.2500
14960,-9.0000,-77.5000
14961,-9.0000,-77.2500
14962,-9.0000,-77.0000
14963,-9.0000,-76.7500
14964,-9.0000,-76.5000
14965,-9.0000,-76.2500
14966,-9.0000,-76.0000
14967,-9.0000,-75.7500
14968,-9.0000,-75.5000
14969,-9.0000,-75.2500
14970,-9.0000,-75.0000
14971,-9.0000,-74.7500
14972,-9.0000,-74.5000
14973,-9.0000,-74.2500
14974,-9.0000,-74.0000
14975,-9.0000,-73.7500
14976,-9.0000,-73.5000
14977,-9.0000,-73.2500
14978,-9.0000,-73.0000
14979,-9.0000,-72.7500
14980,-9.0000,-72.5000
14981,-9.0000,-72.2500
14982,-9.0000,-72.0000
14983,-9.0000,-71.7500
14984,-9.0000,-71.5000
14985,-9.0000,-71.2500
14986,-9.0000,-71.0000
14987,-9.0000,-70.7500
14988,-9.0000,-70.5000
14989,-9.0000,-70.2500
14990,-9.0000,-70.0000
14991,-9.0000,-69.7500
14992,-9.0000,-69.5000
14993,-9.0000,-69.2500
14994,-9.0000,-69.0000
14995,-9.0000,-68.7500
14996,-9.0000,-68.5000
14997,-9.0000,-68.2500
14998,-9.0000,-68.0000
14999,-9.0000,-67.7500
15000,-9.0000,-67.5000
15001,-9.0000,-67.2500
15002,-9.0000,-67.0000
15003,-9.0000,-66.7500
15004,-9.0000,-66.5000
15005,-9.0000,-66.2500
15006,-9.0000,-66.0000
15007,-9.0000,-65.7500
15008,-9.0000,-65.5000
15009,-9.0000,-65.2500
15010,-9.0000,-65.0000
15011,-9.0000,-64.7500
15012,-9.0000,-64.5000
15013,-9.0000,-64.2500
15014,-9.0000,-64.0000
15015,-9.0000,-63.7500
15016,-9.0000,-63.5000
15017,-9.0000,-63.2500
15018,-9.0000,-63.0000
15019,-9.0000,-62.7500
15020,-9.0000,-62.5000
15021,-9.0000,-62.2500
15022,-9.0000,-62.0000
15023,-9.0000,-61.7500
15024,-9.0000,-61.5000
15025,-9.0000,-61.2500
15026,-9.0000,-61.0000
15027,-9.0000,-60.7500
15028,-9.0000,-60.5000
15029,-9.0000,-60.2500
15030,-9.0000,-60.0000
15031,-9.0000,-59.7500
15032,-9.0000,-59.5000
15033,-9.0000,-59.2500
15034,-9.0000,-59.0000
15035,-9.0000,-58.7500
15036,-9.0000,-58.5000
15037,-9.0000,-58.2500
15038,-9.0000,-58.0000
15039,-9.0000,-57.7500
15040,-9.0000,-57.5000
15041,-9.0000,-57.2500
15042,-9.0000,-57.0000
15043,-9.0000,-56.7500
15044,-9.0000,-56.5000
15045,-9.0000,-56.2500
15046,-9.0000,-56.0000
15047,-9.0000,-55.7500
15048,-9.0000,-55.5000
15049,-9.0000,-55.2500
15050,-9.0000,-55.0000
15051,-9.0000,-54.7500
15052,-9.0000,-54.5000
15053,-9.0000,-54.2500
15054,-9.0000,-54.0000
15055,-9.0000,-53.7500
15056,-9.0000,-53.5000
15057,-9.0000,-53.2500
15058,-9.0000,-53.0000
15059,-9.0000,-52.7500
15060,-9.0000,-52.5000
15061,-9.0000,-52.2500
15062,-9.0000,-52.0000
15063,-9.0000,-51.7500
15064,-9.0000,-51.5000
15065,-9.0000,-51.2500
15066,-9.0000,-51.0000
15067,-9.0000,-50.7500
15068,-9.0000,-50.5000
15069,-9.0000,-50.2500
15135,-8.7500,-77.5000
15136,-8.7500,-77.2500
15137,-8.7500,-77.0000
15138,-8.7500,-76.7500
15139,-8.7500,-76.5000
15140,-8.7500,-76.2500
15141,-8.7500,-76.0000
15142,-8.7500,-75.7500
15143,-8.7500,-75.5000
15144,-8.7500,-75.2500
15145,-8.7500,-75.0000
15146,-8.7500,-74.7500
15147,-8.7500,-74.5000
15148,-8.7500,-74.2500
15149,-8.7500,-74.0000
15150,-8.7500,-73.7500
15151,-8.7500,-73.5000
15152,-8.7500,-73.2500
15153,-8.7500,-73.0000
15154,-8.7500,-72.7500
15155,-8.7500,-72.5000
15156,-8.7500,-72.2500
15157,-8.7500,-72.0000
15158,-8.7500,-71.7500
15159,-8.7500,-71.5000
15160,-8.7500,-71.2500
15161,-8.7500,-71.0000
15162,-8.7500,-70.7500
15163,-8.7500,-70.5000
15164,-8.7500,-70.2500
15165,-8.7500,-70.0000
15166,-8.7500,-69.7500
15167,-8.7500,-69.5000
15168,-8.7500,-69.2500
15169,-8.7500,-69.0000
15170,-8.7500,-68.7500
15171,-8.7500,-68.5000
15172,-8.7500,-68.2500
15173,-8.7500,-68.0000
15174,-8.7500,-67.7500
15175,-8.7500,-67.5000
15176,-8.7500,-67.2500
15177,-8.7500,-67.0000
15178,-8.7500,-66.7500
15179,-8.7500,-66.5000
15180,-8.7500,-66.2500
15181,-8.7500,-66.0000
15182,-8.7500,-65.7500
15183,-8.7500,-65.5000
15184,-8.7500,-65.2500
15185,-8.7500,-65.0000
15186,-8.7500,-64.7500
15187,-8.7500,-64.5000
15188,-8.7500,-64.2500
15189,-8.7500,-64.0000
15190,-8.7500,-63.7500
15191,-8.7500,-63.5000
15192,-8.7500,-63.2500
15193,-8.7500,-63.0000
15194,-8.7500,-62.7500
15195,-8.7500,-62.5000
15196,-8.7500,-62.2500
15197,-8.7500,-62.0000
15198,-8.7500,-61.7500
15199,-8.7500,-61.5000
15200,-8.7500,-61.2500
15201,-8.7500,-61.0000
15202,-8.7500,-60.7500
15203,-8.7500,-60.5000
15204,-8.7500,-60.2500
15205,-8.7500,-60.0000
15206,-8.7500,-59.7500
15207,-8.7500,-59.5000
15208,-8.7500,-59.2500
15209,-8.7500,-59.0000
15210,-8.7500,-58.7500
15211,-8.7500,-58.5000
15212,-8.7500,-58.2500
15213,-8.7500,-58.0000
15214,-8.7500,-57.7500
15215,-8.7500,-57.5000
15216,-8.7500,-57.2500
15217,-8.7500,-57.0000
15218,-8.7500,-56.7500
15219,-8.7500,-56.5000
15220,-8.7500,-56.2500
15221,-8.7500,-56.0000
15222,-8.7500,-55.7500
15223,-8.7500,-55.5000
15224,-8.7500,-55.2500
15225,-8.7500,-55.0000
15226,-8.7500,-54.7500
15227,-8.7500,-54.5000
15228,-8.7500,-54.2500
15229,-8.7500,-54.0000
15230,-8.7500,-53.7500
15231,-8.7500,-53.5000
15232,-8.7500,-53.2500
15233,-8.7500,-53.0000
15234,-8.7500,-52.7500
15235,-8.7500,-52.5000
15236,-8.7500,-52.2500
15237,-8.7500,-52.0000
15238,-8.7500,-51.7500
15239,-8.7500,-51.5000
15240,-8.7500,-51.2500
15241,-8.7500,-51.0000
15242,-8.7500,-50.7500
15243,-8.7500,-50.5000
15244,-8.7500,-50.2500
15310,-8.5000,-77.5000
15311,-8.5000,-77.2500
15312,-8.5000,-77.0000
15313,-8.5000,-76.7500
15314,-8.5000,-76.5000
15315,-8.5000,-76.2500
15316,-8.5000,-76.0000
15317,-8.5000,-75.7500
15318,-8.5000,-75.5000
15319,-8.5000,-75.2500
15320,-8.5000,-75.0000
15321,-8.5000,-74.7500
15322,-8.5000,-74.5000
15323,-8.5000,-74.2500
15324,-8.5000,-74.0000
15325,-8.5000,-73.7500
15326,-8.5000,-73.5000
15327,-8.5000,-73.2500
15328,-8.5000,-73.0000
15329,-8.5000,-72.7500
15330,-8.5000,-72.5000
15331,-8.5000,-72.2500
15332,-8.5000,-72.0000
15333,-8.5000,-71.7500
15334,-8.5000,-71.5000
15335,-8.5000,-71.2500
15336,-8.5000,-71.0000
15337,-8.5000,-70.7500
15338,-8.5000,-70.5000
15339,-8.5000,-70.2500
15340,-8.5000,-70.0000
15341,-8.5000,-69.7500
15342,-8.5000,-69.5000
15343,-8.5000,-69.2500
15344,-8.5000,-69.0000
15345,-8.5000,-68.7500
15346,-8.5000,-68.5000
15347,-8.5000,-68.2500
15348,-8.5000,-68.0000
15349,-8.5000,-67.7500
15350,-8.5000,-67.5000
15351,-8.5000,-67.2500
15352,-8.5000,-67.0000
15353,-8.5000,-66.7500
15354,-8.5000,-66.5000
15355,-8.5000,-66.2500
15356,-8.5000,-66.0000
15357,-8.5000,-65.7500
15358,-8.5000,-65.5000
15359,-8.5000,-65.2500
15360,-8.5000,-65.0000
15361,-8.5000,-64.7500
15362,-8.5000,-64.5000
15363,-8.5000,-64.2500
15364,-8.5000,-64.0000
15365,-8.5000,-63.7500
15366,-8.5000,-63.5000
15367,-8.5000,-63.2500
15368,-8.5000,-63.0000
15369,-8.5000,-62.7500
15370,-8.5000,-62.5000
15371,-8.5000,-62.2500
15372,-8.5000,-62.0000
15373,-8.5000,-61.7500
15374,-8.5000,-61.5000
15375,-8.5000,-61.2500
15376,-8.5000,-61.0000
15377,-8.5000,-60.7500
15378,-8.5000,-60.5000
15379,-8.5000,-60.2500
15380,-8.5000,-60.0000
15381,-8.5000,-59.7500
15382,-8.5000,-59.5000
15383,-8.5000,-59.2500
15384,-8.5000,-59.0000
15385,-8.5000,-58.7500
15386,-8.5000,-58.5000
15387,-8.5000,-58.2500
15388,-8.5000,-58.0000
15389,-8.5000,-57.7500
15390,-8.5000,-57.5000
15391,-8.5000,-57.2500
15392,-8.5000,-57.0000
15393,-8.5000,-56.7500
15394,-8.5000,-56.5000
15395,-8.5000,-56.2500
15396,-8.5000,-56.0000
15397,-8.5000,-55.7500
15398,-8.5000,-55.5000
15399,-8.5000,-55.2500
15400,-8.5000,-55.0000
15401,-8.5000,-54.7500
15402,-8.5000,-54.5000
15403,-8.5000,-54.2500
15404,-8.5000,-54.0000
15405,-8.5000,-53.7500
15406,-8.5000,-53.5000
15407,-8.5000,-53.2500
15408,-8.5000,-53.0000
15409,-8.5000,-52.7500
15410,-8.5000,-52.5000
15411,-8.5000,-52.2500
15412,-8.5000,-52.0000
15413,-8.5000,-51.7500
15414,-8.5000,-51.5000
15415,-8.5000,-51.2500
15416,-8.5000,-51.0000
15417,-8.5000,-50.7500
15418,-8.5000,-50.5000
15419,-8.5000,-50.2500
15422,-8.5000,-49.5000
15486,-8.2500,-77.5000
15487,-8.2500,-77.2500
15488,-8.2500,-77.0000
15489,-8.2500,-76.7500
15490,-8.2500,-76.5000
15491,-8.2500,-76.2500
15492,-8.2500,-76.0000
15493,-8.2500,-75.7500
15494,-8.2500,-75.5000
15495,-8.2500,-75.2500
15496,-8.2500,-75.0000
15497,-8.2500,-74.7500
15498,-8.2500,-74.5000
15499,-8.2500,-74.2500
15500,-8.2500,-74.0000
15501,-8.2500,-73.7500
15502,-8.2500,-73.5000
15503,-8.2500,-73.2500
15504,-8.2500,-73.0000
15505,-8.2500,-72.7500
15506,-8.2500,-72.5000
15507,-8.2500,-72.2500
15508,-8.2500,-72.0000
15509,-8.2500,-71.7500
15510,-8.2500,-71.5000
15511,-8.2500,-71.2500
15512,-8.2500,-71.0000
15513,-8.2500,-70.7500
15514,-8.2500,-70.5000
15515,-8.2500,-70.2500
15516,-8.2500,-70.0000
15517,-8.2500,-69.7500
15518,-8.2500,-69.5000
15519,-8.2500,-69.2500
15520,-8.2500,-69.0000
15521,-8.2500,-68.7500
15522,-8.2500,-68.5000
15523,-8.2500,-68.2500
15524,-8.2500,-68.0000
15525,-8.2500,-67.7500
15526,-8.2500,-67.5000
15527,-8.2500,-67.2500
15528,-8.2500,-67.0000
15529,-8.2500,-66.7500
15530,-8.2500,-66.5000
15531,-8.2500,-66.2500
15532,-8.2500,-66.0000
15533,-8.2500,-65.7500
15534,-8.2500,-65.5000
15535,-8.2500,-65.2500
15536,-8.2500,-65.0000
15537,-8.2500,-64.7500
15538,-8.2500,-64.5000
15539,-8.2500,-64.2500
15540,-8.2500,-64.0000
15541,-8.2500,-63.7500
15542,-8.2500,-63.5000
15543,-8.2500,-63.2500
15544,-8.2500,-63.0000
15545,-8.2500,-62.7500
15546,-8.2500,-62.5000
15547,-8.2500,-62.2500
15548,-8.2500,-62.0000
15549,-8.2500,-61.7500
15550,-8.2500,-61.5000
15551,-8.2500,-61.2500
15552,-8.2500,-61.0000
15553,-8.2500,-60.7500
15554,-8.2500,-60.5000
15555,-8.2500,-60.2500
15556,-8.2500,-60.0000
15557,-8.2500,-59.7500
15558,-8.2500,-59.5000
15559,-8.2500,-59.2500
15560,-8.2500,-59.0000
15561,-8.2500,-58.7500
15562,-8.2500,-58.5000
15563,-8.2500,-58.2500
15564,-8.2500,-58.0000
15565,-8.2500,-57.7500
15566,-8.2500,-57.5000
15567,-8.2500,-57.2500
15568,-8.2500,-57.0000
15569,-8.2500,-56.7500
15570,-8.2500,-56.5000
15571,-8.2500,-56.2500
15572,-8.2500,-56.0000
15573,-8.2500,-55.7500
15574,-8.2500,-55.5000
15575,-8.2500,-55.2500
15576,-8.2500,-55.0000
15577,-8.2500,-54.7500
15578,-8.2500,-54.5000
15579,-8.2500,-54.2500
15580,-8.2500,-54.0000
15581,-8.2500,-53.7500
15582,-8.2500,-53.5000
15583,-8.2500,-53.2500
15584,-8.2500,-53.0000
15585,-8.2500,-52.7500
15586,-8.2500,-52.5000
15587,-8.2500,-52.2500
15588,-8.2500,-52.0000
15589,-8.2500,-51.7500
15590,-8.2500,-51.5000
15591,-8.2500,-51.2500
15592,-8.2500,-51.0000
15593,-8.2500,-50.7500
15598,-8.2500,-49.5000
15663,-8.0000,-77.7500
15664,-8.0000,-77.5000
15665,-8.0000,-77.2500
15666,-8.0000,-77.0000
15667,-8.0000,-76.7500
15668,-8.0000,-76.5000
15669,-8.0000,-76.2500
15670,-8.0000,-76.0000
15671,-8.0000,-75.7500
15672,-8.0000,-75.5000
15673,-8.0000,-75.2500
15674,-8.0000,-75.0000
15675,-8.0000,-74.7500
15676,-8.0000,-74.5000
15677,-8.0000,-74.2500
15678,-8.0000,-74.0000
15679,-8.0000,-73.7500
15680,-8.0000,-73.5000
15681,-8.0000,-73.2500
15682,-8.0000,-73.0000
15683,-8.0000,-72.7500
15684,-8.0000,-72.5000
15685,-8.0000,-72.2500
15686,-8.0000,-72.0000
15687,-8.0000,-71.7500
15688,-8.0000,-71.5000
15689,-8.0000,-71.2500
15690,-8.0000,-71.0000
15691,-8.0000,-70.7500
15692,-8.0000,-70.5000
15693,-8.0000,-70.2500
15694,-8.0000,-70.0000
15695,-8.0000,-69.7500
15696,-8.0000,-69.5000
15697,-8.0000,-69.2500
15698,-8.0000,-69.0000
15699,-8.0000,-68.7500
15700,-8.0000,-68.5000
15701,-8.0000,-68.2500
15702,-8.0000,-68.0000
15703,-8.0000,-67.7500
15704,-8.0000,-67.5000
15705,-8.0000,-67.2500
15706,-8.0000,-67.0000
15707,-8.0000,-66.7500
15708,-8.0000,-66.5000
15709,-8.0000,-66.2500
15710,-8.0000,-66.0000
15711,-8.0000,-65.7500
15712,-8.0000,-65.5000
15713,-8.0000,-65.2500
15714,-8.0000,-65.0000
15715,-8.0000,-64.7500
15716,-8.0000,-64.5000
15717,-8.0000,-64.2500
15718,-8.0000,-64.0000
15719,-8.0000,-63.7500
15720,-8.0000,-63.5000
15721,-8.0000,-63.2500
15722,-8.0000,-63.0000
15723,-8.0000,-62.7500
15724,-8.0000,-62.5000
15725,-8.0000,-62.2500
15726,-8.0000,-62.0000
15727,-8.0000,-61.7500
15728,-8.0000,-61.5000
15729,-8.0000,-61.2500
15730,-8.0000,-61.0000
15731,-8.0000,-60.7500
15732,-8.0000,-60.5000
15733,-8.0000,-60.2500
15734,-8.0000,-60.0000
15735,-8.0000,-59.7500
15736,-8.0000,-59.5000
15737,-8.0000,-59.2500
15738,-8.0000,-59.0000
15739,-8.0000,-58.7500
15740,-8.0000,-58.5000
15741,-8.0000,-58.2500
15742,-8.0000,-58.0000
15743,-8.0000,-57.7500
15744,-8.0000,-57.5000
15745,-8.0000,-57.2500
15746,-8.0000,-57.0000
15747,-8.0000,-56.7500
15748,-8.0000,-56.5000
15749,-8.0000,-56.2500
15750,-8.0000,-56.0000
15751,-8.0000,-55.7500
15752,-8.0000,-55.5000
15753,-8.0000,-55.2500
15754,-8.0000,-55.0000
15755,-8.0000,-54.7500
15756,-8.0000,-54.5000
15757,-8.0000,-54.2500
15758,-8.0000,-54.0000
15759,-8.0000,-53.7500
15760,-8.0000,-53.5000
15761,-8.0000,-53.2500
15762,-8.0000,-53.0000
15763,-8.0000,-52.7500
15764,-8.0000,-52.5000
15765,-8.0000,-52.2500
15766,-8.0000,-52.0000
15767,-8.0000,-51.7500
15768,-8.0000,-51.5000
15769,-8.0000,-51.2500
15770,-8.0000,-51.0000
15771,-8.0000,-50.7500
15772,-8.0000,-50.5000
15778,-8.0000,-49.0000
15840,-7.7500,-78.2500
15841,-7.7500,-78.0000
15842,-7.7500,-77.7500
15843,-7.7500,-77.5000
15844,-7.7500,-77.2500
15845,-7.7500,-77.0000
15846,-7.7500,-76.7500
15847,-7.7500,-76.5000
15848,-7.7500,-76.2500
15849,-7.7500,-76.0000
15850,-7.7500,-75.7500
15851,-7.7500,-75.5000
15852,-7.7500,-75.2500
15853,-7.7500,-75.0000
15854,-7.7500,-74.7500
15855,-7.7500,-74.5000
15856,-7.7500,-74.2500
15857,-7.7500,-74.0000
15858,-7.7500,-73.7500
15859,-7.7500,-73.5000
15860,-7.7500,-73.2500
15861,-7.7500,-73.0000
15862,-7.7500,-72.7500
15863,-7.7500,-72.5000
15864,-7.7500,-72.2500
15865,-7.7500,-72.0000
15866,-7.7500,-71.7500
15867,-7.7500,-71.5000
15868,-7.7500,-71.2500
15869,-7.7500,-71.0000
15870,-7.7500,-70.7500
15871,-7.7500,-70.5000
15872,-7.7500,-70.2500
15873,-7.7500,-70.0000
15874,-7.7500,-69.7500
15875,-7.7500,-69.5000
15876,-7.7500,-69.2500
15877,-7.7500,-69.0000
15878,-7.7500,-68.7500
15879,-7.7500,-68.5000
15880,-7.7500,-68.2500
15881,-7.7500,-68.0000
15882,-7.7500,-67.7500
15883,-7.7500,-67.5000
15884,-7.7500,-67.2500
15885,-7.7500,-67.0000
15886,-7.7500,-66.7500
15887,-7.7500,-66.5000
15888,-7.7500,-66.2500
15889,-7.7500,-66.0000
15890,-7.7500,-65.7500
15891,-7.7500,-65.5000
15892,-7.7500,-65.2500
15893,-7.7500,-65.0000
15894,-7.7500,-64.7500
15895,-7.7500,-64.5000
15896,-7.7500,-64.2500
15897,-7.7500,-64.0000
15898,-7.7500,-63.7500
15899,-7.7500,-63.5000
15900,-7.7500,-63.2500
15901,-7.7500,-63.0000
15902,-7.7500,-62.7500
15903,-7.7500,-62.5000
15904,-7.7500,-62.2500
15905,-7.7500,-62.0000
15906,-7.7500,-61.7500
15907,-7.7500,-61.5000
15908,-7.7500,-61.2500
15909,-7.7500,-61.0000
15910,-7.7500,-60.7500
15911,-7.7500,-60.5000
15912,-7.7500,-60.2500
15913,-7.7500,-60.0000
15914,-7.7500,-59.7500
15915,-7.7500,-59.5000
15916,-7.7500,-59.2500
15917,-7.7500,-59.0000
15918,-7.7500,-58.7500
15919,-7.7500,-58.5000
15920,-7.7500,-58.2500
15921,-7.7500,-58.0000
15922,-7.7500,-57.7500
15923,-7.7500,-57.5000
15924,-7.7500,-57.2500
15925,-7.7500,-57.0000
15926,-7.7500,-56.7500
15927,-7.7500,-56.5000
15928,-7.7500,-56.2500
15929,-7.7500,-56.0000
15930,-7.7500,-55.7500
15931,-7.7500,-55.5000
15932,-7.7500,-55.2500
15933,-7.7500,-55.0000
15934,-7.7500,-54.7500
15935,-7.7500,-54.5000
15936,-7.7500,-54.2500
15937,-7.7500,-54.0000
15938,-7.7500,-53.7500
15939,-7.7500,-53.5000
15940,-7.7500,-53.2500
15941,-7.7500,-53.0000
15942,-7.7500,-52.7500
15943,-7.7500,-52.5000
15944,-7.7500,-52.2500
15945,-7.7500,-52.0000
15946,-7.7500,-51.7500
15947,-7.7500,-51.5000
15948,-7.7500,-51.2500
15949,-7.7500,-51.0000
15950,-7.7500,-50.7500
15952,-7.7500,-50.2500
15955,-7.7500,-49.5000
15956,-7.7500,-49.2500
15957,-7.7500,-49.0000
15958,-7.7500,-48.7500
16019,-7.5000,-78.2500
16020,-7.5000,-78.0000
16021,-7.5000,-77.7500
16022,-7.5000,-77.5000
16023,-7.5000,-77.2500
16024,-7.5000,-77.0000
16025,-7.5000,-76.7500
16026,-7.5000,-76.5000
16027,-7.5000,-76.2500
16028,-7.5000,-76.0000
16029,-7.5000,-75.7500
16030,-7.5000,-75.5000
16031,-7.5000,-75.2500
16032,-7.5000,-75.0000
16033,-7.5000,-74.7500
16034,-7.5000,-74.5000
16035,-7.5000,-74.2500
16036,-7.5000,-74.0000
16037,-7.5000,-73.7500
16038,-7.5000,-73.5000
16039,-7.5000,-73.2500
16040,-7.5000,-73.0000
16041,-7.5000,-72.7500
16042,-7.5000,-72.5000
16043,-7.5000,-72.2500
16044,-7.5000,-72.0000
16045,-7.5000,-71.7500
16046,-7.5000,-71.5000
16047,-7.5000,-71.2500
16048,-7.5000,-71.0000
16049,-7.5000,-70.7500
16050,-7.5000,-70.5000
16051,-7.5000,-70.2500
16052,-7.5000,-70.0000
16053,-7.5000,-69.7500
16054,-7.5000,-69.5000
16055,-7.5000,-69.2500
16056,-7.5000,-69.0000
16057,-7.5000,-68.7500
16058,-7.5000,-68.5000
16059,-7.5000,-68.2500
16060,-7.5000,-68.0000
16061,-7.5000,-67.7500
16062,-7.5000,-67.5000
16063,-7.5000,-67.2500
16064,-7.5000,-67.0000
16065,-7.5000,-66.7500
16066,-7.5000,-66.5000
16067,-7.5000,-66.2500
16068,-7.5000,-66.0000
16069,-7.5000,-65.7500
16070,-7.5000,-65.5000
16071,-7.5000,-65.2500
16072,-7.5000,-65.0000
16073,-7.5000,-64.7500
16074,-7.5000,-64.5000
16075,-7.5000,-64.2500
16076,-7.5000,-64.0000
16077,-7.5000,-63.7500
16078,-7.5000,-63.5000
16079,-7.5000,-63.2500
16080,-7.5000,-63.0000
16081,-7.5000,-62.7500
16082,-7.5000,-62.5000
16083,-7.5000,-62.2500
16084,-7.5000,-62.0000
16085,-7.5000,-61.7500
16086,-7.5000,-61.5000
16087,-7.5000,-61.2500
16088,-7.5000,-61.0000
16089,-7.5000,-60.7500
16090,-7.5000,-60.5000
16091,-7.5000,-60.2500
16092,-7.5000,-60.0000
16093,-7.5000,-59.7500
16094,-7.5000,-59.5000
16095,-7.5000,-59.2500
16096,-7.5000,-59.0000
16097,-7.5000,-58.7500
16098,-7.5000,-58.5000
16099,-7.5000,-58.2500
16100,-7.5000,-58.0000
16101,-7.5000,-57.7500
16102,-7.5000,-57.5000
16103,-7.5000,-57.2500
16104,-7.5000,-57.0000
16105,-7.5000,-56.7500
16106,-7.5000,-56.5000
16107,-7.5000,-56.2500
16108,-7.5000,-56.0000
16109,-7.5000,-55.7500
16110,-7.5000,-55.5000
16111,-7.5000,-55.2500
16112,-7.5000,-55.0000
16113,-7.5000,-54.7500
16114,-7.5000,-54.5000
16115,-7.5000,-54.2500
16116,-7.5000,-54.0000
16117,-7.5000,-53.7500
16118,-7.5000,-53.5000
16119,-7.5000,-53.2500
16120,-7.5000,-53.0000
16121,-7.5000,-52.7500
16122,-7.5000,-52.5000
16123,-7.5000,-52.2500
16124,-7.5000,-52.0000
16125,-7.5000,-51.7500
16126,-7.5000,-51.5000
16127,-7.5000,-51.2500
16128,-7.5000,-51.0000
16129,-7.5000,-50.7500
16130,-7.5000,-50.5000
16133,-7.5000,-49.7500
16134,-7.5000,-49.5000
16135,-7.5000,-49.2500
16136,-7.5000,-49.0000
16137,-7.5000,-48.7500
16198,-7.2500,-78.2500
16199,-7.2500,-78.0000
16200,-7.2500,-77.7500
16201,-7.2500,-77.5000
16202,-7.2500,-77.2500
16203,-7.2500,-77.0000
16204,-7.2500,-76.7500
16205,-7.2500,-76.5000
16206,-7.2500,-76.2500
16207,-7.2500,-76.0000
16208,-7.2500,-75.7500
16209,-7.2500,-75.5000
16210,-7.2500,-75.2500
16211,-7.2500,-75.0000
16212,-7.2500,-74.7500
16213,-7.2500,-74.5000
16214,-7.2500,-74.2500
16215,-7.2500,-74.0000
16216,-7.2500,-73.7500
16217,-7.2500,-73.5000
16218,-7.2500,-73.2500
16219,-7.2500,-73.0000
16220,-7.2500,-72.7500
16221,-7.2500,-72.5000
16222,-7.2500,-72.2500
16223,-7.2500,-72.0000
16224,-7.2500,-71.7500
16225,-7.2500,-71.5000
16226,-7.2500,-71.2500
16227,-7.2500,-71.0000
16228,-7.2500,-70.7500
16229,-7.2500,-70.5000
16230,-7.2500,-70.2500
16231,-7.2500,-70.0000
16232,-7.2500,-69.7500
16233,-7.2500,-69.5000
16234,-7.2500,-69.2500
16235,-7.2500,-69.0000
16236,-7.2500,-68.7500
16237,-7.2500,-68.5000
16238,-7.2500,-68.2500
16239,-7.2500,-68.0000
16240,-7.2500,-67.7500
16241,-7.2500,-67.5000
16242,-7.2500,-67.2500
16243,-7.2500,-67.0000
16244,-7.2500,-66.7500
16245,-7.2500,-66.5000
16246,-7.2500,-66.2500
16247,-7.2500,-66.0000
16248,-7.2500,-65.7500
16249,-7.2500,-65.5000
16250,-7.2500,-65.2500
16251,-7.2500,-65.0000
16252,-7.2500,-64.7500
16253,-7.2500,-64.5000
16254,-7.2500,-64.2500
16255,-7.2500,-64.0000
16256,-7.2500,-63.7500
16257,-7.2500,-63.5000
16258,-7.2500,-63.2500
16259,-7.2500,-63.0000
16260,-7.2500,-62.7500
16261,-7.2500,-62.5000
16262,-7.2500,-62.2500
16263,-7.2500,-62.0000
16264,-7.2500,-61.7500
16265,-7.2500,-61.5000
16266,-7.2500,-61.2500
16267,-7.2500,-61.0000
16268,-7.2500,-60.7500
16269,-7.2500,-60.5000
16270,-7.2500,-60.2500
16271,-7.2500,-60.0000
16272,-7.2500,-59.7500
16273,-7.2500,-59.5000
16274,-7.2500,-59.2500
16275,-7.2500,-59.0000
16276,-7.2500,-58.7500
16277,-7.2500,-58.5000
16278,-7.2500,-58.2500
16279,-7.2500,-58.0000
16280,-7.2500,-57.7500
16281,-7.2500,-57.5000
16282,-7.2500,-57.2500
16283,-7.2500,-57.0000
16284,-7.2500,-56.7500
16285,-7.2500,-56.5000
16286,-7.2500,-56.2500
16287,-7.2500,-56.0000
16288,-7.2500,-55.7500
16289,-7.2500,-55.5000
16290,-7.2500,-55.2500
16291,-7.2500,-55.0000
16292,-7.2500,-54.7500
16293,-7.2500,-54.5000
16294,-7.2500,-54.2500
16295,-7.2500,-54.0000
16296,-7.2500,-53.7500
16297,-7.2500,-53.5000
16298,-7.2500,-53.2500
16299,-7.2500,-53.0000
16300,-7.2500,-52.7500
16301,-7.2500,-52.5000
16302,-7.2500,-52.2500
16303,-7.2500,-52.0000
16304,-7.2500,-51.7500
16305,-7.2500,-51.5000
16306,-7.2500,-51.2500
16307,-7.2500,-51.0000
16308,-7.2500,-50.7500
16309,-7.2500,-50.5000
16310,-7.2500,-50.2500
16313,-7.2500,-49.5000
16314,-7.2500,-49.2500
16315,-7.2500,-49.0000
16316,-7.2500,-48.7500
16377,-7.0000,-78.5000
16378,-7.0000,-78.2500
16379,-7.0000,-78.0000
16380,-7.0000,-77.7500
16381,-7.0000,-77.5000
16382,-7.0000,-77.2500
16383,-7.0000,-77.0000
16384,-7.0000,-76.7500
16385,-7.0000,-76.5000
16386,-7.0000,-76.2500
16387,-7.0000,-76.0000
16388,-7.0000,-75.7500
16389,-7.0000,-75.5000
16390,-7.0000,-75.2500
16391,-7.0000,-75.0000
16392,-7.0000,-74.7500
16393,-7.0000,-74.5000
16394,-7.0000,-74.2500
16395,-7.0000,-74.0000
16396,-7.0000,-73.7500
16397,-7.0000,-73.5000
16398,-7.0000,-73.2500
16399,-7.0000,-73.0000
16400,-7.0000,-72.7500
16401,-7.0000,-72.5000
16402,-7.0000,-72.2500
16403,-7.0000,-72.0000
16404,-7.0000,-71.7500
16405,-7.0000,-71.5000
16406,-7.0000,-71.2500
16407,-7.0000,-71.0000
16408,-7.0000,-70.7500
16409,-7.0000,-70.5000
16410,-7.0000,-70.2500
16411,-7.0000,-70.0000
16412,-7.0000,-69.7500
16413,-7.0000,-69.5000
16414,-7.0000,-69.2500
16415,-7.0000,-69.0000
16416,-7.0000,-68.7500
16417,-7.0000,-68.5000
16418,-7.0000,-68.2500
16419,-7.0000,-68.0000
16420,-7.0000,-67.7500
16421,-7.0000,-67.5000
16422,-7.0000,-67.2500
16423,-7.0000,-67.0000
16424,-7.0000,-66.7500
16425,-7.0000,-66.5000
16426,-7.0000,-66.2500
16427,-7.0000,-66.0000
16428,-7.0000,-65.7500
16429,-7.0000,-65.5000
16430,-7.0000,-65.2500
16431,-7.0000,-65.0000
16432,-7.0000,-64.7500
16433,-7.0000,-64.5000
16434,-7.0000,-64.2500
16435,-7.0000,-64.0000
16436,-7.0000,-63.7500
16437,-7.0000,-63.5000
16438,-7.0000,-63.2500
16439,-7.0000,-63.0000
16440,-7.0000,-62.7500
16441,-7.0000,-62.5000
16442,-7.0000,-62.2500
16443,-7.0000,-62.0000
16444,-7.0000,-61.7500
16445,-7.0000,-61.5000
16446,-7.0000,-61.2500
16447,-7.0000,-61.0000
16448,-7.0000,-60.7500
16449,-7.0000,-60.5000
16450,-7.0000,-60.2500
16451,-7.0000,-60.0000
16452,-7.0000,-59.7500
16453,-7.0000,-59.5000
16454,-7.0000,-59.2500
16455,-7.0000,-59.0000
16456,-7.0000,-58.7500
16457,-7.0000,-58.5000
16458,-7.0000,-58.2500
16459,-7.0000,-58.0000
16460,-7.0000,-57.7500
16461,-7.0000,-57.5000
16462,-7.0000,-57.2500
16463,-7.0000,-57.0000
16464,-7.0000,-56.7500
16465,-7.0000,-56.5000
16466,-7.0000,-56.2500
16467,-7.0000,-56.0000
16468,-7.0000,-55.7500
16469,-7.0000,-55.5000
16470,-7.0000,-55.2500
16471,-7.0000,-55.0000
16472,-7.0000,-54.7500
16473,-7.0000,-54.5000
16474,-7.0000,-54.2500
16475,-7.0000,-54.0000
16476,-7.0000,-53.7500
16477,-7.0000,-53.5000
16478,-7.0000,-53.2500
16479,-7.0000,-53.0000
16480,-7.0000,-52.7500
16481,-7.0000,-52.5000
16482,-7.0000,-52.2500
16483,-7.0000,-52.0000
16484,-7.0000,-51.7500
16485,-7.0000,-51.5000
16486,-7.0000,-51.2500
16487,-7.0000,-51.0000
16488,-7.0000,-50.7500
16493,-7.0000,-49.5000
16494,-7.0000,-49.2500
16495,-7.0000,-49.0000
16496,-7.0000,-48.7500
16559,-6.7500,-78.5000
16560,-6.7500,-78.2500
16561,-6.7500,-78.0000
16562,-6.7500,-77.7500
16563,-6.7500,-77.5000
16564,-6.7500,-77.2500
16565,-6.7500,-77.0000
16566,-6.7500,-76.7500
16567,-6.7500,-76.5000
16568,-6.7500,-76.2500
16569,-6.7500,-76.0000
16570,-6.7500,-75.7500
16571,-6.7500,-75.5000
16572,-6.7500,-75.2500
16573,-6.7500,-75.0000
16574,-6.7500,-74.7500
16575,-6.7500,-74.5000
16576,-6.7500,-74.2500
16577,-6.7500,-74.0000
16578,-6.7500,-73.7500
16579,-6.7500,-73.5000
16580,-6.7500,-73.2500
16581,-6.7500,-73.0000
16582,-6.7500,-72.7500
16583,-6.7500,-72.5000
16584,-6.7500,-72.2500
16585,-6.7500,-72.0000
16586,-6.7500,-71.7500
16587,-6.7500,-71.5000
16588,-6.7500,-71.2500
16589,-6.7500,-71.0000
16590,-6.7500,-70.7500
16591,-6.7500,-70.5000
16592,-6.7500,-70.2500
16593,-6.7500,-70.0000
16594,-6.7500,-69.7500
16595,-6.7500,-69.5000
16596,-6.7500,-69.2500
16597,-6.7500,-69.0000
16598,-6.7500,-68.7500
16599,-6.7500,-68.5000
16600,-6.7500,-68.2500
16601,-6.7500,-68.0000
16602,-6.7500,-67.7500
16603,-6.7500,-67.5000
16604,-6.7500,-67.2500
16605,-6.7500,-67.0000
16606,-6.7500,-66.7500
16607,-6.7500,-66.5000
16608,-6.7500,-66.2500
16609,-6.7500,-66.0000
16610,-6.7500,-65.7500
16611,-6.7500,-65.5000
16612,-6.7500,-65.2500
16613,-6.7500,-65.0000
16614,-6.7500,-64.7500
16615,-6.7500,-64.5000
16616,-6.7500,-64.2500
16617,-6.7500,-64.0000
16618,-6.7500,-63.7500
16619,-6.7500,-63.5000
16620,-6.7500,-63.2500
16621,-6.7500,-63.0000
16622,-6.7500,-62.7500
16623,-6.7500,-62.5000
16624,-6.7500,-62.2500
16625,-6.7500,-62.0000
16626,-6.7500,-61.7500
16627,-6.7500,-61.5000
16628,-6.7500,-61.2500
16629,-6.7500,-61.0000
16630,-6.7500,-60.7500
16631,-6.7500,-60.5000
16632,-6.7500,-60.2500
16633,-6.7500,-60.0000
16634,-6.7500,-59.7500
16635,-6.7500,-59.5000
16636,-6.7500,-59.2500
16637,-6.7500,-59.0000
16638,-6.7500,-58.7500
16639,-6.7500,-58.5000
16640,-6.7500,-58.2500
16641,-6.7500,-58.0000
16642,-6.7500,-57.7500
16643,-6.7500,-57.5000
16644,-6.7500,-57.2500
16645,-6.7500,-57.0000
16646,-6.7500,-56.7500
16647,-6.7500,-56.5000
16648,-6.7500,-56.2500
16649,-6.7500,-56.0000
16650,-6.7500,-55.7500
16651,-6.7500,-55.5000
16652,-6.7500,-55.2500
16653,-6.7500,-55.0000
16654,-6.7500,-54.7500
16655,-6.7500,-54.5000
16656,-6.7500,-54.2500
16657,-6.7500,-54.0000
16658,-6.7500,-53.7500
16659,-6.7500,-53.5000
16660,-6.7500,-53.2500
16661,-6.7500,-53.0000
16662,-6.7500,-52.7500
16663,-6.7500,-52.5000
16664,-6.7500,-52.2500
16665,-6.7500,-52.0000
16666,-6.7500,-51.7500
16667,-6.7500,-51.5000
16668,-6.7500,-51.2500
16669,-6.7500,-51.0000
16674,-6.7500,-49.7500
16676,-6.7500,-49.2500
16677,-6.7500,-49.0000
16678,-6.7500,-48.7500
16679,-6.7500,-48.5000
16741,-6.5000,-78.7500
16742,-6.5000,-78.5000
16743,-6.5000,-78.2500
16744,-6.5000,-78.0000
16745,-6.5000,-77.7500
16746,-6.5000,-77.5000
16747,-6.5000,-77.2500
16748,-6.5000,-77.0000
16749,-6.5000,-76.7500
16750,-6.5000,-76.5000
16751,-6.5000,-76.2500
16752,-6.5000,-76.0000
16753,-6.5000,-75.7500
16754,-6.5000,-75.5000
16755,-6.5000,-75.2500
16756,-6.5000,-75.0000
16757,-6.5000,-74.7500
16758,-6.5000,-74.5000
16759,-6.5000,-74.2500
16760,-6.5000,-74.0000
16761,-6.5000,-73.7500
16762,-6.5000,-73.5000
16763,-6.5000,-73.2500
16764,-6.5000,-73.0000
16765,-6.5000,-72.7500
16766,-6.5000,-72.5000
16767,-6.5000,-72.2500
16768,-6.5000,-72.0000
16769,-6.5000,-71.7500
16770,-6.5000,-71.5000
16771,-6.5000,-71.2500
16772,-6.5000,-71.0000
16773,-6.5000,-70.7500
16774,-6.5000,-70.5000
16775,-6.5000,-70.2500
16776,-6.5000,-70.0000
16777,-6.5000,-69.7500
16778,-6.5000,-69.5000
16779,-6.5000,-69.2500
16780,-6.5000,-69.0000
16781,-6.5000,-68.7500
16782,-6.5000,-68.5000
16783,-6.5000,-68.2500
16784,-6.5000,-68.0000
16785,-6.5000,-67.7500
16786,-6.5000,-67.5000
16787,-6.5000,-67.2500
16788,-6.5000,-67.0000
16789,-6.5000,-66.7500
16790,-6.5000,-66.5000
16791,-6.5000,-66.2500
16792,-6.5000,-66.0000
16793,-6.5000,-65.7500
16794,-6.5000,-65.5000
16795,-6.5000,-65.2500
16796,-6.5000,-65.0000
16797,-6.5000,-64.7500
16798,-6.5000,-64.5000
16799,-6.5000,-64.2500
16800,-6.5000,-64.0000
16801,-6.5000,-63.7500
16802,-6.5000,-63.5000
16803,-6.5000,-63.2500
16804,-6.5000,-63.0000
16805,-6.5000,-62.7500
16806,-6.5000,-62.5000
16807,-6.5000,-62.2500
16808,-6.5000,-62.0000
16809,-6.5000,-61.7500
16810,-6.5000,-61.5000
16811,-6.5000,-61.2500
16812,-6.5000,-61.0000
16813,-6.5000,-60.7500
16814,-6.5000,-60.5000
16815,-6.5000,-60.2500
16816,-6.5000,-60.0000
16817,-6.5000,-59.7500
16818,-6.5000,-59.5000
16819,-6.5000,-59.2500
16820,-6.5000,-59.0000
16821,-6.5000,-58.7500
16822,-6.5000,-58.5000
16823,-6.5000,-58.2500
16824,-6.5000,-58.0000
16825,-6.5000,-57.7500
16826,-6.5000,-57.5000
16827,-6.5000,-57.2500
16828,-6.5000,-57.0000
16829,-6.5000,-56.7500
16830,-6.5000,-56.5000
16831,-6.5000,-56.2500
16832,-6.5000,-56.0000
16833,-6.5000,-55.7500
16834,-6.5000,-55.5000
16835,-6.5000,-55.2500
16836,-6.5000,-55.0000
16837,-6.5000,-54.7500
16838,-6.5000,-54.5000
16839,-6.5000,-54.2500
16840,-6.5000,-54.0000
16841,-6.5000,-53.7500
16842,-6.5000,-53.5000
16843,-6.5000,-53.2500
16844,-6.5000,-53.0000
16845,-6.5000,-52.7500
16846,-6.5000,-52.5000
16847,-6.5000,-52.2500
16848,-6.5000,-52.0000
16849,-6.5000,-51.7500
16850,-6.5000,-51.5000
16851,-6.5000,-51.2500
16852,-6.5000,-51.0000
16853,-6.5000,-50.7500
16854,-6.5000,-50.5000
16859,-6.5000,-49.2500
16860,-6.5000,-49.0000
16861,-6.5000,-48.7500
16862,-6.5000,-48.5000
16925,-6.2500,-79.0000
16926,-6.2500,-78.7500
16927,-6.2500,-78.5000
16928,-6.2500,-78.2500
16929,-6.2500,-78.0000
16930,-6.2500,-77.7500
16931,-6.2500,-77.5000
16932,-6.2500,-77.2500
16933,-6.2500,-77.0000
16934,-6.2500,-76.7500
16935,-6.2500,-76.5000
16936,-6.2500,-76.2500
16937,-6.2500,-76.0000
16938,-6.2500,-75.7500
16939,-6.2500,-75.5000
16940,-6.2500,-75.2500
16941,-6.2500,-75.0000
16942,-6.2500,-74.7500
16943,-6.2500,-74.5000
16944,-6.2500,-74.2500
16945,-6.2500,-74.0000
16946,-6.2500,-73.7500
16947,-6.2500,-73.5000
16948,-6.2500,-73.2500
16949,-6.2500,-73.0000
16950,-6.2500,-72.7500
16951,-6.2500,-72.5000
16952,-6.2500,-72.2500
16953,-6.2500,-72.0000
16954,-6.2500,-71.7500
16955,-6.2500,-71.5000
16956,-6.2500,-71.2500
16957,-6.2500,-71.0000
16958,-6.2500,-70.7500
16959,-6.2500,-70.5000
16960,-6.2500,-70.2500
16961,-6.2500,-70.0000
16962,-6.2500,-69.7500
16963,-6.2500,-69.5000
16964,-6.2500,-69.2500
16965,-6.2500,-69.0000
16966,-6.2500,-68.7500
16967,-6.2500,-68.5000
16968,-6.2500,-68.2500
16969,-6.2500,-68.0000
16970,-6.2500,-67.7500
16971,-6.2500,-67.5000
16972,-6.2500,-67.2500
16973,-6.2500,-67.0000
16974,-6.2500,-66.7500
16975,-6.2500,-66.5000
16976,-6.2500,-66.2500
16977,-6.2500,-66.0000
16978,-6.2500,-65.7500
16979,-6.2500,-65.5000
16980,-6.2500,-65.2500
16981,-6.2500,-65.0000
16982,-6.2500,-64.7500
16983,-6.2500,-64.5000
16984,-6.2500,-64.2500
16985,-6.2500,-64.0000
16986,-6.2500,-63.7500
16987,-6.2500,-63.5000
16988,-6.2500,-63.2500
16989,-6.2500,-63.0000
16990,-6.2500,-62.7500
16991,-6.2500,-62.5000
16992,-6.2500,-62.2500
16993,-6.2500,-62.0000
16994,-6.2500,-61.7500
16995,-6.2500,-61.5000
16996,-6.2500,-61.2500
16997,-6.2500,-61.0000
16998,-6.2500,-60.7500
16999,-6.2500,-60.5000
17000,-6.2500,-60.2500
17001,-6.2500,-60.0000
17002,-6.2500,-59.7500
17003,-6.2500,-59.5000
17004,-6.2500,-59.2500
17005,-6.2500,-59.0000
17006,-6.2500,-58.7500
17007,-6.2500,-58.5000
17008,-6.2500,-58.2500
17009,-6.2500,-58.0000
17010,-6.2500,-57.7500
17011,-6.2500,-57.5000
17012,-6.2500,-57.2500
17013,-6.2500,-57.0000
17014,-6.2500,-56.7500
17015,-6.2500,-56.5000
17016,-6.2500,-56.2500
17017,-6.2500,-56.0000
17018,-6.2500,-55.7500
17019,-6.2500,-55.5000
17020,-6.2500,-55.2500
17021,-6.2500,-55.0000
17022,-6.2500,-54.7500
17023,-6.2500,-54.5000
17024,-6.2500,-54.2500
17025,-6.2500,-54.0000
17026,-6.2500,-53.7500
17027,-6.2500,-53.5000
17028,-6.2500,-53.2500
17029,-6.2500,-53.0000
17030,-6.2500,-52.7500
17031,-6.2500,-52.5000
17032,-6.2500,-52.2500
17033,-6.2500,-52.0000
17034,-6.2500,-51.7500
17035,-6.2500,-51.5000
17036,-6.2500,-51.2500
17037,-6.2500,-51.0000
17038,-6.2500,-50.7500
17039,-6.2500,-50.5000
17040,-6.2500,-50.2500
17043,-6.2500,-49.5000
17044,-6.2500,-49.2500
17045,-6.2500,-49.0000
17046,-6.2500,-48.7500
17047,-6.2500,-48.5000
17108,-6.0000,-79.2500
17109,-6.0000,-79.0000
17110,-6.0000,-78.7500
17111,-6.0000,-78.5000
17112,-6.0000,-78.2500
17113,-6.0000,-78.0000
17114,-6.0000,-77.7500
17115,-6.0000,-77.5000
17116,-6.0000,-77.2500
17117,-6.0000,-77.0000
17118,-6.0000,-76.7500
17119,-6.0000,-76.5000
17120,-6.0000,-76.2500
17121,-6.0000,-76.0000
17122,-6.0000,-75.7500
17123,-6.0000,-75.5000
17124,-6.0000,-75.2500
17125,-6.0000,-75.0000
17126,-6.0000,-74.7500
17127,-6.0000,-74.5000
17128,-6.0000,-74.2500
17129,-6.0000,-74.0000
17130,-6.0000,-73.7500
17131,-6.0000,-73.5000
17132,-6.0000,-73.2500
17133,-6.0000,-73.0000
17134,-6.0000,-72.7500
17135,-6.0000,-72.5000
17136,-6.0000,-72.2500
17137,-6.0000,-72.0000
17138,-6.0000,-71.7500
17139,-6.0000,-71.5000
17140,-6.0000,-71.2500
17141,-6.0000,-71.0000
17142,-6.0000,-70.7500
17143,-6.0000,-70.5000
17144,-6.0000,-70.2500
17145,-6.0000,-70.0000
17146,-6.0000,-69.7500
17147,-6.0000,-69.5000
17148,-6.0000,-69.2500
17149,-6.0000,-69.0000
17150,-6.0000,-68.7500
17151,-6.0000,-68.5000
17152,-6.0000,-68.2500
17153,-6.0000,-68.0000
17154,-6.0000,-67.7500
17155,-6.0000,-67.5000
17156,-6.0000,-67.2500
17157,-6.0000,-67.0000
17158,-6.0000,-66.7500
17159,-6.0000,-66.5000
17160,-6.0000,-66.2500
17161,-6.0000,-66.0000
17162,-6.0000,-65.7500
17163,-6.0000,-65.5000
17164,-6.0000,-65.2500
17165,-6.0000,-65.0000
17166,-6.0000,-64.7500
17167,-6.0000,-64.5000
17168,-6.0000,-64.2500
17169,-6.0000,-64.0000
17170,-6.0000,-63.7500
17171,-6.0000,-63.5000
17172,-6.0000,-63.2500
17173,-6.0000,-63.0000
17174,-6.0000,-62.7500
17175,-6.0000,-62.5000
17176,-6.0000,-62.2500
17177,-6.0000,-62.0000
17178,-6.0000,-61.7500
17179,-6.0000,-61.5000
17180,-6.0000,-61.2500
17181,-6.0000,-61.0000
17182,-6.0000,-60.7500
17183,-6.0000,-60.5000
17184,-6.0000,-60.2500
17185,-6.0000,-60.0000
17186,-6.0000,-59.7500
17187,-6.0000,-59.5000
17188,-6.0000,-59.2500
17189,-6.0000,-59.0000
17190,-6.0000,-58.7500
17191,-6.0000,-58.5000
17192,-6.0000,-58.2500
17193,-6.0000,-58.0000
17194,-6.0000,-57.7500
17195,-6.0000,-57.5000
17196,-6.0000,-57.2500
17197,-6.0000,-57.0000
17198,-6.0000,-56.7500
17199,-6.0000,-56.5000
17200,-6.0000,-56.2500
17201,-6.0000,-56.0000
17202,-6.0000,-55.7500
17203,-6.0000,-55.5000
17204,-6.0000,-55.2500
17205,-6.0000,-55.0000
17206,-6.0000,-54.7500
17207,-6.0000,-54.5000
17208,-6.0000,-54.2500
17209,-6.0000,-54.0000
17210,-6.0000,-53.7500
17211,-6.0000,-53.5000
17212,-6.0000,-53.2500
17213,-6.0000,-53.0000
17214,-6.0000,-52.7500
17215,-6.0000,-52.5000
17216,-6.0000,-52.2500
17217,-6.0000,-52.0000
17218,-6.0000,-51.7500
17219,-6.0000,-51.5000
17220,-6.0000,-51.2500
17221,-6.0000,-51.0000
17222,-6.0000,-50.7500
17223,-6.0000,-50.5000
17224,-6.0000,-50.2500
17225,-6.0000,-50.0000
17228,-6.0000,-49.2500
17229,-6.0000,-49.0000
17230,-6.0000,-48.7500
17231,-6.0000,-48.5000
17290,-5.7500,-79.5000
17291,-5.7500,-79.2500
17292,-5.7500,-79.0000
17293,-5.7500,-78.7500
17294,-5.7500,-78.5000
17295,-5.7500,-78.2500
17296,-5.7500,-78.0000
17297,-5.7500,-77.7500
17298,-5.7500,-77.5000
17299,-5.7500,-77.2500
17300,-5.7500,-77.0000
17301,-5.7500,-76.7500
17302,-5.7500,-76.5000
17303,-5.7500,-76.2500
17304,-5.7500,-76.0000
17305,-5.7500,-75.7500
17306,-5.7500,-75.5000
17307,-5.7500,-75.2500
17308,-5.7500,-75.0000
17309,-5.7500,-74.7500
17310,-5.7500,-74.5000
17311,-5.7500,-74.2500
17312,-5.7500,-74.0000
17313,-5.7500,-73.7500
17314,-5.7500,-73.5000
17315,-5.7500,-73.2500
17316,-5.7500,-73.0000
17317,-5.7500,-72.7500
17318,-5.7500,-72.5000
17319,-5.7500,-72.2500
17320,-5.7500,-72.0000
17321,-5.7500,-71.7500
17322,-5.7500,-71.5000
17323,-5.7500,-71.2500
17324,-5.7500,-71.0000
17325,-5.7500,-70.7500
17326,-5.7500,-70.5000
17327,-5.7500,-70.2500
17328,-5.7500,-70.0000
17329,-5.7500,-69.7500
17330,-5.7500,-69.5000
17331,-5.7500,-69.2500
17332,-5.7500,-69.0000
17333,-5.7500,-68.7500
17334,-5.7500,-68.5000
17335,-5.7500,-68.2500
17336,-5.7500,-68.0000
17337,-5.7500,-67.7500
17338,-5.7500,-67.5000
17339,-5.7500,-67.2500
17340,-5.7500,-67.0000
17341,-5.7500,-66.7500
17342,-5.7500,-66.5000
17343,-5.7500,-66.2500
17344,-5.7500,-66.0000
17345,-5.7500,-65.7500
17346,-5.7500,-65.5000
17347,-5.7500,-65.2500
17348,-5.7500,-65.0000
17349,-5.7500,-64.7500
17350,-5.7500,-64.5000
17351,-5.7500,-64.2500
17352,-5.7500,-64.0000
17353,-5.7500,-63.7500
17354,-5.7500,-63.5000
17355,-5.7500,-63.2500
17356,-5.7500,-63.0000
17357,-5.7500,-62.7500
17358,-5.7500,-62.5000
17359,-5.7500,-62.2500
17360,-5.7500,-62.0000
17361,-5.7500,-61.7500
17362,-5.7500,-61.5000
17363,-5.7500,-61.2500
17364,-5.7500,-61.0000
17365,-5.7500,-60.7500
17366,-5.7500,-60.5000
17367,-5.7500,-60.2500
17368,-5.7500,-60.0000
17369,-5.7500,-59.7500
17370,-5.7500,-59.5000
17371,-5.7500,-59.2500
17372,-5.7500,-59.0000
17373,-5.7500,-58.7500
17374,-5.7500,-58.5000
17375,-5.7500,-58.2500
17376,-5.7500,-58.0000
17377,-5.7500,-57.7500
17378,-5.7500,-57.5000
17379,-5.7500,-57.2500
17380,-5.7500,-57.0000
17381,-5.7500,-56.7500
17382,-5.7500,-56.5000
17383,-5.7500,-56.2500
17384,-5.7500,-56.0000
17385,-5.7500,-55.7500
17386,-5.7500,-55.5000
17387,-5.7500,-55.2500
17388,-5.7500,-55.0000
17389,-5.7500,-54.7500
17390,-5.7500,-54.5000
17391,-5.7500,-54.2500
17392,-5.7500,-54.0000
17393,-5.7500,-53.7500
17394,-5.7500,-53.5000
17395,-5.7500,-53.2500
17396,-5.7500,-53.0000
17397,-5.7500,-52.7500
17398,-5.7500,-52.5000
17399,-5.7500,-52.2500
17400,-5.7500,-52.0000
17401,-5.7500,-51.7500
17402,-5.7500,-51.5000
17403,-5.7500,-51.2500
17404,-5.7500,-51.0000
17405,-5.7500,-50.7500
17406,-5.7500,-50.5000
17407,-5.7500,-50.2500
17408,-5.7500,-50.0000
17409,-5.7500,-49.7500
17410,-5.7500,-49.5000
17411,-5.7500,-49.2500
17412,-5.7500,-49.0000
17413,-5.7500,-48.7500
17414,-5.7500,-48.5000
17475,-5.5000,-79.2500
17476,-5.5000,-79.0000
17477,-5.5000,-78.7500
17478,-5.5000,-78.5000
17479,-5.5000,-78.2500
17480,-5.5000,-78.0000
17481,-5.5000,-77.7500
17482,-5.5000,-77.5000
17483,-5.5000,-77.2500
17484,-5.5000,-77.0000
17485,-5.5000,-76.7500
17486,-5.5000,-76.5000
17487,-5.5000,-76.2500
17488,-5.5000,-76.0000
17489,-5.5000,-75.7500
17490,-5.5000,-75.5000
17491,-5.5000,-75.2500
17492,-5.5000,-75.0000
17493,-5.5000,-74.7500
17494,-5.5000,-74.5000
17495,-5.5000,-74.2500
17496,-5.5000,-74.0000
17497,-5.5000,-73.7500
17498,-5.5000,-73.5000
17499,-5.5000,-73.2500
17500,-5.5000,-73.0000
17501,-5.5000,-72.7500
17502,-5.5000,-72.5000
17503,-5.5000,-72.2500
17504,-5.5000,-72.0000
17505,-5.5000,-71.7500
17506,-5.5000,-71.5000
17507,-5.5000,-71.2500
17508,-5.5000,-71.0000
17509,-5.5000,-70.7500
17510,-5.5000,-70.5000
17511,-5.5000,-70.2500
17512,-5.5000,-70.0000
17513,-5.5000,-69.7500
17514,-5.5000,-69.5000
17515,-5.5000,-69.2500
17516,-5.5000,-69.0000
17517,-5.5000,-68.7500
17518,-5.5000,-68.5000
17519,-5.5000,-68.2500
17520,-5.5000,-68.0000
17521,-5.5000,-67.7500
17522,-5.5000,-67.5000
17523,-5.5000,-67.2500
17524,-5.5000,-67.0000
17525,-5.5000,-66.7500
17526,-5.5000,-66.5000
17527,-5.5000,-66.2500
17528,-5.5000,-66.0000
17529,-5.5000,-65.7500
17530,-5.5000,-65.5000
17531,-5.5000,-65.2500
17532,-5.5000,-65.0000
17533,-5.5000,-64.7500
17534,-5.5000,-64.5000
17535,-5.5000,-64.2500
17536,-5.5000,-64.0000
17537,-5.5000,-63.7500
17538,-5.5000,-63.5000
17539,-5.5000,-63.2500
17540,-5.5000,-63.0000
17541,-5.5000,-62.7500
17542,-5.5000,-62.5000
17543,-5.5000,-62.2500
17544,-5.5000,-62.0000
17545,-5.5000,-61.7500
17546,-5.5000,-61.5000
17547,-5.5000,-61.2500
17548,-5.5000,-61.0000
17549,-5.5000,-60.7500
17550,-5.5000,-60.5000
17551,-5.5000,-60.2500
17552,-5.5000,-60.0000
17553,-5.5000,-59.7500
17554,-5.5000,-59.5000
17555,-5.5000,-59.2500
17556,-5.5000,-59.0000
17557,-5.5000,-58.7500
17558,-5.5000,-58.5000
17559,-5.5000,-58.2500
17560,-5.5000,-58.0000
17561,-5.5000,-57.7500
17562,-5.5000,-57.5000
17563,-5.5000,-57.2500
17564,-5.5000,-57.0000
17565,-5.5000,-56.7500
17566,-5.5000,-56.5000
17567,-5.5000,-56.2500
17568,-5.5000,-56.0000
17569,-5.5000,-55.7500
17570,-5.5000,-55.5000
17571,-5.5000,-55.2500
17572,-5.5000,-55.0000
17573,-5.5000,-54.7500
17574,-5.5000,-54.5000
17575,-5.5000,-54.2500
17576,-5.5000,-54.0000
17577,-5.5000,-53.7500
17578,-5.5000,-53.5000
17579,-5.5000,-53.2500
17580,-5.5000,-53.0000
17581,-5.5000,-52.7500
17582,-5.5000,-52.5000
17583,-5.5000,-52.2500
17584,-5.5000,-52.0000
17585,-5.5000,-51.7500
17586,-5.5000,-51.5000
17587,-5.5000,-51.2500
17588,-5.5000,-51.0000
17589,-5.5000,-50.7500
17590,-5.5000,-50.5000
17591,-5.5000,-50.2500
17592,-5.5000,-50.0000
17593,-5.5000,-49.7500
17594,-5.5000,-49.5000
17595,-5.5000,-49.2500
17596,-5.5000,-49.0000
17597,-5.5000,-48.7500
17598,-5.5000,-48.5000
17658,-5.2500,-79.5000
17659,-5.2500,-79.2500
17660,-5.2500,-79.0000
17661,-5.2500,-78.7500
17662,-5.2500,-78.5000
17663,-5.2500,-78.2500
17664,-5.2500,-78.0000
17665,-5.2500,-77.7500
17666,-5.2500,-77.5000
17667,-5.2500,-77.2500
17668,-5.2500,-77.0000
17669,-5.2500,-76.7500
17670,-5.2500,-76.5000
17671,-5.2500,-76.2500
17672,-5.2500,-76.0000
17673,-5.2500,-75.7500
17674,-5.2500,-75.5000
17675,-5.2500,-75.2500
17676,-5.2500,-75.0000
17677,-5.2500,-74.7500
17678,-5.2500,-74.5000
17679,-5.2500,-74.2500
17680,-5.2500,-74.0000
17681,-5.2500,-73.7500
17682,-5.2500,-73.5000
17683,-5.2500,-73.2500
17684,-5.2500,-73.0000
17685,-5.2500,-72.7500
17686,-5.2500,-72.5000
17687,-5.2500,-72.2500
17688,-5.2500,-72.0000
17689,-5.2500,-71.7500
17690,-5.2500,-71.5000
17691,-5.2500,-71.2500
17692,-5.2500,-71.0000
17693,-5.2500,-70.7500
17694,-5.2500,-70.5000
17695,-5.2500,-70.2500
17696,-5.2500,-70.0000
17697,-5.2500,-69.7500
17698,-5.2500,-69.5000
17699,-5.2500,-69.2500
17700,-5.2500,-69.0000
17701,-5.2500,-68.7500
17702,-5.2500,-68.5000
17703,-5.2500,-68.2500
17704,-5.2500,-68.0000
17705,-5.2500,-67.7500
17706,-5.2500,-67.5000
17707,-5.2500,-67.2500
17708,-5.2500,-67.0000
17709,-5.2500,-66.7500
17710,-5.2500,-66.5000
17711,-5.2500,-66.2500
17712,-5.2500,-66.0000
17713,-5.2500,-65.7500
17714,-5.2500,-65.5000
17715,-5.2500,-65.2500
17716,-5.2500,-65.0000
17717,-5.2500,-64.7500
17718,-5.2500,-64.5000
17719,-5.2500,-64.2500
17720,-5.2500,-64.0000
17721,-5.2500,-63.7500
17722,-5.2500,-63.5000
17723,-5.2500,-63.2500
17724,-5.2500,-63.0000
17725,-5.2500,-62.7500
17726,-5.2500,-62.5000
17727,-5.2500,-62.2500
17728,-5.2500,-62.0000
17729,-5.2500,-61.7500
17730,-5.2500,-61.5000
17731,-5.2500,-61.2500
17732,-5.2500,-61.0000
17733,-5.2500,-60.7500
17734,-5.2500,-60.5000
17735,-5.2500,-60.2500
17736,-5.2500,-60.0000
17737,-5.2500,-59.7500
17738,-5.2500,-59.5000
17739,-5.2500,-59.2500
17740,-5.2500,-59.0000
17741,-5.2500,-58.7500
17742,-5.2500,-58.5000
17743,-5.2500,-58.2500
17744,-5.2500,-58.0000
17745,-5.2500,-57.7500
17746,-5.2500,-57.5000
17747,-5.2500,-57.2500
17748,-5.2500,-57.0000
17749,-5.2500,-56.7500
17750,-5.2500,-56.5000
17751,-5.2500,-56.2500
17752,-5.2500,-56.0000
17753,-5.2500,-55.7500
17754,-5.2500,-55.5000
17755,-5.2500,-55.2500
17756,-5.2500,-55.0000
17757,-5.2500,-54.7500
17758,-5.2500,-54.5000
17759,-5.2500,-54.2500
17760,-5.2500,-54.0000
17761,-5.2500,-53.7500
17762,-5.2500,-53.5000
17763,-5.2500,-53.2500
17764,-5.2500,-53.0000
17765,-5.2500,-52.7500
17766,-5.2500,-52.5000
17767,-5.2500,-52.2500
17768,-5.2500,-52.0000
17769,-5.2500,-51.7500
17770,-5.2500,-51.5000
17771,-5.2500,-51.2500
17772,-5.2500,-51.0000
17773,-5.2500,-50.7500
17774,-5.2500,-50.5000
17775,-5.2500,-50.2500
17776,-5.2500,-50.0000
17777,-5.2500,-49.7500
17778,-5.2500,-49.5000
17779,-5.2500,-49.2500
17780,-5.2500,-49.0000
17781,-5.2500,-48.7500
17784,-5.2500,-48.0000
17787,-5.2500,-47.2500
17843,-5.0000,-79.2500
17844,-5.0000,-79.0000
17845,-5.0000,-78.7500
17846,-5.0000,-78.5000
17847,-5.0000,-78.2500
17848,-5.0000,-78.0000
17849,-5.0000,-77.7500
17850,-5.0000,-77.5000
17851,-5.0000,-77.2500
17852,-5.0000,-77.0000
17853,-5.0000,-76.7500
17854,-5.0000,-76.5000
17855,-5.0000,-76.2500
17856,-5.0000,-76.0000
17857,-5.0000,-75.7500
17858,-5.0000,-75.5000
17859,-5.0000,-75.2500
17860,-5.0000,-75.0000
17861,-5.0000,-74.7500
17862,-5.0000,-74.5000
17863,-5.0000,-74.2500
17864,-5.0000,-74.0000
17865,-5.0000,-73.7500
17866,-5.0000,-73.5000
17867,-5.0000,-73.2500
17868,-5.0000,-73.0000
17869,-5.0000,-72.7500
17870,-5.0000,-72.5000
17871,-5.0000,-72.2500
17872,-5.0000,-72.0000
17873,-5.0000,-71.7500
17874,-5.0000,-71.5000
17875,-5.0000,-71.2500
17876,-5.0000,-71.0000
17877,-5.0000,-70.7500
17878,-5.0000,-70.5000
17879,-5.0000,-70.2500
17880,-5.0000,-70.0000
17881,-5.0000,-69.7500
17882,-5.0000,-69.5000
17883,-5.0000,-69.2500
17884,-5.0000,-69.0000
17885,-5.0000,-68.7500
17886,-5.0000,-68.5000
17887,-5.0000,-68.2500
17888,-5.0000,-68.0000
17889,-5.0000,-67.7500
17890,-5.0000,-67.5000
17891,-5.0000,-67.2500
17892,-5.0000,-67.0000
17893,-5.0000,-66.7500
17894,-5.0000,-66.5000
17895,-5.0000,-66.2500
17896,-5.0000,-66.0000
17897,-5.0000,-65.7500
17898,-5.0000,-65.5000
17899,-5.0000,-65.2500
17900,-5.0000,-65.0000
17901,-5.0000,-64.7500
17902,-5.0000,-64.5000
17903,-5.0000,-64.2500
17904,-5.0000,-64.0000
17905,-5.0000,-63.7500
17906,-5.0000,-63.5000
17907,-5.0000,-63.2500
17908,-5.0000,-63.0000
17909,-5.0000,-62.7500
17910,-5.0000,-62.5000
17911,-5.0000,-62.2500
17912,-5.0000,-62.0000
17913,-5.0000,-61.7500
17914,-5.0000,-61.5000
17915,-5.0000,-61.2500
17916,-5.0000,-61.0000
17917,-5.0000,-60.7500
17918,-5.0000,-60.5000
17919,-5.0000,-60.2500
17920,-5.0000,-60.0000
17921,-5.0000,-59.7500
17922,-5.0000,-59.5000
17923,-5.0000,-59.2500
17924,-5.0000,-59.0000
17925,-5.0000,-58.7500
17926,-5.0000,-58.5000
17927,-5.0000,-58.2500
17928,-5.0000,-58.0000
17929,-5.0000,-57.7500
17930,-5.0000,-57.5000
17931,-5.0000,-57.2500
17932,-5.0000,-57.0000
17933,-5.0000,-56.7500
17934,-5.0000,-56.5000
17935,-5.0000,-56.2500
17936,-5.0000,-56.0000
17937,-5.0000,-55.7500
17938,-5.0000,-55.5000
17939,-5.0000,-55.2500
17940,-5.0000,-55.0000
17941,-5.0000,-54.7500
17942,-5.0000,-54.5000
17943,-5.0000,-54.2500
17944,-5.0000,-54.0000
17945,-5.0000,-53.7500
17946,-5.0000,-53.5000
17947,-5.0000,-53.2500
17948,-5.0000,-53.0000
17949,-5.0000,-52.7500
17950,-5.0000,-52.5000
17951,-5.0000,-52.2500
17952,-5.0000,-52.0000
17953,-5.0000,-51.7500
17954,-5.0000,-51.5000
17955,-5.0000,-51.2500
17956,-5.0000,-51.0000
17957,-5.0000,-50.7500
17958,-5.0000,-50.5000
17959,-5.0000,-50.2500
17960,-5.0000,-50.0000
17961,-5.0000,-49.7500
17962,-5.0000,-49.5000
17963,-5.0000,-49.2500
17964,-5.0000,-49.0000
17965,-5.0000,-48.7500
17966,-5.0000,-48.5000
17967,-5.0000,-48.2500
17968,-5.0000,-48.0000
17969,-5.0000,-47.7500
17970,-5.0000,-47.5000
17971,-5.0000,-47.2500
17972,-5.0000,-47.0000
18022,-4.7500,-79.2500
18023,-4.7500,-79.0000
18024,-4.7500,-78.7500
18025,-4.7500,-78.5000
18026,-4.7500,-78.2500
18027,-4.7500,-78.0000
18028,-4.7500,-77.7500
18029,-4.7500,-77.5000
18030,-4.7500,-77.2500
18031,-4.7500,-77.0000
18032,-4.7500,-76.7500
18033,-4.7500,-76.5000
18034,-4.7500,-76.2500
18035,-4.7500,-76.0000
18036,-4.7500,-75.7500
18037,-4.7500,-75.5000
18038,-4.7500,-75.2500
18039,-4.7500,-75.0000
18040,-4.7500,-74.7500
18041,-4.7500,-74.5000
18042,-4.7500,-74.2500
18043,-4.7500,-74.0000
18044,-4.7500,-73.7500
18045,-4.7500,-73.5000
18046,-4.7500,-73.2500
18047,-4.7500,-73.0000
18048,-4.7500,-72.7500
18049,-4.7500,-72.5000
18050,-4.7500,-72.2500
18051,-4.7500,-72.0000
18052,-4.7500,-71.7500
18053,-4.7500,-71.5000
18054,-4.7500,-71.2500
18055,-4.7500,-71.0000
18056,-4.7500,-70.7500
18057,-4.7500,-70.5000
18058,-4.7500,-70.2500
18059,-4.7500,-70.0000
18060,-4.7500,-69.7500
18061,-4.7500,-69.5000
18062,-4.7500,-69.2500
18063,-4.7500,-69.0000
18064,-4.7500,-68.7500
18065,-4.7500,-68.5000
18066,-4.7500,-68.2500
18067,-4.7500,-68.0000
18068,-4.7500,-67.7500
18069,-4.7500,-67.5000
18070,-4.7500,-67.2500
18071,-4.7500,-67.0000
18072,-4.7500,-66.7500
18073,-4.7500,-66.5000
18074,-4.7500,-66.2500
18075,-4.7500,-66.0000
18076,-4.7500,-65.7500
18077,-4.7500,-65.5000
18078,-4.7500,-65.2500
18079,-4.7500,-65.0000
18080,-4.7500,-64.7500
18081,-4.7500,-64.5000
18082,-4.7500,-64.2500
18083,-4.7500,-64.0000
18084,-4.7500,-63.7500
18085,-4.7500,-63.5000
18086,-4.7500,-63.2500
18087,-4.7500,-63.0000
18088,-4.7500,-62.7500
18089,-4.7500,-62.5000
18090,-4.7500,-62.2500
18091,-4.7500,-62.0000
18092,-4.7500,-61.7500
18093,-4.7500,-61.5000
18094,-4.7500,-61.2500
18095,-4.7500,-61.0000
18096,-4.7500,-60.7500
18097,-4.7500,-60.5000
18098,-4.7500,-60.2500
18099,-4.7500,-60.0000
18100,-4.7500,-59.7500
18101,-4.7500,-59.5000
18102,-4.7500,-59.2500
18103,-4.7500,-59.0000
18104,-4.7500,-58.7500
18105,-4.7500,-58.5000
18106,-4.7500,-58.2500
18107,-4.7500,-58.0000
18108,-4.7500,-57.7500
18109,-4.7500,-57.5000
18110,-4.7500,-57.2500
18111,-4.7500,-57.0000
18112,-4.7500,-56.7500
18113,-4.7500,-56.5000
18114,-4.7500,-56.2500
18115,-4.7500,-56.0000
18116,-4.7500,-55.7500
18117,-4.7500,-55.5000
18118,-4.7500,-55.2500
18119,-4.7500,-55.0000
18120,-4.7500,-54.7500
18121,-4.7500,-54.5000
18122,-4.7500,-54.2500
18123,-4.7500,-54.0000
18124,-4.7500,-53.7500
18125,-4.7500,-53.5000
18126,-4.7500,-53.2500
18127,-4.7500,-53.0000
18128,-4.7500,-52.7500
18129,-4.7500,-52.5000
18130,-4.7500,-52.2500
18131,-4.7500,-52.0000
18132,-4.7500,-51.7500
18133,-4.7500,-51.5000
18134,-4.7500,-51.2500
18135,-4.7500,-51.0000
18136,-4.7500,-50.7500
18137,-4.7500,-50.5000
18138,-4.7500,-50.2500
18139,-4.7500,-50.0000
18140,-4.7500,-49.7500
18141,-4.7500,-49.5000
18142,-4.7500,-49.2500
18143,-4.7500,-49.0000
18144,-4.7500,-48.7500
18145,-4.7500,-48.5000
18146,-4.7500,-48.2500
18147,-4.7500,-48.0000
18148,-4.7500,-47.7500
18149,-4.7500,-47.5000
18150,-4.7500,-47.2500
18151,-4.7500,-47.0000
18198,-4.5000,-79.2500
18199,-4.5000,-79.0000
18200,-4.5000,-78.7500
18201,-4.5000,-78.5000
18202,-4.5000,-78.2500
18203,-4.5000,-78.0000
18204,-4.5000,-77.7500
18205,-4.5000,-77.5000
18206,-4.5000,-77.2500
18207,-4.5000,-77.0000
18208,-4.5000,-76.7500
18209,-4.5000,-76.5000
18210,-4.5000,-76.2500
18211,-4.5000,-76.0000
18212,-4.5000,-75.7500
18213,-4.5000,-75.5000
18214,-4.5000,-75.2500
18215,-4.5000,-75.0000
18216,-4.5000,-74.7500
18217,-4.5000,-74.5000
18218,-4.5000,-74.2500
18219,-4.5000,-74.0000
18220,-4.5000,-73.7500
18221,-4.5000,-73.5000
18222,-4.5000,-73.2500
18223,-4.5000,-73.0000
18224,-4.5000,-72.7500
18225,-4.5000,-72.5000
18226,-4.5000,-72.2500
18227,-4.5000,-72.0000
18228,-4.5000,-71.7500
18229,-4.5000,-71.5000
18230,-4.5000,-71.2500
18231,-4.5000,-71.0000
18232,-4.5000,-70.7500
18233,-4.5000,-70.5000
18234,-4.5000,-70.2500
18235,-4.5000,-70.0000
18236,-4.5000,-69.7500
18237,-4.5000,-69.5000
18238,-4.5000,-69.2500
18239,-4.5000,-69.0000
18240,-4.5000,-68.7500
18241,-4.5000,-68.5000
18242,-4.5000,-68.2500
18243,-4.5000,-68.0000
18244,-4.5000,-67.7500
18245,-4.5000,-67.5000
18246,-4.5000,-67.2500
18247,-4.5000,-67.0000
18248,-4.5000,-66.7500
18249,-4.5000,-66.5000
18250,-4.5000,-66.2500
18251,-4.5000,-66.0000
18252,-4.5000,-65.7500
18253,-4.5000,-65.5000
18254,-4.5000,-65.2500
18255,-4.5000,-65.0000
18256,-4.5000,-64.7500
18257,-4.5000,-64.5000
18258,-4.5000,-64.2500
18259,-4.5000,-64.0000
18260,-4.5000,-63.7500
18261,-4.5000,-63.5000
18262,-4.5000,-63.2500
18263,-4.5000,-63.0000
18264,-4.5000,-62.7500
18265,-4.5000,-62.5000
18266,-4.5000,-62.2500
18267,-4.5000,-62.0000
18268,-4.5000,-61.7500
18269,-4.5000,-61.5000
18270,-4.5000,-61.2500
18271,-4.5000,-61.0000
18272,-4.5000,-60.7500
18273,-4.5000,-60.5000
18274,-4.5000,-60.2500
18275,-4.5000,-60.0000
18276,-4.5000,-59.7500
18277,-4.5000,-59.5000
18278,-4.5000,-59.2500
18279,-4.5000,-59.0000
18280,-4.5000,-58.7500
18281,-4.5000,-58.5000
18282,-4.5000,-58.2500
18283,-4.5000,-58.0000
18284,-4.5000,-57.7500
18285,-4.5000,-57.5000
18286,-4.5000,-57.2500
18287,-4.5000,-57.0000
18288,-4.5000,-56.7500
18289,-4.5000,-56.5000
18290,-4.5000,-56.2500
18291,-4.5000,-56.0000
18292,-4.5000,-55.7500
18293,-4.5000,-55.5000
18294,-4.5000,-55.2500
18295,-4.5000,-55.0000
18296,-4.5000,-54.7500
18297,-4.5000,-54.5000
18298,-4.5000,-54.2500
18299,-4.5000,-54.0000
18300,-4.5000,-53.7500
18301,-4.5000,-53.5000
18302,-4.5000,-53.2500
18303,-4.5000,-53.0000
18304,-4.5000,-52.7500
18305,-4.5000,-52.5000
18306,-4.5000,-52.2500
18307,-4.5000,-52.0000
18308,-4.5000,-51.7500
18309,-4.5000,-51.5000
18310,-4.5000,-51.2500
18311,-4.5000,-51.0000
18312,-4.5000,-50.7500
18313,-4.5000,-50.5000
18314,-4.5000,-50.2500
18315,-4.5000,-50.0000
18316,-4.5000,-49.7500
18317,-4.5000,-49.5000
18318,-4.5000,-49.2500
18319,-4.5000,-49.0000
18320,-4.5000,-48.7500
18321,-4.5000,-48.5000
18322,-4.5000,-48.2500
18323,-4.5000,-48.0000
18324,-4.5000,-47.7500
18325,-4.5000,-47.5000
18326,-4.5000,-47.2500
18327,-4.5000,-47.0000
18373,-4.2500,-79.0000
18374,-4.2500,-78.7500
18375,-4.2500,-78.5000
18376,-4.2500,-78.2500
18377,-4.2500,-78.0000
18378,-4.2500,-77.7500
18379,-4.2500,-77.5000
18380,-4.2500,-77.2500
18381,-4.2500,-77.0000
18382,-4.2500,-76.7500
18383,-4.2500,-76.5000
18384,-4.2500,-76.2500
18385,-4.2500,-76.0000
18386,-4.2500,-75.7500
18387,-4.2500,-75.5000
18388,-4.2500,-75.2500
18389,-4.2500,-75.0000
18390,-4.2500,-74.7500
18391,-4.2500,-74.5000
18392,-4.2500,-74.2500
18393,-4.2500,-74.0000
18394,-4.2500,-73.7500
18395,-4.2500,-73.5000
18396,-4.2500,-73.2500
18397,-4.2500,-73.0000
18398,-4.2500,-72.7500
18399,-4.2500,-72.5000
18400,-4.2500,-72.2500
18401,-4.2500,-72.0000
18402,-4.2500,-71.7500
18403,-4.2500,-71.5000
18404,-4.2500,-71.2500
18405,-4.2500,-71.0000
18406,-4.2500,-70.7500
18407,-4.2500,-70.5000
18408,-4.2500,-70.2500
18409,-4.2500,-70.0000
18410,-4.2500,-69.7500
18411,-4.2500,-69.5000
18412,-4.2500,-69.2500
18413,-4.2500,-69.0000
18414,-4.2500,-68.7500
18415,-4.2500,-68.5000
18416,-4.2500,-68.2500
18417,-4.2500,-68.0000
18418,-4.2500,-67.7500
18419,-4.2500,-67.5000
18420,-4.2500,-67.2500
18421,-4.2500,-67.0000
18422,-4.2500,-66.7500
18423,-4.2500,-66.5000
18424,-4.2500,-66.2500
18425,-4.2500,-66.0000
18426,-4.2500,-65.7500
18427,-4.2500,-65.5000
18428,-4.2500,-65.2500
18429,-4.2500,-65.0000
18430,-4.2500,-64.7500
18431,-4.2500,-64.5000
18432,-4.2500,-64.2500
18433,-4.2500,-64.0000
18434,-4.2500,-63.7500
18435,-4.2500,-63.5000
18436,-4.2500,-63.2500
18437,-4.2500,-63.0000
18438,-4.2500,-62.7500
18439,-4.2500,-62.5000
18440,-4.2500,-62.2500
18441,-4.2500,-62.0000
18442,-4.2500,-61.7500
18443,-4.2500,-61.5000
18444,-4.2500,-61.2500
18445,-4.2500,-61.0000
18446,-4.2500,-60.7500
18447,-4.2500,-60.5000
18448,-4.2500,-60.2500
18449,-4.2500,-60.0000
18450,-4.2500,-59.7500
18451,-4.2500,-59.5000
18452,-4.2500,-59.2500
18453,-4.2500,-59.0000
18454,-4.2500,-58.7500
18455,-4.2500,-58.5000
18456,-4.2500,-58.2500
18457,-4.2500,-58.0000
18458,-4.2500,-57.7500
18459,-4.2500,-57.5000
18460,-4.2500,-57.2500
18461,-4.2500,-57.0000
18462,-4.2500,-56.7500
18463,-4.2500,-56.5000
18464,-4.2500,-56.2500
18465,-4.2500,-56.0000
18466,-4.2500,-55.7500
18467,-4.2500,-55.5000
18468,-4.2500,-55.2500
18469,-4.2500,-55.0000
18470,-4.2500,-54.7500
18471,-4.2500,-54.5000
18472,-4.2500,-54.2500
18473,-4.2500,-54.0000
18474,-4.2500,-53.7500
18475,-4.2500,-53.5000
18476,-4.2500,-53.2500
18477,-4.2500,-53.0000
18478,-4.2500,-52.7500
18479,-4.2500,-52.5000
18480,-4.2500,-52.2500
18481,-4.2500,-52.0000
18482,-4.2500,-51.7500
18483,-4.2500,-51.5000
18484,-4.2500,-51.2500
18485,-4.2500,-51.0000
18486,-4.2500,-50.7500
18487,-4.2500,-50.5000
18488,-4.2500,-50.2500
18489,-4.2500,-50.0000
18490,-4.2500,-49.7500
18491,-4.2500,-49.5000
18492,-4.2500,-49.2500
18493,-4.2500,-49.0000
18494,-4.2500,-48.7500
18495,-4.2500,-48.5000
18496,-4.2500,-48.2500
18497,-4.2500,-48.0000
18498,-4.2500,-47.7500
18499,-4.2500,-47.5000
18500,-4.2500,-47.2500
18501,-4.2500,-47.0000
18502,-4.2500,-46.7500
18545,-4.0000,-79.2500
18546,-4.0000,-79.0000
18547,-4.0000,-78.7500
18548,-4.0000,-78.5000
18549,-4.0000,-78.2500
18550,-4.0000,-78.0000
18551,-4.0000,-77.7500
18552,-4.0000,-77.5000
18553,-4.0000,-77.2500
18554,-4.0000,-77.0000
18555,-4.0000,-76.7500
18556,-4.0000,-76.5000
18557,-4.0000,-76.2500
18558,-4.0000,-76.0000
18559,-4.0000,-75.7500
18560,-4.0000,-75.5000
18561,-4.0000,-75.2500
18562,-4.0000,-75.0000
18563,-4.0000,-74.7500
18564,-4.0000,-74.5000
18565,-4.0000,-74.2500
18566,-4.0000,-74.0000
18567,-4.0000,-73.7500
18568,-4.0000,-73.5000
18569,-4.0000,-73.2500
18570,-4.0000,-73.0000
18571,-4.0000,-72.7500
18572,-4.0000,-72.5000
18573,-4.0000,-72.2500
18574,-4.0000,-72.0000
18575,-4.0000,-71.7500
18576,-4.0000,-71.5000
18577,-4.0000,-71.2500
18578,-4.0000,-71.0000
18579,-4.0000,-70.7500
18580,-4.0000,-70.5000
18581,-4.0000,-70.2500
18582,-4.0000,-70.0000
18583,-4.0000,-69.7500
18584,-4.0000,-69.5000
18585,-4.0000,-69.2500
18586,-4.0000,-69.0000
18587,-4.0000,-68.7500
18588,-4.0000,-68.5000
18589,-4.0000,-68.2500
18590,-4.0000,-68.0000
18591,-4.0000,-67.7500
18592,-4.0000,-67.5000
18593,-4.0000,-67.2500
18594,-4.0000,-67.0000
18595,-4.0000,-66.7500
18596,-4.0000,-66.5000
18597,-4.0000,-66.2500
18598,-4.0000,-66.0000
18599,-4.0000,-65.7500
18600,-4.0000,-65.5000
18601,-4.0000,-65.2500
18602,-4.0000,-65.0000
18603,-4.0000,-64.7500
18604,-4.0000,-64.5000
18605,-4.0000,-64.2500
18606,-4.0000,-64.0000
18607,-4.0000,-63.7500
18608,-4.0000,-63.5000
18609,-4.0000,-63.2500
18610,-4.0000,-63.0000
18611,-4.0000,-62.7500
18612,-4.0000,-62.5000
18613,-4.0000,-62.2500
18614,-4.0000,-62.0000
18615,-4.0000,-61.7500
18616,-4.0000,-61.5000
18617,-4.0000,-61.2500
18618,-4.0000,-61.0000
18619,-4.0000,-60.7500
18620,-4.0000,-60.5000
18621,-4.0000,-60.2500
18622,-4.0000,-60.0000
18623,-4.0000,-59.7500
18624,-4.0000,-59.5000
18625,-4.0000,-59.2500
18626,-4.0000,-59.0000
18627,-4.0000,-58.7500
18628,-4.0000,-58.5000
18629,-4.0000,-58.2500
18630,-4.0000,-58.0000
18631,-4.0000,-57.7500
18632,-4.0000,-57.5000
18633,-4.0000,-57.2500
18634,-4.0000,-57.0000
18635,-4.0000,-56.7500
18636,-4.0000,-56.5000
18637,-4.0000,-56.2500
18638,-4.0000,-56.0000
18639,-4.0000,-55.7500
18640,-4.0000,-55.5000
18641,-4.0000,-55.2500
18642,-4.0000,-55.0000
18643,-4.0000,-54.7500
18644,-4.0000,-54.5000
18645,-4.0000,-54.2500
18646,-4.0000,-54.0000
18647,-4.0000,-53.7500
18648,-4.0000,-53.5000
18649,-4.0000,-53.2500
18650,-4.0000,-53.0000
18651,-4.0000,-52.7500
18652,-4.0000,-52.5000
18653,-4.0000,-52.2500
18654,-4.0000,-52.0000
18655,-4.0000,-51.7500
18656,-4.0000,-51.5000
18657,-4.0000,-51.2500
18658,-4.0000,-51.0000
18659,-4.0000,-50.7500
18660,-4.0000,-50.5000
18661,-4.0000,-50.2500
18662,-4.0000,-50.0000
18663,-4.0000,-49.7500
18664,-4.0000,-49.5000
18665,-4.0000,-49.2500
18666,-4.0000,-49.0000
18667,-4.0000,-48.7500
18668,-4.0000,-48.5000
18669,-4.0000,-48.2500
18670,-4.0000,-48.0000
18671,-4.0000,-47.7500
18672,-4.0000,-47.5000
18673,-4.0000,-47.2500
18674,-4.0000,-47.0000
18675,-4.0000,-46.7500
18676,-4.0000,-46.5000
18715,-3.7500,-79.2500
18716,-3.7500,-79.0000
18717,-3.7500,-78.7500
18718,-3.7500,-78.5000
18719,-3.7500,-78.2500
18720,-3.7500,-78.0000
18721,-3.7500,-77.7500
18722,-3.7500,-77.5000
18723,-3.7500,-77.2500
18724,-3.7500,-77.0000
18725,-3.7500,-76.7500
18726,-3.7500,-76.5000
18727,-3.7500,-76.2500
18728,-3.7500,-76.0000
18729,-3.7500,-75.7500
18730,-3.7500,-75.5000
18731,-3.7500,-75.2500
18732,-3.7500,-75.0000
18733,-3.7500,-74.7500
18734,-3.7500,-74.5000
18735,-3.7500,-74.2500
18736,-3.7500,-74.0000
18737,-3.7500,-73.7500
18738,-3.7500,-73.5000
18739,-3.7500,-73.2500
18740,-3.7500,-73.0000
18741,-3.7500,-72.7500
18742,-3.7500,-72.5000
18743,-3.7500,-72.2500
18744,-3.7500,-72.0000
18745,-3.7500,-71.7500
18746,-3.7500,-71.5000
18747,-3.7500,-71.2500
18748,-3.7500,-71.0000
18749,-3.7500,-70.7500
18750,-3.7500,-70.5000
18751,-3.7500,-70.2500
18752,-3.7500,-70.0000
18753,-3.7500,-69.7500
18754,-3.7500,-69.5000
18755,-3.7500,-69.2500
18756,-3.7500,-69.0000
18757,-3.7500,-68.7500
18758,-3.7500,-68.5000
18759,-3.7500,-68.2500
18760,-3.7500,-68.0000
18761,-3.7500,-67.7500
18762,-3.7500,-67.5000
18763,-3.7500,-67.2500
18764,-3.7500,-67.0000
18765,-3.7500,-66.7500
18766,-3.7500,-66.5000
18767,-3.7500,-66.2500
18768,-3.7500,-66.0000
18769,-3.7500,-65.7500
18770,-3.7500,-65.5000
18771,-3.7500,-65.2500
18772,-3.7500,-65.0000
18773,-3.7500,-64.7500
18774,-3.7500,-64.5000
18775,-3.7500,-64.2500
18776,-3.7500,-64.0000
18777,-3.7500,-63.7500
18778,-3.7500,-63.5000
18779,-3.7500,-63.2500
18780,-3.7500,-63.0000
18781,-3.7500,-62.7500
18782,-3.7500,-62.5000
18783,-3.7500,-62.2500
18784,-3.7500,-62.0000
18785,-3.7500,-61.7500
18786,-3.7500,-61.5000
18787,-3.7500,-61.2500
18788,-3.7500,-61.0000
18789,-3.7500,-60.7500
18790,-3.7500,-60.5000
18791,-3.7500,-60.2500
18792,-3.7500,-60.0000
18793,-3.7500,-59.7500
18794,-3.7500,-59.5000
18795,-3.7500,-59.2500
18796,-3.7500,-59.0000
18797,-3.7500,-58.7500
18798,-3.7500,-58.5000
18799,-3.7500,-58.2500
18800,-3.7500,-58.0000
18801,-3.7500,-57.7500
18802,-3.7500,-57.5000
18803,-3.7500,-57.2500
18804,-3.7500,-57.0000
18805,-3.7500,-56.7500
18806,-3.7500,-56.5000
18807,-3.7500,-56.2500
18808,-3.7500,-56.0000
18809,-3.7500,-55.7500
18810,-3.7500,-55.5000
18811,-3.7500,-55.2500
18812,-3.7500,-55.0000
18813,-3.7500,-54.7500
18814,-3.7500,-54.5000
18815,-3.7500,-54.2500
18816,-3.7500,-54.0000
18817,-3.7500,-53.7500
18818,-3.7500,-53.5000
18819,-3.7500,-53.2500
18820,-3.7500,-53.0000
18821,-3.7500,-52.7500
18822,-3.7500,-52.5000
18823,-3.7500,-52.2500
18824,-3.7500,-52.0000
18825,-3.7500,-51.7500
18826,-3.7500,-51.5000
18827,-3.7500,-51.2500
18828,-3.7500,-51.0000
18829,-3.7500,-50.7500
18830,-3.7500,-50.5000
18831,-3.7500,-50.2500
18832,-3.7500,-50.0000
18833,-3.7500,-49.7500
18834,-3.7500,-49.5000
18835,-3.7500,-49.2500
18836,-3.7500,-49.0000
18837,-3.7500,-48.7500
18838,-3.7500,-48.5000
18839,-3.7500,-48.2500
18840,-3.7500,-48.0000
18841,-3.7500,-47.7500
18842,-3.7500,-47.5000
18843,-3.7500,-47.2500
18844,-3.7500,-47.0000
18845,-3.7500,-46.7500
18846,-3.7500,-46.5000
18847,-3.7500,-46.2500
18884,-3.5000,-79.0000
18885,-3.5000,-78.7500
18886,-3.5000,-78.5000
18887,-3.5000,-78.2500
18888,-3.5000,-78.0000
18889,-3.5000,-77.7500
18890,-3.5000,-77.5000
18891,-3.5000,-77.2500
18892,-3.5000,-77.0000
18893,-3.5000,-76.7500
18894,-3.5000,-76.5000
18895,-3.5000,-76.2500
18896,-3.5000,-76.0000
18897,-3.5000,-75.7500
18898,-3.5000,-75.5000
18899,-3.5000,-75.2500
18900,-3.5000,-75.0000
18901,-3.5000,-74.7500
18902,-3.5000,-74.5000
18903,-3.5000,-74.2500
18904,-3.5000,-74.0000
18905,-3.5000,-73.7500
18906,-3.5000,-73.5000
18907,-3.5000,-73.2500
18908,-3.5000,-73.0000
18909,-3.5000,-72.7500
18910,-3.5000,-72.5000
18911,-3.5000,-72.2500
18912,-3.5000,-72.0000
18913,-3.5000,-71.7500
18914,-3.5000,-71.5000
18915,-3.5000,-71.2500
18916,-3.5000,-71.0000
18917,-3.5000,-70.7500
18918,-3.5000,-70.5000
18919,-3.5000,-70.2500
18920,-3.5000,-70.0000
18921,-3.5000,-69.7500
18922,-3.5000,-69.5000
18923,-3.5000,-69.2500
18924,-3.5000,-69.0000
18925,-3.5000,-68.7500
18926,-3.5000,-68.5000
18927,-3.5000,-68.2500
18928,-3.5000,-68.0000
18929,-3.5000,-67.7500
18930,-3.5000,-67.5000
18931,-3.5000,-67.2500
18932,-3.5000,-67.0000
18933,-3.5000,-66.7500
18934,-3.5000,-66.5000
18935,-3.5000,-66.2500
18936,-3.5000,-66.0000
18937,-3.5000,-65.7500
18938,-3.5000,-65.5000
18939,-3.5000,-65.2500
18940,-3.5000,-65.0000
18941,-3.5000,-64.7500
18942,-3.5000,-64.5000
18943,-3.5000,-64.2500
18944,-3.5000,-64.0000
18945,-3.5000,-63.7500
18946,-3.5000,-63.5000
18947,-3.5000,-63.2500
18948,-3.5000,-63.0000
18949,-3.5000,-62.7500
18950,-3.5000,-62.5000
18951,-3.5000,-62.2500
18952,-3.5000,-62.0000
18953,-3.5000,-61.7500
18954,-3.5000,-61.5000
18955,-3.5000,-61.2500
18956,-3.5000,-61.0000
18957,-3.5000,-60.7500
18958,-3.5000,-60.5000
18959,-3.5000,-60.2500
18960,-3.5000,-60.0000
18961,-3.5000,-59.7500
18962,-3.5000,-59.5000
18963,-3.5000,-59.2500
18964,-3.5000,-59.0000
18965,-3.5000,-58.7500
18966,-3.5000,-58.5000
18967,-3.5000,-58.2500
18968,-3.5000,-58.0000
18969,-3.5000,-57.7500
18970,-3.5000,-57.5000
18971,-3.5000,-57.2500
18972,-3.5000,-57.0000
18973,-3.5000,-56.7500
18974,-3.5000,-56.5000
18975,-3.5000,-56.2500
18976,-3.5000,-56.0000
18977,-3.5000,-55.7500
18978,-3.5000,-55.5000
18979,-3.5000,-55.2500
18980,-3.5000,-55.0000
18981,-3.5000,-54.7500
18982,-3.5000,-54.5000
18983,-3.5000,-54.2500
18984,-3.5000,-54.0000
18985,-3.5000,-53.7500
18986,-3.5000,-53.5000
18987,-3.5000,-53.2500
18988,-3.5000,-53.0000
18989,-3.5000,-52.7500
18990,-3.5000,-52.5000
18991,-3.5000,-52.2500
18992,-3.5000,-52.0000
18993,-3.5000,-51.7500
18994,-3.5000,-51.5000
18995,-3.5000,-51.2500
18996,-3.5000,-51.0000
18997,-3.5000,-50.7500
18998,-3.5000,-50.5000
18999,-3.5000,-50.2500
19000,-3.5000,-50.0000
19001,-3.5000,-49.7500
19002,-3.5000,-49.5000
19003,-3.5000,-49.2500
19004,-3.5000,-49.0000
19005,-3.5000,-48.7500
19006,-3.5000,-48.5000
19007,-3.5000,-48.2500
19008,-3.5000,-48.0000
19009,-3.5000,-47.7500
19010,-3.5000,-47.5000
19011,-3.5000,-47.2500
19012,-3.5000,-47.0000
19013,-3.5000,-46.7500
19014,-3.5000,-46.5000
19015,-3.5000,-46.2500
19016,-3.5000,-46.0000
19017,-3.5000,-45.7500
19018,-3.5000,-45.5000
19019,-3.5000,-45.2500
19050,-3.2500,-78.7500
19051,-3.2500,-78.5000
19052,-3.2500,-78.2500
19053,-3.2500,-78.0000
19054,-3.2500,-77.7500
19055,-3.2500,-77.5000
19056,-3.2500,-77.2500
19057,-3.2500,-77.0000
19058,-3.2500,-76.7500
19059,-3.2500,-76.5000
19060,-3.2500,-76.2500
19061,-3.2500,-76.0000
19062,-3.2500,-75.7500
19063,-3.2500,-75.5000
19064,-3.2500,-75.2500
19065,-3.2500,-75.0000
19066,-3.2500,-74.7500
19067,-3.2500,-74.5000
19068,-3.2500,-74.2500
19069,-3.2500,-74.0000
19070,-3.2500,-73.7500
19071,-3.2500,-73.5000
19072,-3.2500,-73.2500
19073,-3.2500,-73.0000
19074,-3.2500,-72.7500
19075,-3.2500,-72.5000
19076,-3.2500,-72.2500
19077,-3.2500,-72.0000
19078,-3.2500,-71.7500
19079,-3.2500,-71.5000
19080,-3.2500,-71.2500
19081,-3.2500,-71.0000
19082,-3.2500,-70.7500
19083,-3.2500,-70.5000
19084,-3.2500,-70.2500
19085,-3.2500,-70.0000
19086,-3.2500,-69.7500
19087,-3.2500,-69.5000
19088,-3.2500,-69.2500
19089,-3.2500,-69.0000
19090,-3.2500,-68.7500
19091,-3.2500,-68.5000
19092,-3.2500,-68.2500
19093,-3.2500,-68.0000
19094,-3.2500,-67.7500
19095,-3.2500,-67.5000
19096,-3.2500,-67.2500
19097,-3.2500,-67.0000
19098,-3.2500,-66.7500
19099,-3.2500,-66.5000
19100,-3.2500,-66.2500
19101,-3.2500,-66.0000
19102,-3.2500,-65.7500
19103,-3.2500,-65.5000
19104,-3.2500,-65.2500
19105,-3.2500,-65.0000
19106,-3.2500,-64.7500
19107,-3.2500,-64.5000
19108,-3.2500,-64.2500
19109,-3.2500,-64.0000
19110,-3.2500,-63.7500
19111,-3.2500,-63.5000
19112,-3.2500,-63.2500
19113,-3.2500,-63.0000
19114,-3.2500,-62.7500
19115,-3.2500,-62.5000
19116,-3.2500,-62.2500
19117,-3.2500,-62.0000
19118,-3.2500,-61.7500
19119,-3.2500,-61.5000
19120,-3.2500,-61.2500
19121,-3.2500,-61.0000
19122,-3.2500,-60.7500
19123,-3.2500,-60.5000
19124,-3.2500,-60.2500
19125,-3.2500,-60.0000
19126,-3.2500,-59.7500
19127,-3.2500,-59.5000
19128,-3.2500,-59.2500
19129,-3.2500,-59.0000
19130,-3.2500,-58.7500
19131,-3.2500,-58.5000
19132,-3.2500,-58.2500
19133,-3.2500,-58.0000
19134,-3.2500,-57.7500
19135,-3.2500,-57.5000
19136,-3.2500,-57.2500
19137,-3.2500,-57.0000
19138,-3.2500,-56.7500
19139,-3.2500,-56.5000
19140,-3.2500,-56.2500
19141,-3.2500,-56.0000
19142,-3.2500,-55.7500
19143,-3.2500,-55.5000
19144,-3.2500,-55.2500
19145,-3.2500,-55.0000
19146,-3.2500,-54.7500
19147,-3.2500,-54.5000
19148,-3.2500,-54.2500
19149,-3.2500,-54.0000
19150,-3.2500,-53.7500
19151,-3.2500,-53.5000
19152,-3.2500,-53.2500
19153,-3.2500,-53.0000
19154,-3.2500,-52.7500
19155,-3.2500,-52.5000
19156,-3.2500,-52.2500
19157,-3.2500,-52.0000
19158,-3.2500,-51.7500
19159,-3.2500,-51.5000
19160,-3.2500,-51.2500
19161,-3.2500,-51.0000
19162,-3.2500,-50.7500
19163,-3.2500,-50.5000
19164,-3.2500,-50.2500
19165,-3.2500,-50.0000
19166,-3.2500,-49.7500
19167,-3.2500,-49.5000
19168,-3.2500,-49.2500
19169,-3.2500,-49.0000
19170,-3.2500,-48.7500
19171,-3.2500,-48.5000
19172,-3.2500,-48.2500
19173,-3.2500,-48.0000
19174,-3.2500,-47.7500
19175,-3.2500,-47.5000
19176,-3.2500,-47.2500
19177,-3.2500,-47.0000
19178,-3.2500,-46.7500
19179,-3.2500,-46.5000
19180,-3.2500,-46.2500
19181,-3.2500,-46.0000
19182,-3.2500,-45.7500
19183,-3.2500,-45.5000
19184,-3.2500,-45.2500
19185,-3.2500,-45.0000
19211,-3.0000,-79.2500
19212,-3.0000,-79.0000
19213,-3.0000,-78.7500
19214,-3.0000,-78.5000
19215,-3.0000,-78.2500
19216,-3.0000,-78.0000
19217,-3.0000,-77.7500
19218,-3.0000,-77.5000
19219,-3.0000,-77.2500
19220,-3.0000,-77.0000
19221,-3.0000,-76.7500
19222,-3.0000,-76.5000
19223,-3.0000,-76.2500
19224,-3.0000,-76.0000
19225,-3.0000,-75.7500
19226,-3.0000,-75.5000
19227,-3.0000,-75.2500
19228,-3.0000,-75.0000
19229,-3.0000,-74.7500
19230,-3.0000,-74.5000
19231,-3.0000,-74.2500
19232,-3.0000,-74.0000
19233,-3.0000,-73.7500
19234,-3.0000,-73.5000
19235,-3.0000,-73.2500
19236,-3.0000,-73.0000
19237,-3.0000,-72.7500
19238,-3.0000,-72.5000
19239,-3.0000,-72.2500
19240,-3.0000,-72.0000
19241,-3.0000,-71.7500
19242,-3.0000,-71.5000
19243,-3.0000,-71.2500
19244,-3.0000,-71.0000
19245,-3.0000,-70.7500
19246,-3.0000,-70.5000
19247,-3.0000,-70.2500
19248,-3.0000,-70.0000
19249,-3.0000,-69.7500
19250,-3.0000,-69.5000
19251,-3.0000,-69.2500
19252,-3.0000,-69.0000
19253,-3.0000,-68.7500
19254,-3.0000,-68.5000
19255,-3.0000,-68.2500
19256,-3.0000,-68.0000
19257,-3.0000,-67.7500
19258,-3.0000,-67.5000
19259,-3.0000,-67.2500
19260,-3.0000,-67.0000
19261,-3.0000,-66.7500
19262,-3.0000,-66.5000
19263,-3.0000,-66.2500
19264,-3.0000,-66.0000
19265,-3.0000,-65.7500
19266,-3.0000,-65.5000
19267,-3.0000,-65.2500
19268,-3.0000,-65.0000
19269,-3.0000,-64.7500
19270,-3.0000,-64.5000
19271,-3.0000,-64.2500
19272,-3.0000,-64.0000
19273,-3.0000,-63.7500
19274,-3.0000,-63.5000
19275,-3.0000,-63.2500
19276,-3.0000,-63.0000
19277,-3.0000,-62.7500
19278,-3.0000,-62.5000
19279,-3.0000,-62.2500
19280,-3.0000,-62.0000
19281,-3.0000,-61.7500
19282,-3.0000,-61.5000
19283,-3.0000,-61.2500
19284,-3.0000,-61.0000
19285,-3.0000,-60.7500
19286,-3.0000,-60.5000
19287,-3.0000,-60.2500
19288,-3.0000,-60.0000
19289,-3.0000,-59.7500
19290,-3.0000,-59.5000
19291,-3.0000,-59.2500
19292,-3.0000,-59.0000
19293,-3.0000,-58.7500
19294,-3.0000,-58.5000
19295,-3.0000,-58.2500
19296,-3.0000,-58.0000
19297,-3.0000,-57.7500
19298,-3.0000,-57.5000
19299,-3.0000,-57.2500
19300,-3.0000,-57.0000
19301,-3.0000,-56.7500
19302,-3.0000,-56.5000
19303,-3.0000,-56.2500
19304,-3.0000,-56.0000
19305,-3.0000,-55.7500
19306,-3.0000,-55.5000
19307,-3.0000,-55.2500
19308,-3.0000,-55.0000
19309,-3.0000,-54.7500
19310,-3.0000,-54.5000
19311,-3.0000,-54.2500
19312,-3.0000,-54.0000
19313,-3.0000,-53.7500
19314,-3.0000,-53.5000
19315,-3.0000,-53.2500
19316,-3.0000,-53.0000
19317,-3.0000,-52.7500
19318,-3.0000,-52.5000
19319,-3.0000,-52.2500
19320,-3.0000,-52.0000
19321,-3.0000,-51.7500
19322,-3.0000,-51.5000
19323,-3.0000,-51.2500
19324,-3.0000,-51.0000
19325,-3.0000,-50.7500
19326,-3.0000,-50.5000
19327,-3.0000,-50.2500
19328,-3.0000,-50.0000
19329,-3.0000,-49.7500
19330,-3.0000,-49.5000
19331,-3.0000,-49.2500
19332,-3.0000,-49.0000
19333,-3.0000,-48.7500
19334,-3.0000,-48.5000
19335,-3.0000,-48.2500
19336,-3.0000,-48.0000
19337,-3.0000,-47.7500
19338,-3.0000,-47.5000
19339,-3.0000,-47.2500
19340,-3.0000,-47.0000
19341,-3.0000,-46.7500
19342,-3.0000,-46.5000
19343,-3.0000,-46.2500
19344,-3.0000,-46.0000
19345,-3.0000,-45.7500
19346,-3.0000,-45.5000
19347,-3.0000,-45.2500
19348,-3.0000,-45.0000
19349,-3.0000,-44.7500
19372,-2.7500,-79.0000
19373,-2.7500,-78.7500
19374,-2.7500,-78.5000
19375,-2.7500,-78.2500
19376,-2.7500,-78.0000
19377,-2.7500,-77.7500
19378,-2.7500,-77.5000
19379,-2.7500,-77.2500
19380,-2.7500,-77.0000
19381,-2.7500,-76.7500
19382,-2.7500,-76.5000
19383,-2.7500,-76.2500
19384,-2.7500,-76.0000
19385,-2.7500,-75.7500
19386,-2.7500,-75.5000
19387,-2.7500,-75.2500
19388,-2.7500,-75.0000
19389,-2.7500,-74.7500
19390,-2.7500,-74.5000
19391,-2.7500,-74.2500
19392,-2.7500,-74.0000
19393,-2.7500,-73.7500
19394,-2.7500,-73.5000
19395,-2.7500,-73.2500
19396,-2.7500,-73.0000
19397,-2.7500,-72.7500
19398,-2.7500,-72.5000
19399,-2.7500,-72.2500
19400,-2.7500,-72.0000
19401,-2.7500,-71.7500
19402,-2.7500,-71.5000
19403,-2.7500,-71.2500
19404,-2.7500,-71.0000
19405,-2.7500,-70.7500
19406,-2.7500,-70.5000
19407,-2.7500,-70.2500
19408,-2.7500,-70.0000
19409,-2.7500,-69.7500
19410,-2.7500,-69.5000
19411,-2.7500,-69.2500
19412,-2.7500,-69.0000
19413,-2.7500,-68.7500
19414,-2.7500,-68.5000
19415,-2.7500,-68.2500
19416,-2.7500,-68.0000
19417,-2.7500,-67.7500
19418,-2.7500,-67.5000
19419,-2.7500,-67.2500
19420,-2.7500,-67.0000
19421,-2.7500,-66.7500
19422,-2.7500,-66.5000
19423,-2.7500,-66.2500
19424,-2.7500,-66.0000
19425,-2.7500,-65.7500
19426,-2.7500,-65.5000
19427,-2.7500,-65.2500
19428,-2.7500,-65.0000
19429,-2.7500,-64.7500
19430,-2.7500,-64.5000
19431,-2.7500,-64.2500
19432,-2.7500,-64.0000
19433,-2.7500,-63.7500
19434,-2.7500,-63.5000
19435,-2.7500,-63.2500
19436,-2.7500,-63.0000
19437,-2.7500,-62.7500
19438,-2.7500,-62.5000
19439,-2.7500,-62.2500
19440,-2.7500,-62.0000
19441,-2.7500,-61.7500
19442,-2.7500,-61.5000
19443,-2.7500,-61.2500
19444,-2.7500,-61.0000
19445,-2.7500,-60.7500
19446,-2.7500,-60.5000
19447,-2.7500,-60.2500
19448,-2.7500,-60.0000
19449,-2.7500,-59.7500
19450,-2.7500,-59.5000
19451,-2.7500,-59.2500
19452,-2.7500,-59.0000
19453,-2.7500,-58.7500
19454,-2.7500,-58.5000
19455,-2.7500,-58.2500
19456,-2.7500,-58.0000
19457,-2.7500,-57.7500
19458,-2.7500,-57.5000
19459,-2.7500,-57.2500
19460,-2.7500,-57.0000
19461,-2.7500,-56.7500
19462,-2.7500,-56.5000
19463,-2.7500,-56.2500
19464,-2.7500,-56.0000
19465,-2.7500,-55.7500
19466,-2.7500,-55.5000
19467,-2.7500,-55.2500
19468,-2.7500,-55.0000
19469,-2.7500,-54.7500
19470,-2.7500,-54.5000
19471,-2.7500,-54.2500
19472,-2.7500,-54.0000
19473,-2.7500,-53.7500
19474,-2.7500,-53.5000
19475,-2.7500,-53.2500
19476,-2.7500,-53.0000
19477,-2.7500,-52.7500
19478,-2.7500,-52.5000
19479,-2.7500,-52.2500
19480,-2.7500,-52.0000
19481,-2.7500,-51.7500
19482,-2.7500,-51.5000
19483,-2.7500,-51.2500
19484,-2.7500,-51.0000
19485,-2.7500,-50.7500
19486,-2.7500,-50.5000
19487,-2.7500,-50.2500
19488,-2.7500,-50.0000
19489,-2.7500,-49.7500
19490,-2.7500,-49.5000
19491,-2.7500,-49.2500
19492,-2.7500,-49.0000
19493,-2.7500,-48.7500
19494,-2.7500,-48.5000
19495,-2.7500,-48.2500
19496,-2.7500,-48.0000
19497,-2.7500,-47.7500
19498,-2.7500,-47.5000
19499,-2.7500,-47.2500
19500,-2.7500,-47.0000
19501,-2.7500,-46.7500
19502,-2.7500,-46.5000
19503,-2.7500,-46.2500
19504,-2.7500,-46.0000
19505,-2.7500,-45.7500
19506,-2.7500,-45.5000
19507,-2.7500,-45.2500
19508,-2.7500,-45.0000
19509,-2.7500,-44.7500
19526,-2.5000,-78.7500
19527,-2.5000,-78.5000
19528,-2.5000,-78.2500
19529,-2.5000,-78.0000
19530,-2.5000,-77.7500
19531,-2.5000,-77.5000
19532,-2.5000,-77.2500
19533,-2.5000,-77.0000
19534,-2.5000,-76.7500
19535,-2.5000,-76.5000
19536,-2.5000,-76.2500
19537,-2.5000,-76.0000
19538,-2.5000,-75.7500
19539,-2.5000,-75.5000
19540,-2.5000,-75.2500
19541,-2.5000,-75.0000
19542,-2.5000,-74.7500
19543,-2.5000,-74.5000
19544,-2.5000,-74.2500
19545,-2.5000,-74.0000
19546,-2.5000,-73.7500
19547,-2.5000,-73.5000
19548,-2.5000,-73.2500
19549,-2.5000,-73.0000
19550,-2.5000,-72.7500
19551,-2.5000,-72.5000
19552,-2.5000,-72.2500
19553,-2.5000,-72.0000
19554,-2.5000,-71.7500
19555,-2.5000,-71.5000
19556,-2.5000,-71.2500
19557,-2.5000,-71.0000
19558,-2.5000,-70.7500
19559,-2.5000,-70.5000
19560,-2.5000,-70.2500
19561,-2.5000,-70.0000
19562,-2.5000,-69.7500
19563,-2.5000,-69.5000
19564,-2.5000,-69.2500
19565,-2.5000,-69.0000
19566,-2.5000,-68.7500
19567,-2.5000,-68.5000
19568,-2.5000,-68.2500
19569,-2.5000,-68.0000
19570,-2.5000,-67.7500
19571,-2.5000,-67.5000
19572,-2.5000,-67.2500
19573,-2.5000,-67.0000
19574,-2.5000,-66.7500
19575,-2.5000,-66.5000
19576,-2.5000,-66.2500
19577,-2.5000,-66.0000
19578,-2.5000,-65.7500
19579,-2.5000,-65.5000
19580,-2.5000,-65.2500
19581,-2.5000,-65.0000
19582,-2.5000,-64.7500
19583,-2.5000,-64.5000
19584,-2.5000,-64.2500
19585,-2.5000,-64.0000
19586,-2.5000,-63.7500
19587,-2.5000,-63.5000
19588,-2.5000,-63.2500
19589,-2.5000,-63.0000
19590,-2.5000,-62.7500
19591,-2.5000,-62.5000
19592,-2.5000,-62.2500
19593,-2.5000,-62.0000
19594,-2.5000,-61.7500
19595,-2.5000,-61.5000
19596,-2.5000,-61.2500
19597,-2.5000,-61.0000
19598,-2.5000,-60.7500
19599,-2.5000,-60.5000
19600,-2.5000,-60.2500
19601,-2.5000,-60.0000
19602,-2.5000,-59.7500
19603,-2.5000,-59.5000
19604,-2.5000,-59.2500
19605,-2.5000,-59.0000
19606,-2.5000,-58.7500
19607,-2.5000,-58.5000
19608,-2.5000,-58.2500
19609,-2.5000,-58.0000
19610,-2.5000,-57.7500
19611,-2.5000,-57.5000
19612,-2.5000,-57.2500
19613,-2.5000,-57.0000
19614,-2.5000,-56.7500
19615,-2.5000,-56.5000
19616,-2.5000,-56.2500
19617,-2.5000,-56.0000
19618,-2.5000,-55.7500
19619,-2.5000,-55.5000
19620,-2.5000,-55.2500
19621,-2.5000,-55.0000
19622,-2.5000,-54.7500
19623,-2.5000,-54.5000
19624,-2.5000,-54.2500
19625,-2.5000,-54.0000
19626,-2.5000,-53.7500
19627,-2.5000,-53.5000
19628,-2.5000,-53.2500
19629,-2.5000,-53.0000
19630,-2.5000,-52.7500
19631,-2.5000,-52.5000
19632,-2.5000,-52.2500
19633,-2.5000,-52.0000
19634,-2.5000,-51.7500
19635,-2.5000,-51.5000
19636,-2.5000,-51.2500
19637,-2.5000,-51.0000
19638,-2.5000,-50.7500
19639,-2.5000,-50.5000
19640,-2.5000,-50.2500
19641,-2.5000,-50.0000
19642,-2.5000,-49.7500
19643,-2.5000,-49.5000
19644,-2.5000,-49.2500
19645,-2.5000,-49.0000
19646,-2.5000,-48.7500
19647,-2.5000,-48.5000
19648,-2.5000,-48.2500
19649,-2.5000,-48.0000
19650,-2.5000,-47.7500
19651,-2.5000,-47.5000
19652,-2.5000,-47.2500
19653,-2.5000,-47.0000
19654,-2.5000,-46.7500
19655,-2.5000,-46.5000
19656,-2.5000,-46.2500
19657,-2.5000,-46.0000
19658,-2.5000,-45.7500
19659,-2.5000,-45.5000
19660,-2.5000,-45.2500
19661,-2.5000,-45.0000
19662,-2.5000,-44.7500
19675,-2.2500,-78.5000
19676,-2.2500,-78.2500
19677,-2.2500,-78.0000
19678,-2.2500,-77.7500
19679,-2.2500,-77.5000
19680,-2.2500,-77.2500
19681,-2.2500,-77.0000
19682,-2.2500,-76.7500
19683,-2.2500,-76.5000
19684,-2.2500,-76.2500
19685,-2.2500,-76.0000
19686,-2.2500,-75.7500
19687,-2.2500,-75.5000
19688,-2.2500,-75.2500
19689,-2.2500,-75.0000
19690,-2.2500,-74.7500
19691,-2.2500,-74.5000
19692,-2.2500,-74.2500
19693,-2.2500,-74.0000
19694,-2.2500,-73.7500
19695,-2.2500,-73.5000
19696,-2.2500,-73.2500
19697,-2.2500,-73.0000
19698,-2.2500,-72.7500
19699,-2.2500,-72.5000
19700,-2.2500,-72.2500
19701,-2.2500,-72.0000
19702,-2.2500,-71.7500
19703,-2.2500,-71.5000
19704,-2.2500,-71.2500
19705,-2.2500,-71.0000
19706,-2.2500,-70.7500
19707,-2.2500,-70.5000
19708,-2.2500,-70.2500
19709,-2.2500,-70.0000
19710,-2.2500,-69.7500
19711,-2.2500,-69.5000
19712,-2.2500,-69.2500
19713,-2.2500,-69.0000
19714,-2.2500,-68.7500
19715,-2.2500,-68.5000
19716,-2.2500,-68.2500
19717,-2.2500,-68.0000
19718,-2.2500,-67.7500
19719,-2.2500,-67.5000
19720,-2.2500,-67.2500
19721,-2.2500,-67.0000
19722,-2.2500,-66.7500
19723,-2.2500,-66.5000
19724,-2.2500,-66.2500
19725,-2.2500,-66.0000
19726,-2.2500,-65.7500
19727,-2.2500,-65.5000
19728,-2.2500,-65.2500
19729,-2.2500,-65.0000
19730,-2.2500,-64.7500
19731,-2.2500,-64.5000
19732,-2.2500,-64.2500
19733,-2.2500,-64.0000
19734,-2.2500,-63.7500
19735,-2.2500,-63.5000
19736,-2.2500,-63.2500
19737,-2.2500,-63.0000
19738,-2.2500,-62.7500
19739,-2.2500,-62.5000
19740,-2.2500,-62.2500
19741,-2.2500,-62.0000
19742,-2.2500,-61.7500
19743,-2.2500,-61.5000
19744,-2.2500,-61.2500
19745,-2.2500,-61.0000
19746,-2.2500,-60.7500
19747,-2.2500,-60.5000
19748,-2.2500,-60.2500
19749,-2.2500,-60.0000
19750,-2.2500,-59.7500
19751,-2.2500,-59.5000
19752,-2.2500,-59.2500
19753,-2.2500,-59.0000
19754,-2.2500,-58.7500
19755,-2.2500,-58.5000
19756,-2.2500,-58.2500
19757,-2.2500,-58.0000
19758,-2.2500,-57.7500
19759,-2.2500,-57.5000
19760,-2.2500,-57.2500
19761,-2.2500,-57.0000
19762,-2.2500,-56.7500
19763,-2.2500,-56.5000
19764,-2.2500,-56.2500
19765,-2.2500,-56.0000
19766,-2.2500,-55.7500
19767,-2.2500,-55.5000
19768,-2.2500,-55.2500
19769,-2.2500,-55.0000
19770,-2.2500,-54.7500
19771,-2.2500,-54.5000
19772,-2.2500,-54.2500
19773,-2.2500,-54.0000
19774,-2.2500,-53.7500
19775,-2.2500,-53.5000
19776,-2.2500,-53.2500
19777,-2.2500,-53.0000
19778,-2.2500,-52.7500
19779,-2.2500,-52.5000
19780,-2.2500,-52.2500
19781,-2.2500,-52.0000
19782,-2.2500,-51.7500
19783,-2.2500,-51.5000
19784,-2.2500,-51.2500
19785,-2.2500,-51.0000
19786,-2.2500,-50.7500
19787,-2.2500,-50.5000
19788,-2.2500,-50.2500
19789,-2.2500,-50.0000
19790,-2.2500,-49.7500
19791,-2.2500,-49.5000
19792,-2.2500,-49.2500
19793,-2.2500,-49.0000
19794,-2.2500,-48.7500
19795,-2.2500,-48.5000
19796,-2.2500,-48.2500
19797,-2.2500,-48.0000
19798,-2.2500,-47.7500
19799,-2.2500,-47.5000
19800,-2.2500,-47.2500
19801,-2.2500,-47.0000
19802,-2.2500,-46.7500
19803,-2.2500,-46.5000
19804,-2.2500,-46.2500
19805,-2.2500,-46.0000
19806,-2.2500,-45.7500
19807,-2.2500,-45.5000
19808,-2.2500,-45.2500
19809,-2.2500,-45.0000
19820,-2.0000,-78.7500
19821,-2.0000,-78.5000
19822,-2.0000,-78.2500
19823,-2.0000,-78.0000
19824,-2.0000,-77.7500
19825,-2.0000,-77.5000
19826,-2.0000,-77.2500
19827,-2.0000,-77.0000
19828,-2.0000,-76.7500
19829,-2.0000,-76.5000
19830,-2.0000,-76.2500
19831,-2.0000,-76.0000
19832,-2.0000,-75.7500
19833,-2.0000,-75.5000
19834,-2.0000,-75.2500
19835,-2.0000,-75.0000
19836,-2.0000,-74.7500
19837,-2.0000,-74.5000
19838,-2.0000,-74.2500
19839,-2.0000,-74.0000
19840,-2.0000,-73.7500
19841,-2.0000,-73.5000
19842,-2.0000,-73.2500
19843,-2.0000,-73.0000
19844,-2.0000,-72.7500
19845,-2.0000,-72.5000
19846,-2.0000,-72.2500
19847,-2.0000,-72.0000
19848,-2.0000,-71.7500
19849,-2.0000,-71.5000
19850,-2.0000,-71.2500
19851,-2.0000,-71.0000
19852,-2.0000,-70.7500
19853,-2.0000,-70.5000
19854,-2.0000,-70.2500
19855,-2.0000,-70.0000
19856,-2.0000,-69.7500
19857,-2.0000,-69.5000
19858,-2.0000,-69.2500
19859,-2.0000,-69.0000
19860,-2.0000,-68.7500
19861,-2.0000,-68.5000
19862,-2.0000,-68.2500
19863,-2.0000,-68.0000
19864,-2.0000,-67.7500
19865,-2.0000,-67.5000
19866,-2.0000,-67.2500
19867,-2.0000,-67.0000
19868,-2.0000,-66.7500
19869,-2.0000,-66.5000
19870,-2.0000,-66.2500
19871,-2.0000,-66.0000
19872,-2.0000,-65.7500
19873,-2.0000,-65.5000
19874,-2.0000,-65.2500
19875,-2.0000,-65.0000
19876,-2.0000,-64.7500
19877,-2.0000,-64.5000
19878,-2.0000,-64.2500
19879,-2.0000,-64.0000
19880,-2.0000,-63.7500
19881,-2.0000,-63.5000
19882,-2.0000,-63.2500
19883,-2.0000,-63.0000
19884,-2.0000,-62.7500
19885,-2.0000,-62.5000
19886,-2.0000,-62.2500
19887,-2.0000,-62.0000
19888,-2.0000,-61.7500
19889,-2.0000,-61.5000
19890,-2.0000,-61.2500
19891,-2.0000,-61.0000
19892,-2.0000,-60.7500
19893,-2.0000,-60.5000
19894,-2.0000,-60.2500
19895,-2.0000,-60.0000
19896,-2.0000,-59.7500
19897,-2.0000,-59.5000
19898,-2.0000,-59.2500
19899,-2.0000,-59.0000
19900,-2.0000,-58.7500
19901,-2.0000,-58.5000
19902,-2.0000,-58.2500
19903,-2.0000,-58.0000
19904,-2.0000,-57.7500
19905,-2.0000,-57.5000
19906,-2.0000,-57.2500
19907,-2.0000,-57.0000
19908,-2.0000,-56.7500
19909,-2.0000,-56.5000
19910,-2.0000,-56.2500
19911,-2.0000,-56.0000
19912,-2.0000,-55.7500
19913,-2.0000,-55.5000
19914,-2.0000,-55.2500
19915,-2.0000,-55.0000
19916,-2.0000,-54.7500
19917,-2.0000,-54.5000
19918,-2.0000,-54.2500
19919,-2.0000,-54.0000
19920,-2.0000,-53.7500
19921,-2.0000,-53.5000
19922,-2.0000,-53.2500
19923,-2.0000,-53.0000
19924,-2.0000,-52.7500
19925,-2.0000,-52.5000
19926,-2.0000,-52.2500
19927,-2.0000,-52.0000
19928,-2.0000,-51.7500
19929,-2.0000,-51.5000
19930,-2.0000,-51.2500
19931,-2.0000,-51.0000
19932,-2.0000,-50.7500
19933,-2.0000,-50.5000
19934,-2.0000,-50.2500
19935,-2.0000,-50.0000
19936,-2.0000,-49.7500
19937,-2.0000,-49.5000
19938,-2.0000,-49.2500
19939,-2.0000,-49.0000
19940,-2.0000,-48.7500
19941,-2.0000,-48.5000
19942,-2.0000,-48.2500
19943,-2.0000,-48.0000
19944,-2.0000,-47.7500
19945,-2.0000,-47.5000
19946,-2.0000,-47.2500
19947,-2.0000,-47.0000
19948,-2.0000,-46.7500
19949,-2.0000,-46.5000
19950,-2.0000,-46.2500
19951,-2.0000,-46.0000
19952,-2.0000,-45.7500
19953,-2.0000,-45.5000
19954,-2.0000,-45.2500
19955,-2.0000,-45.0000
19956,-2.0000,-44.7500
19965,-1.7500,-78.7500
19966,-1.7500,-78.5000
19967,-1.7500,-78.2500
19968,-1.7500,-78.0000
19969,-1.7500,-77.7500
19970,-1.7500,-77.5000
19971,-1.7500,-77.2500
19972,-1.7500,-77.0000
19973,-1.7500,-76.7500
19974,-1.7500,-76.5000
19975,-1.7500,-76.2500
19976,-1.7500,-76.0000
19977,-1.7500,-75.7500
19978,-1.7500,-75.5000
19979,-1.7500,-75.2500
19980,-1.7500,-75.0000
19981,-1.7500,-74.7500
19982,-1.7500,-74.5000
19983,-1.7500,-74.2500
19984,-1.7500,-74.0000
19985,-1.7500,-73.7500
19986,-1.7500,-73.5000
19987,-1.7500,-73.2500
19988,-1.7500,-73.0000
19989,-1.7500,-72.7500
19990,-1.7500,-72.5000
19991,-1.7500,-72.2500
19992,-1.7500,-72.0000
19993,-1.7500,-71.7500
19994,-1.7500,-71.5000
19995,-1.7500,-71.2500
19996,-1.7500,-71.0000
19997,-1.7500,-70.7500
19998,-1.7500,-70.5000
19999,-1.7500,-70.2500
20000,-1.7500,-70.0000
20001,-1.7500,-69.7500
20002,-1.7500,-69.5000
20003,-1.7500,-69.2500
20004,-1.7500,-69.0000
20005,-1.7500,-68.7500
20006,-1.7500,-68.5000
20007,-1.7500,-68.2500
20008,-1.7500,-68.0000
20009,-1.7500,-67.7500
20010,-1.7500,-67.5000
20011,-1.7500,-67.2500
20012,-1.7500,-67.0000
20013,-1.7500,-66.7500
20014,-1.7500,-66.5000
20015,-1.7500,-66.2500
20016,-1.7500,-66.0000
20017,-1.7500,-65.7500
20018,-1.7500,-65.5000
20019,-1.7500,-65.2500
20020,-1.7500,-65.0000
20021,-1.7500,-64.7500
20022,-1.7500,-64.5000
20023,-1.7500,-64.2500
20024,-1.7500,-64.0000
20025,-1.7500,-63.7500
20026,-1.7500,-63.5000
20027,-1.7500,-63.2500
20028,-1.7500,-63.0000
20029,-1.7500,-62.7500
20030,-1.7500,-62.5000
20031,-1.7500,-62.2500
20032,-1.7500,-62.0000
20033,-1.7500,-61.7500
20034,-1.7500,-61.5000
20035,-1.7500,-61.2500
20036,-1.7500,-61.0000
20037,-1.7500,-60.7500
20038,-1.7500,-60.5000
20039,-1.7500,-60.2500
20040,-1.7500,-60.0000
20041,-1.7500,-59.7500
20042,-1.7500,-59.5000
20043,-1.7500,-59.2500
20044,-1.7500,-59.0000
20045,-1.7500,-58.7500
20046,-1.7500,-58.5000
20047,-1.7500,-58.2500
20048,-1.7500,-58.0000
20049,-1.7500,-57.7500
20050,-1.7500,-57.5000
20051,-1.7500,-57.2500
20052,-1.7500,-57.0000
20053,-1.7500,-56.7500
20054,-1.7500,-56.5000
20055,-1.7500,-56.2500
20056,-1.7500,-56.0000
20057,-1.7500,-55.7500
20058,-1.7500,-55.5000
20059,-1.7500,-55.2500
20060,-1.7500,-55.0000
20061,-1.7500,-54.7500
20062,-1.7500,-54.5000
20063,-1.7500,-54.2500
20064,-1.7500,-54.0000
20065,-1.7500,-53.7500
20066,-1.7500,-53.5000
20067,-1.7500,-53.2500
20068,-1.7500,-53.0000
20069,-1.7500,-52.7500
20070,-1.7500,-52.5000
20071,-1.7500,-52.2500
20072,-1.7500,-52.0000
20073,-1.7500,-51.7500
20074,-1.7500,-51.5000
20075,-1.7500,-51.2500
20076,-1.7500,-51.0000
20077,-1.7500,-50.7500
20078,-1.7500,-50.5000
20079,-1.7500,-50.2500
20080,-1.7500,-50.0000
20081,-1.7500,-49.7500
20084,-1.7500,-49.0000
20085,-1.7500,-48.7500
20086,-1.7500,-48.5000
20087,-1.7500,-48.2500
20088,-1.7500,-48.0000
20089,-1.7500,-47.7500
20090,-1.7500,-47.5000
20091,-1.7500,-47.2500
20092,-1.7500,-47.0000
20093,-1.7500,-46.7500
20094,-1.7500,-46.5000
20095,-1.7500,-46.2500
20096,-1.7500,-46.0000
20097,-1.7500,-45.7500
20099,-1.7500,-45.2500
20100,-1.7500,-45.0000
20110,-1.5000,-78.7500
20111,-1.5000,-78.5000
20112,-1.5000,-78.2500
20113,-1.5000,-78.0000
20114,-1.5000,-77.7500
20115,-1.5000,-77.5000
20116,-1.5000,-77.2500
20117,-1.5000,-77.0000
20118,-1.5000,-76.7500
20119,-1.5000,-76.5000
20120,-1.5000,-76.2500
20121,-1.5000,-76.0000
20122,-1.5000,-75.7500
20123,-1.5000,-75.5000
20124,-1.5000,-75.2500
20125,-1.5000,-75.0000
20126,-1.5000,-74.7500
20127,-1.5000,-74.5000
20128,-1.5000,-74.2500
20129,-1.5000,-74.0000
20130,-1.5000,-73.7500
20131,-1.5000,-73.5000
20132,-1.5000,-73.2500
20133,-1.5000,-73.0000
20134,-1.5000,-72.7500
20135,-1.5000,-72.5000
20136,-1.5000,-72.2500
20137,-1.5000,-72.0000
20138,-1.5000,-71.7500
20139,-1.5000,-71.5000
20140,-1.5000,-71.2500
20141,-1.5000,-71.0000
20142,-1.5000,-70.7500
20143,-1.5000,-70.5000
20144,-1.5000,-70.2500
20145,-1.5000,-70.0000
20146,-1.5000,-69.7500
20147,-1.5000,-69.5000
20148,-1.5000,-69.2500
20149,-1.5000,-69.0000
20150,-1.5000,-68.7500
20151,-1.5000,-68.5000
20152,-1.5000,-68.2500
20153,-1.5000,-68.0000
20154,-1.5000,-67.7500
20155,-1.5000,-67.5000
20156,-1.5000,-67.2500
20157,-1.5000,-67.0000
20158,-1.5000,-66.7500
20159,-1.5000,-66.5000
20160,-1.5000,-66.2500
20161,-1.5000,-66.0000
20162,-1.5000,-65.7500
20163,-1.5000,-65.5000
20164,-1.5000,-65.2500
20165,-1.5000,-65.0000
20166,-1.5000,-64.7500
20167,-1.5000,-64.5000
20168,-1.5000,-64.2500
20169,-1.5000,-64.0000
20170,-1.5000,-63.7500
20171,-1.5000,-63.5000
20172,-1.5000,-63.2500
20173,-1.5000,-63.0000
20174,-1.5000,-62.7500
20175,-1.5000,-62.5000
20176,-1.5000,-62.2500
20177,-1.5000,-62.0000
20178,-1.5000,-61.7500
20179,-1.5000,-61.5000
20180,-1.5000,-61.2500
20181,-1.5000,-61.0000
20182,-1.5000,-60.7500
20183,-1.5000,-60.5000
20184,-1.5000,-60.2500
20185,-1.5000,-60.0000
20186,-1.5000,-59.7500
20187,-1.5000,-59.5000
20188,-1.5000,-59.2500
20189,-1.5000,-59.0000
20190,-1.5000,-58.7500
20191,-1.5000,-58.5000
20192,-1.5000,-58.2500
20193,-1.5000,-58.0000
20194,-1.5000,-57.7500
20195,-1.5000,-57.5000
20196,-1.5000,-57.2500
20197,-1.5000,-57.0000
20198,-1.5000,-56.7500
20199,-1.5000,-56.5000
20200,-1.5000,-56.2500
20201,-1.5000,-56.0000
20202,-1.5000,-55.7500
20203,-1.5000,-55.5000
20204,-1.5000,-55.2500
20205,-1.5000,-55.0000
20206,-1.5000,-54.7500
20207,-1.5000,-54.5000
20208,-1.5000,-54.2500
20209,-1.5000,-54.0000
20210,-1.5000,-53.7500
20211,-1.5000,-53.5000
20212,-1.5000,-53.2500
20213,-1.5000,-53.0000
20214,-1.5000,-52.7500
20215,-1.5000,-52.5000
20216,-1.5000,-52.2500
20217,-1.5000,-52.0000
20218,-1.5000,-51.7500
20219,-1.5000,-51.5000
20220,-1.5000,-51.2500
20221,-1.5000,-51.0000
20222,-1.5000,-50.7500
20223,-1.5000,-50.5000
20224,-1.5000,-50.2500
20225,-1.5000,-50.0000
20226,-1.5000,-49.7500
20227,-1.5000,-49.5000
20228,-1.5000,-49.2500
20229,-1.5000,-49.0000
20232,-1.5000,-48.2500
20233,-1.5000,-48.0000
20234,-1.5000,-47.7500
20235,-1.5000,-47.5000
20236,-1.5000,-47.2500
20237,-1.5000,-47.0000
20238,-1.5000,-46.7500
20239,-1.5000,-46.5000
20240,-1.5000,-46.2500
20241,-1.5000,-46.0000
20242,-1.5000,-45.7500
20253,-1.2500,-78.7500
20254,-1.2500,-78.5000
20255,-1.2500,-78.2500
20256,-1.2500,-78.0000
20257,-1.2500,-77.7500
20258,-1.2500,-77.5000
20259,-1.2500,-77.2500
20260,-1.2500,-77.0000
20261,-1.2500,-76.7500
20262,-1.2500,-76.5000
20263,-1.2500,-76.2500
20264,-1.2500,-76.0000
20265,-1.2500,-75.7500
20266,-1.2500,-75.5000
20267,-1.2500,-75.2500
20268,-1.2500,-75.0000
20269,-1.2500,-74.7500
20270,-1.2500,-74.5000
20271,-1.2500,-74.2500
20272,-1.2500,-74.0000
20273,-1.2500,-73.7500
20274,-1.2500,-73.5000
20275,-1.2500,-73.2500
20276,-1.2500,-73.0000
20277,-1.2500,-72.7500
20278,-1.2500,-72.5000
20279,-1.2500,-72.2500
20280,-1.2500,-72.0000
20281,-1.2500,-71.7500
20282,-1.2500,-71.5000
20283,-1.2500,-71.2500
20284,-1.2500,-71.0000
20285,-1.2500,-70.7500
20286,-1.2500,-70.5000
20287,-1.2500,-70.2500
20288,-1.2500,-70.0000
20289,-1.2500,-69.7500
20290,-1.2500,-69.5000
20291,-1.2500,-69.2500
20292,-1.2500,-69.0000
20293,-1.2500,-68.7500
20294,-1.2500,-68.5000
20295,-1.2500,-68.2500
20296,-1.2500,-68.0000
20297,-1.2500,-67.7500
20298,-1.2500,-67.5000
20299,-1.2500,-67.2500
20300,-1.2500,-67.0000
20301,-1.2500,-66.7500
20302,-1.2500,-66.5000
20303,-1.2500,-66.2500
20304,-1.2500,-66.0000
20305,-1.2500,-65.7500
20306,-1.2500,-65.5000
20307,-1.2500,-65.2500
20308,-1.2500,-65.0000
20309,-1.2500,-64.7500
20310,-1.2500,-64.5000
20311,-1.2500,-64.2500
20312,-1.2500,-64.0000
20313,-1.2500,-63.7500
20314,-1.2500,-63.5000
20315,-1.2500,-63.2500
20316,-1.2500,-63.0000
20317,-1.2500,-62.7500
20318,-1.2500,-62.5000
20319,-1.2500,-62.2500
20320,-1.2500,-62.0000
20321,-1.2500,-61.7500
20322,-1.2500,-61.5000
20323,-1.2500,-61.2500
20324,-1.2500,-61.0000
20325,-1.2500,-60.7500
20326,-1.2500,-60.5000
20327,-1.2500,-60.2500
20328,-1.2500,-60.0000
20329,-1.2500,-59.7500
20330,-1.2500,-59.5000
20331,-1.2500,-59.2500
20332,-1.2500,-59.0000
20333,-1.2500,-58.7500
20334,-1.2500,-58.5000
20335,-1.2500,-58.2500
20336,-1.2500,-58.0000
20337,-1.2500,-57.7500
20338,-1.2500,-57.5000
20339,-1.2500,-57.2500
20340,-1.2500,-57.0000
20341,-1.2500,-56.7500
20342,-1.2500,-56.5000
20343,-1.2500,-56.2500
20344,-1.2500,-56.0000
20345,-1.2500,-55.7500
20346,-1.2500,-55.5000
20347,-1.2500,-55.2500
20348,-1.2500,-55.0000
20349,-1.2500,-54.7500
20350,-1.2500,-54.5000
20351,-1.2500,-54.2500
20352,-1.2500,-54.0000
20353,-1.2500,-53.7500
20354,-1.2500,-53.5000
20355,-1.2500,-53.2500
20356,-1.2500,-53.0000
20357,-1.2500,-52.7500
20358,-1.2500,-52.5000
20359,-1.2500,-52.2500
20360,-1.2500,-52.0000
20361,-1.2500,-51.7500
20362,-1.2500,-51.5000
20363,-1.2500,-51.2500
20364,-1.2500,-51.0000
20365,-1.2500,-50.7500
20366,-1.2500,-50.5000
20367,-1.2500,-50.2500
20368,-1.2500,-50.0000
20369,-1.2500,-49.7500
20370,-1.2500,-49.5000
20371,-1.2500,-49.2500
20372,-1.2500,-49.0000
20375,-1.2500,-48.2500
20376,-1.2500,-48.0000
20377,-1.2500,-47.7500
20378,-1.2500,-47.5000
20379,-1.2500,-47.2500
20380,-1.2500,-47.0000
20381,-1.2500,-46.7500
20382,-1.2500,-46.5000
20394,-1.0000,-78.7500
20395,-1.0000,-78.5000
20396,-1.0000,-78.2500
20397,-1.0000,-78.0000
20398,-1.0000,-77.7500
20399,-1.0000,-77.5000
20400,-1.0000,-77.2500
20401,-1.0000,-77.0000
20402,-1.0000,-76.7500
20403,-1.0000,-76.5000
20404,-1.0000,-76.2500
20405,-1.0000,-76.0000
20406,-1.0000,-75.7500
20407,-1.0000,-75.5000
20408,-1.0000,-75.2500
20409,-1.0000,-75.0000
20410,-1.0000,-74.7500
20411,-1.0000,-74.5000
20412,-1.0000,-74.2500
20413,-1.0000,-74.0000
20414,-1.0000,-73.7500
20415,-1.0000,-73.5000
20416,-1.0000,-73.2500
20417,-1.0000,-73.0000
20418,-1.0000,-72.7500
20419,-1.0000,-72.5000
20420,-1.0000,-72.2500
20421,-1.0000,-72.0000
20422,-1.0000,-71.7500
20423,-1.0000,-71.5000
20424,-1.0000,-71.2500
20425,-1.0000,-71.0000
20426,-1.0000,-70.7500
20427,-1.0000,-70.5000
20428,-1.0000,-70.2500
20429,-1.0000,-70.0000
20430,-1.0000,-69.7500
20431,-1.0000,-69.5000
20432,-1.0000,-69.2500
20433,-1.0000,-69.0000
20434,-1.0000,-68.7500
20435,-1.0000,-68.5000
20436,-1.0000,-68.2500
20437,-1.0000,-68.0000
20438,-1.0000,-67.7500
20439,-1.0000,-67.5000
20440,-1.0000,-67.2500
20441,-1.0000,-67.0000
20442,-1.0000,-66.7500
20443,-1.0000,-66.5000
20444,-1.0000,-66.2500
20445,-1.0000,-66.0000
20446,-1.0000,-65.7500
20447,-1.0000,-65.5000
20448,-1.0000,-65.2500
20449,-1.0000,-65.0000
20450,-1.0000,-64.7500
20451,-1.0000,-64.5000
20452,-1.0000,-64.2500
20453,-1.0000,-64.0000
20454,-1.0000,-63.7500
20455,-1.0000,-63.5000
20456,-1.0000,-63.2500
20457,-1.0000,-63.0000
20458,-1.0000,-62.7500
20459,-1.0000,-62.5000
20460,-1.0000,-62.2500
20461,-1.0000,-62.0000
20462,-1.0000,-61.7500
20463,-1.0000,-61.5000
20464,-1.0000,-61.2500
20465,-1.0000,-61.0000
20466,-1.0000,-60.7500
20467,-1.0000,-60.5000
20468,-1.0000,-60.2500
20469,-1.0000,-60.0000
20470,-1.0000,-59.7500
20471,-1.0000,-59.5000
20472,-1.0000,-59.2500
20473,-1.0000,-59.0000
20474,-1.0000,-58.7500
20475,-1.0000,-58.5000
20476,-1.0000,-58.2500
20477,-1.0000,-58.0000
20478,-1.0000,-57.7500
20479,-1.0000,-57.5000
20480,-1.0000,-57.2500
20481,-1.0000,-57.0000
20482,-1.0000,-56.7500
20483,-1.0000,-56.5000
20484,-1.0000,-56.2500
20485,-1.0000,-56.0000
20486,-1.0000,-55.7500
20487,-1.0000,-55.5000
20488,-1.0000,-55.2500
20489,-1.0000,-55.0000
20490,-1.0000,-54.7500
20491,-1.0000,-54.5000
20492,-1.0000,-54.2500
20493,-1.0000,-54.0000
20494,-1.0000,-53.7500
20495,-1.0000,-53.5000
20496,-1.0000,-53.2500
20497,-1.0000,-53.0000
20498,-1.0000,-52.7500
20499,-1.0000,-52.5000
20500,-1.0000,-52.2500
20501,-1.0000,-52.0000
20502,-1.0000,-51.7500
20503,-1.0000,-51.5000
20504,-1.0000,-51.2500
20505,-1.0000,-51.0000
20506,-1.0000,-50.7500
20507,-1.0000,-50.5000
20508,-1.0000,-50.2500
20509,-1.0000,-50.0000
20510,-1.0000,-49.7500
20511,-1.0000,-49.5000
20512,-1.0000,-49.2500
20513,-1.0000,-49.0000
20514,-1.0000,-48.7500
20515,-1.0000,-48.2500
20516,-1.0000,-48.0000
20517,-1.0000,-47.7500
20518,-1.0000,-47.5000
20519,-1.0000,-47.2500
20520,-1.0000,-47.0000
20530,-0.7500,-78.7500
20531,-0.7500,-78.5000
20532,-0.7500,-78.2500
20533,-0.7500,-78.0000
20534,-0.7500,-77.7500
20535,-0.7500,-77.5000
20536,-0.7500,-77.2500
20537,-0.7500,-77.0000
20538,-0.7500,-76.7500
20539,-0.7500,-76.5000
20540,-0.7500,-76.2500
20541,-0.7500,-76.0000
20542,-0.7500,-75.7500
20543,-0.7500,-75.5000
20544,-0.7500,-75.2500
20545,-0.7500,-75.0000
20546,-0.7500,-74.7500
20547,-0.7500,-74.5000
20548,-0.7500,-74.2500
20549,-0.7500,-74.0000
20550,-0.7500,-73.7500
20551,-0.7500,-73.5000
20552,-0.7500,-73.2500
20553,-0.7500,-73.0000
20554,-0.7500,-72.7500
20555,-0.7500,-72.5000
20556,-0.7500,-72.2500
20557,-0.7500,-72.0000
20558,-0.7500,-71.7500
20559,-0.7500,-71.5000
20560,-0.7500,-71.2500
20561,-0.7500,-71.0000
20562,-0.7500,-70.7500
20563,-0.7500,-70.5000
20564,-0.7500,-70.2500
20565,-0.7500,-70.0000
20566,-0.7500,-69.7500
20567,-0.7500,-69.5000
20568,-0.7500,-69.2500
20569,-0.7500,-69.0000
20570,-0.7500,-68.7500
20571,-0.7500,-68.5000
20572,-0.7500,-68.2500
20573,-0.7500,-68.0000
20574,-0.7500,-67.7500
20575,-0.7500,-67.5000
20576,-0.7500,-67.2500
20577,-0.7500,-67.0000
20578,-0.7500,-66.7500
20579,-0.7500,-66.5000
20580,-0.7500,-66.2500
20581,-0.7500,-66.0000
20582,-0.7500,-65.7500
20583,-0.7500,-65.5000
20584,-0.7500,-65.2500
20585,-0.7500,-65.0000
20586,-0.7500,-64.7500
20587,-0.7500,-64.5000
20588,-0.7500,-64.2500
20589,-0.7500,-64.0000
20590,-0.7500,-63.7500
20591,-0.7500,-63.5000
20592,-0.7500,-63.2500
20593,-0.7500,-63.0000
20594,-0.7500,-62.7500
20595,-0.7500,-62.5000
20596,-0.7500,-62.2500
20597,-0.7500,-62.0000
20598,-0.7500,-61.7500
20599,-0.7500,-61.5000
20600,-0.7500,-61.2500
20601,-0.7500,-61.0000
20602,-0.7500,-60.7500
20603,-0.7500,-60.5000
20604,-0.7500,-60.2500
20605,-0.7500,-60.0000
20606,-0.7500,-59.7500
20607,-0.7500,-59.5000
20608,-0.7500,-59.2500
20609,-0.7500,-59.0000
20610,-0.7500,-58.7500
20611,-0.7500,-58.5000
20612,-0.7500,-58.2500
20613,-0.7500,-58.0000
20614,-0.7500,-57.7500
20615,-0.7500,-57.5000
20616,-0.7500,-57.2500
20617,-0.7500,-57.0000
20618,-0.7500,-56.7500
20619,-0.7500,-56.5000
20620,-0.7500,-56.2500
20621,-0.7500,-56.0000
20622,-0.7500,-55.7500
20623,-0.7500,-55.5000
20624,-0.7500,-55.2500
20625,-0.7500,-55.0000
20626,-0.7500,-54.7500
20627,-0.7500,-54.5000
20628,-0.7500,-54.2500
20629,-0.7500,-54.0000
20630,-0.7500,-53.7500
20631,-0.7500,-53.5000
20632,-0.7500,-53.2500
20633,-0.7500,-53.0000
20634,-0.7500,-52.7500
20635,-0.7500,-52.5000
20636,-0.7500,-52.2500
20637,-0.7500,-52.0000
20638,-0.7500,-51.7500
20639,-0.7500,-51.5000
20640,-0.7500,-51.2500
20641,-0.7500,-51.0000
20642,-0.7500,-50.7500
20643,-0.7500,-50.5000
20644,-0.7500,-50.2500
20645,-0.7500,-50.0000
20646,-0.7500,-49.7500
20647,-0.7500,-49.5000
20648,-0.7500,-49.2500
20649,-0.7500,-49.0000
20650,-0.7500,-48.7500
20663,-0.5000,-78.2500
20664,-0.5000,-78.0000
20665,-0.5000,-77.7500
20666,-0.5000,-77.5000
20667,-0.5000,-77.2500
20668,-0.5000,-77.0000
20669,-0.5000,-76.7500
20670,-0.5000,-76.5000
20671,-0.5000,-76.2500
20672,-0.5000,-76.0000
20673,-0.5000,-75.7500
20674,-0.5000,-75.5000
20675,-0.5000,-75.2500
20676,-0.5000,-75.0000
20677,-0.5000,-74.7500
20678,-0.5000,-74.5000
20679,-0.5000,-74.2500
20680,-0.5000,-74.0000
20681,-0.5000,-73.7500
20682,-0.5000,-73.5000
20683,-0.5000,-73.2500
20684,-0.5000,-73.0000
20685,-0.5000,-72.7500
20686,-0.5000,-72.5000
20687,-0.5000,-72.2500
20688,-0.5000,-72.0000
20689,-0.5000,-71.7500
20690,-0.5000,-71.5000
20691,-0.5000,-71.2500
20692,-0.5000,-71.0000
20693,-0.5000,-70.7500
20694,-0.5000,-70.5000
20695,-0.5000,-70.2500
20696,-0.5000,-70.0000
20697,-0.5000,-69.7500
20698,-0.5000,-69.5000
20699,-0.5000,-69.2500
20700,-0.5000,-69.0000
20701,-0.5000,-68.7500
20702,-0.5000,-68.5000
20703,-0.5000,-68.2500
20704,-0.5000,-68.0000
20705,-0.5000,-67.7500
20706,-0.5000,-67.5000
20707,-0.5000,-67.2500
20708,-0.5000,-67.0000
20709,-0.5000,-66.7500
20710,-0.5000,-66.5000
20711,-0.5000,-66.2500
20712,-0.5000,-66.0000
20713,-0.5000,-65.7500
20714,-0.5000,-65.5000
20715,-0.5000,-65.2500
20716,-0.5000,-65.0000
20717,-0.5000,-64.7500
20718,-0.5000,-64.5000
20719,-0.5000,-64.2500
20720,-0.5000,-64.0000
20721,-0.5000,-63.7500
20722,-0.5000,-63.5000
20723,-0.5000,-63.2500
20724,-0.5000,-63.0000
20725,-0.5000,-62.7500
20726,-0.5000,-62.5000
20727,-0.5000,-62.2500
20728,-0.5000,-62.0000
20729,-0.5000,-61.7500
20730,-0.5000,-61.5000
20731,-0.5000,-61.2500
20732,-0.5000,-61.0000
20733,-0.5000,-60.7500
20734,-0.5000,-60.5000
20735,-0.5000,-60.2500
20736,-0.5000,-60.0000
20737,-0.5000,-59.7500
20738,-0.5000,-59.5000
20739,-0.5000,-59.2500
20740,-0.5000,-59.0000
20741,-0.5000,-58.7500
20742,-0.5000,-58.5000
20743,-0.5000,-58.2500
20744,-0.5000,-58.0000
20745,-0.5000,-57.7500
20746,-0.5000,-57.5000
20747,-0.5000,-57.2500
20748,-0.5000,-57.0000
20749,-0.5000,-56.7500
20750,-0.5000,-56.5000
20751,-0.5000,-56.2500
20752,-0.5000,-56.0000
20753,-0.5000,-55.7500
20754,-0.5000,-55.5000
20755,-0.5000,-55.2500
20756,-0.5000,-55.0000
20757,-0.5000,-54.7500
20758,-0.5000,-54.5000
20759,-0.5000,-54.2500
20760,-0.5000,-54.0000
20761,-0.5000,-53.7500
20762,-0.5000,-53.5000
20763,-0.5000,-53.2500
20764,-0.5000,-53.0000
20765,-0.5000,-52.7500
20766,-0.5000,-52.5000
20767,-0.5000,-52.2500
20768,-0.5000,-52.0000
20769,-0.5000,-51.7500
20770,-0.5000,-51.5000
20771,-0.5000,-51.2500
20772,-0.5000,-51.0000
20774,-0.5000,-50.5000
20775,-0.5000,-50.2500
20776,-0.5000,-50.0000
20777,-0.5000,-49.7500
20778,-0.5000,-49.5000
20779,-0.5000,-49.2500
20780,-0.5000,-49.0000
20781,-0.5000,-48.7500
20791,-0.2500,-78.0000
20792,-0.2500,-77.7500
20793,-0.2500,-77.5000
20794,-0.2500,-77.2500
20795,-0.2500,-77.0000
20796,-0.2500,-76.7500
20797,-0.2500,-76.5000
20798,-0.2500,-76.2500
20799,-0.2500,-76.0000
20800,-0.2500,-75.7500
20801,-0.2500,-75.5000
20802,-0.2500,-75.2500
20803,-0.2500,-75.0000
20804,-0.2500,-74.7500
20805,-0.2500,-74.5000
20806,-0.2500,-74.2500
20807,-0.2500,-74.0000
20808,-0.2500,-73.7500
20809,-0.2500,-73.5000
20810,-0.2500,-73.2500
20811,-0.2500,-73.0000
20812,-0.2500,-72.7500
20813,-0.2500,-72.5000
20814,-0.2500,-72.2500
20815,-0.2500,-72.0000
20816,-0.2500,-71.7500
20817,-0.2500,-71.5000
20818,-0.2500,-71.2500
20819,-0.2500,-71.0000
20820,-0.2500,-70.7500
20821,-0.2500,-70.5000
20822,-0.2500,-70.2500
20823,-0.2500,-70.0000
20824,-0.2500,-69.7500
20825,-0.2500,-69.5000
20826,-0.2500,-69.2500
20827,-0.2500,-69.0000
20828,-0.2500,-68.7500
20829,-0.2500,-68.5000
20830,-0.2500,-68.2500
20831,-0.2500,-68.0000
20832,-0.2500,-67.7500
20833,-0.2500,-67.5000
20834,-0.2500,-67.2500
20835,-0.2500,-67.0000
20836,-0.2500,-66.7500
20837,-0.2500,-66.5000
20838,-0.2500,-66.2500
20839,-0.2500,-66.0000
20840,-0.2500,-65.7500
20841,-0.2500,-65.5000
20842,-0.2500,-65.2500
20843,-0.2500,-65.0000
20844,-0.2500,-64.7500
20845,-0.2500,-64.5000
20846,-0.2500,-64.2500
20847,-0.2500,-64.0000
20848,-0.2500,-63.7500
20849,-0.2500,-63.5000
20850,-0.2500,-63.2500
20851,-0.2500,-63.0000
20852,-0.2500,-62.7500
20853,-0.2500,-62.5000
20854,-0.2500,-62.2500
20855,-0.2500,-62.0000
20856,-0.2500,-61.7500
20857,-0.2500,-61.5000
20858,-0.2500,-61.2500
20859,-0.2500,-61.0000
20860,-0.2500,-60.7500
20861,-0.2500,-60.5000
20862,-0.2500,-60.2500
20863,-0.2500,-60.0000
20864,-0.2500,-59.7500
20865,-0.2500,-59.5000
20866,-0.2500,-59.2500
20867,-0.2500,-59.0000
20868,-0.2500,-58.7500
20869,-0.2500,-58.5000
20870,-0.2500,-58.2500
20871,-0.2500,-58.0000
20872,-0.2500,-57.7500
20873,-0.2500,-57.5000
20874,-0.2500,-57.2500
20875,-0.2500,-57.0000
20876,-0.2500,-56.7500
20877,-0.2500,-56.5000
20878,-0.2500,-56.2500
20879,-0.2500,-56.0000
20880,-0.2500,-55.7500
20881,-0.2500,-55.5000
20882,-0.2500,-55.2500
20883,-0.2500,-55.0000
20884,-0.2500,-54.7500
20885,-0.2500,-54.5000
20886,-0.2500,-54.2500
20887,-0.2500,-54.0000
20888,-0.2500,-53.7500
20889,-0.2500,-53.5000
20890,-0.2500,-53.2500
20891,-0.2500,-53.0000
20892,-0.2500,-52.7500
20893,-0.2500,-52.5000
20894,-0.2500,-52.2500
20895,-0.2500,-52.0000
20896,-0.2500,-51.7500
20897,-0.2500,-51.5000
20898,-0.2500,-51.2500
20899,-0.2500,-51.0000
20900,-0.2500,-50.7500
20901,-0.2500,-50.5000
20902,-0.2500,-50.2500
20903,-0.2500,-50.0000
20904,-0.2500,-49.7500
20905,-0.2500,-49.5000
20906,-0.2500,-49.2500
20907,-0.2500,-49.0000
20908,-0.2500,-48.7500
20918,0.0000,-77.7500
20919,0.0000,-77.5000
20920,0.0000,-77.2500
20921,0.0000,-77.0000
20922,0.0000,-76.7500
20923,0.0000,-76.5000
20924,0.0000,-76.2500
20925,0.0000,-76.0000
20926,0.0000,-75.7500
20927,0.0000,-75.5000
20928,0.0000,-75.2500
20929,0.0000,-75.0000
20930,0.0000,-74.7500
20931,0.0000,-74.5000
20932,0.0000,-74.2500
20933,0.0000,-74.0000
20934,0.0000,-73.7500
20935,0.0000,-73.5000
20936,0.0000,-73.2500
20937,0.0000,-73.0000
20938,0.0000,-72.7500
20939,0.0000,-72.5000
20940,0.0000,-72.2500
20941,0.0000,-72.0000
20942,0.0000,-71.7500
20943,0.0000,-71.5000
20944,0.0000,-71.2500
20945,0.0000,-71.0000
20946,0.0000,-70.7500
20947,0.0000,-70.5000
20948,0.0000,-70.2500
20949,0.0000,-70.0000
20950,0.0000,-69.7500
20951,0.0000,-69.5000
20952,0.0000,-69.2500
20953,0.0000,-69.0000
20954,0.0000,-68.7500
20955,0.0000,-68.5000
20956,0.0000,-68.2500
20957,0.0000,-68.0000
20958,0.0000,-67.7500
20959,0.0000,-67.5000
20960,0.0000,-67.2500
20961,0.0000,-67.0000
20962,0.0000,-66.7500
20963,0.0000,-66.5000
20964,0.0000,-66.2500
20965,0.0000,-66.0000
20966,0.0000,-65.7500
20967,0.0000,-65.5000
20968,0.0000,-65.2500
20969,0.0000,-65.0000
20970,0.0000,-64.7500
20971,0.0000,-64.5000
20972,0.0000,-64.2500
20973,0.0000,-64.0000
20974,0.0000,-63.7500
20975,0.0000,-63.5000
20976,0.0000,-63.2500
20977,0.0000,-63.0000
20978,0.0000,-62.7500
20979,0.0000,-62.5000
20980,0.0000,-62.2500
20981,0.0000,-62.0000
20982,0.0000,-61.7500
20983,0.0000,-61.5000
20984,0.0000,-61.2500
20985,0.0000,-61.0000
20986,0.0000,-60.7500
20987,0.0000,-60.5000
20988,0.0000,-60.2500
20989,0.0000,-60.0000
20990,0.0000,-59.7500
20991,0.0000,-59.5000
20992,0.0000,-59.2500
20993,0.0000,-59.0000
20994,0.0000,-58.7500
20995,0.0000,-58.5000
20996,0.0000,-58.2500
20997,0.0000,-58.0000
20998,0.0000,-57.7500
20999,0.0000,-57.5000
21000,0.0000,-57.2500
21001,0.0000,-57.0000
21002,0.0000,-56.7500
21003,0.0000,-56.5000
21004,0.0000,-56.2500
21005,0.0000,-56.0000
21006,0.0000,-55.7500
21007,0.0000,-55.5000
21008,0.0000,-55.2500
21009,0.0000,-55.0000
21010,0.0000,-54.7500
21011,0.0000,-54.5000
21012,0.0000,-54.2500
21013,0.0000,-54.0000
21014,0.0000,-53.7500
21015,0.0000,-53.5000
21016,0.0000,-53.2500
21017,0.0000,-53.0000
21018,0.0000,-52.7500
21019,0.0000,-52.5000
21020,0.0000,-52.2500
21021,0.0000,-52.0000
21022,0.0000,-51.7500
21023,0.0000,-51.5000
21026,0.0000,-50.7500
21027,0.0000,-50.5000
21037,0.2500,-77.7500
21038,0.2500,-77.5000
21039,0.2500,-77.2500
21040,0.2500,-77.0000
21041,0.2500,-76.7500
21042,0.2500,-76.5000
21043,0.2500,-76.2500
21044,0.2500,-76.0000
21045,0.2500,-75.7500
21046,0.2500,-75.5000
21047,0.2500,-75.2500
21048,0.2500,-75.0000
21049,0.2500,-74.7500
21050,0.2500,-74.5000
21051,0.2500,-74.2500
21052,0.2500,-74.0000
21053,0.2500,-73.7500
21054,0.2500,-73.5000
21055,0.2500,-73.2500
21056,0.2500,-73.0000
21057,0.2500,-72.7500
21058,0.2500,-72.5000
21059,0.2500,-72.2500
21060,0.2500,-72.0000
21061,0.2500,-71.7500
21062,0.2500,-71.5000
21063,0.2500,-71.2500
21064,0.2500,-71.0000
21065,0.2500,-70.7500
21066,0.2500,-70.5000
21067,0.2500,-70.2500
21068,0.2500,-70.0000
21069,0.2500,-69.7500
21070,0.2500,-69.5000
21071,0.2500,-69.2500
21072,0.2500,-69.0000
21073,0.2500,-68.7500
21074,0.2500,-68.5000
21075,0.2500,-68.2500
21076,0.2500,-68.0000
21077,0.2500,-67.7500
21078,0.2500,-67.5000
21079,0.2500,-67.2500
21080,0.2500,-67.0000
21081,0.2500,-66.7500
21082,0.2500,-66.5000
21083,0.2500,-66.2500
21084,0.2500,-66.0000
21085,0.2500,-65.7500
21086,0.2500,-65.5000
21087,0.2500,-65.2500
21088,0.2500,-65.0000
21089,0.2500,-64.7500
21090,0.2500,-64.5000
21091,0.2500,-64.2500
21092,0.2500,-64.0000
21093,0.2500,-63.7500
21094,0.2500,-63.5000
21095,0.2500,-63.2500
21096,0.2500,-63.0000
21097,0.2500,-62.7500
21098,0.2500,-62.5000
21099,0.2500,-62.2500
21100,0.2500,-62.0000
21101,0.2500,-61.7500
21102,0.2500,-61.5000
21103,0.2500,-61.2500
21104,0.2500,-61.0000
21105,0.2500,-60.7500
21106,0.2500,-60.5000
21107,0.2500,-60.2500
21108,0.2500,-60.0000
21109,0.2500,-59.7500
21110,0.2500,-59.5000
21111,0.2500,-59.2500
21112,0.2500,-59.0000
21113,0.2500,-58.7500
21114,0.2500,-58.5000
21115,0.2500,-58.2500
21116,0.2500,-58.0000
21117,0.2500,-57.7500
21118,0.2500,-57.5000
21119,0.2500,-57.2500
21120,0.2500,-57.0000
21121,0.2500,-56.7500
21122,0.2500,-56.5000
21123,0.2500,-56.2500
21124,0.2500,-56.0000
21125,0.2500,-55.7500
21126,0.2500,-55.5000
21127,0.2500,-55.2500
21128,0.2500,-55.0000
21129,0.2500,-54.7500
21130,0.2500,-54.5000
21131,0.2500,-54.2500
21132,0.2500,-54.0000
21133,0.2500,-53.7500
21134,0.2500,-53.5000
21135,0.2500,-53.2500
21136,0.2500,-53.0000
21137,0.2500,-52.7500
21138,0.2500,-52.5000
21139,0.2500,-52.2500
21140,0.2500,-52.0000
21141,0.2500,-51.7500
21142,0.2500,-51.5000
21145,0.2500,-50.7500
21155,0.5000,-77.7500
21156,0.5000,-77.5000
21157,0.5000,-77.2500
21158,0.5000,-77.0000
21159,0.5000,-76.7500
21160,0.5000,-76.5000
21161,0.5000,-76.2500
21162,0.5000,-76.0000
21163,0.5000,-75.7500
21164,0.5000,-75.5000
21165,0.5000,-75.2500
21166,0.5000,-75.0000
21167,0.5000,-74.7500
21168,0.5000,-74.5000
21169,0.5000,-74.2500
21170,0.5000,-74.0000
21171,0.5000,-73.7500
21172,0.5000,-73.5000
21173,0.5000,-73.2500
21174,0.5000,-73.0000
21175,0.5000,-72.7500
21176,0.5000,-72.5000
21177,0.5000,-72.2500
21178,0.5000,-72.0000
21179,0.5000,-71.7500
21180,0.5000,-71.5000
21181,0.5000,-71.2500
21182,0.5000,-71.0000
21183,0.5000,-70.7500
21184,0.5000,-70.5000
21185,0.5000,-70.2500
21186,0.5000,-70.0000
21187,0.5000,-69.7500
21188,0.5000,-69.5000
21189,0.5000,-69.2500
21190,0.5000,-69.0000
21191,0.5000,-68.7500
21192,0.5000,-68.5000
21193,0.5000,-68.2500
21194,0.5000,-68.0000
21195,0.5000,-67.7500
21196,0.5000,-67.5000
21197,0.5000,-67.2500
21198,0.5000,-67.0000
21199,0.5000,-66.7500
21200,0.5000,-66.5000
21201,0.5000,-66.2500
21202,0.5000,-66.0000
21203,0.5000,-65.7500
21204,0.5000,-65.5000
21205,0.5000,-65.2500
21206,0.5000,-65.0000
21207,0.5000,-64.7500
21208,0.5000,-64.5000
21209,0.5000,-64.2500
21210,0.5000,-64.0000
21211,0.5000,-63.7500
21212,0.5000,-63.5000
21213,0.5000,-63.2500
21214,0.5000,-63.0000
21215,0.5000,-62.7500
21216,0.5000,-62.5000
21217,0.5000,-62.2500
21218,0.5000,-62.0000
21219,0.5000,-61.7500
21220,0.5000,-61.5000
21221,0.5000,-61.2500
21222,0.5000,-61.0000
21223,0.5000,-60.7500
21224,0.5000,-60.5000
21225,0.5000,-60.2500
21226,0.5000,-60.0000
21227,0.5000,-59.7500
21228,0.5000,-59.5000
21229,0.5000,-59.2500
21230,0.5000,-59.0000
21231,0.5000,-58.7500
21232,0.5000,-58.5000
21233,0.5000,-58.2500
21234,0.5000,-58.0000
21235,0.5000,-57.7500
21236,0.5000,-57.5000
21237,0.5000,-57.2500
21238,0.5000,-57.0000
21239,0.5000,-56.7500
21240,0.5000,-56.5000
21241,0.5000,-56.2500
21242,0.5000,-56.0000
21243,0.5000,-55.7500
21244,0.5000,-55.5000
21245,0.5000,-55.2500
21246,0.5000,-55.0000
21247,0.5000,-54.7500
21248,0.5000,-54.5000
21249,0.5000,-54.2500
21250,0.5000,-54.0000
21251,0.5000,-53.7500
21252,0.5000,-53.5000
21253,0.5000,-53.2500
21254,0.5000,-53.0000
21255,0.5000,-52.7500
21256,0.5000,-52.5000
21257,0.5000,-52.2500
21258,0.5000,-52.0000
21259,0.5000,-51.7500
21260,0.5000,-51.5000
21275,0.7500,-77.5000
21276,0.7500,-77.2500
21277,0.7500,-77.0000
21278,0.7500,-76.7500
21279,0.7500,-76.5000
21280,0.7500,-76.2500
21281,0.7500,-76.0000
21282,0.7500,-75.7500
21283,0.7500,-75.5000
21284,0.7500,-75.2500
21285,0.7500,-75.0000
21286,0.7500,-74.7500
21287,0.7500,-74.5000
21288,0.7500,-74.2500
21289,0.7500,-74.0000
21290,0.7500,-73.7500
21291,0.7500,-73.5000
21292,0.7500,-73.2500
21293,0.7500,-73.0000
21294,0.7500,-72.7500
21295,0.7500,-72.5000
21296,0.7500,-72.2500
21297,0.7500,-72.0000
21298,0.7500,-71.7500
21299,0.7500,-71.5000
21300,0.7500,-71.2500
21301,0.7500,-71.0000
21302,0.7500,-70.7500
21303,0.7500,-70.5000
21304,0.7500,-70.2500
21305,0.7500,-70.0000
21306,0.7500,-69.7500
21307,0.7500,-69.5000
21308,0.7500,-69.2500
21309,0.7500,-69.0000
21310,0.7500,-68.7500
21311,0.7500,-68.5000
21312,0.7500,-68.2500
21313,0.7500,-68.0000
21314,0.7500,-67.7500
21315,0.7500,-67.5000
21316,0.7500,-67.2500
21317,0.7500,-67.0000
21318,0.7500,-66.7500
21319,0.7500,-66.5000
21320,0.7500,-66.2500
21321,0.7500,-66.0000
21322,0.7500,-65.7500
21323,0.7500,-65.5000
21324,0.7500,-65.2500
21325,0.7500,-65.0000
21326,0.7500,-64.7500
21327,0.7500,-64.5000
21328,0.7500,-64.2500
21329,0.7500,-64.0000
21330,0.7500,-63.7500
21331,0.7500,-63.5000
21332,0.7500,-63.2500
21333,0.7500,-63.0000
21334,0.7500,-62.7500
21335,0.7500,-62.5000
21336,0.7500,-62.2500
21337,0.7500,-62.0000
21338,0.7500,-61.7500
21339,0.7500,-61.5000
21340,0.7500,-61.2500
21341,0.7500,-61.0000
21342,0.7500,-60.7500
21343,0.7500,-60.5000
21344,0.7500,-60.2500
21345,0.7500,-60.0000
21346,0.7500,-59.7500
21347,0.7500,-59.5000
21348,0.7500,-59.2500
21349,0.7500,-59.0000
21350,0.7500,-58.7500
21351,0.7500,-58.5000
21352,0.7500,-58.2500
21353,0.7500,-58.0000
21354,0.7500,-57.7500
21355,0.7500,-57.5000
21356,0.7500,-57.2500
21357,0.7500,-57.0000
21358,0.7500,-56.7500
21359,0.7500,-56.5000
21360,0.7500,-56.2500
21361,0.7500,-56.0000
21362,0.7500,-55.7500
21363,0.7500,-55.5000
21364,0.7500,-55.2500
21365,0.7500,-55.0000
21366,0.7500,-54.7500
21367,0.7500,-54.5000
21368,0.7500,-54.2500
21369,0.7500,-54.0000
21370,0.7500,-53.7500
21371,0.7500,-53.5000
21372,0.7500,-53.2500
21373,0.7500,-53.0000
21374,0.7500,-52.7500
21375,0.7500,-52.5000
21376,0.7500,-52.2500
21377,0.7500,-52.0000
21378,0.7500,-51.7500
21379,0.7500,-51.5000
21382,0.7500,-50.7500
21383,0.7500,-50.5000
21384,0.7500,-50.2500
21395,1.0000,-77.0000
21396,1.0000,-76.7500
21397,1.0000,-76.5000
21398,1.0000,-76.2500
21399,1.0000,-76.0000
21400,1.0000,-75.7500
21401,1.0000,-75.5000
21402,1.0000,-75.2500
21403,1.0000,-75.0000
21404,1.0000,-74.7500
21405,1.0000,-74.5000
21406,1.0000,-74.2500
21407,1.0000,-74.0000
21408,1.0000,-73.7500
21409,1.0000,-73.5000
21410,1.0000,-73.2500
21411,1.0000,-73.0000
21412,1.0000,-72.7500
21413,1.0000,-72.5000
21414,1.0000,-72.2500
21415,1.0000,-72.0000
21416,1.0000,-71.7500
21417,1.0000,-71.5000
21418,1.0000,-71.2500
21419,1.0000,-71.0000
21420,1.0000,-70.7500
21421,1.0000,-70.5000
21422,1.0000,-70.2500
21423,1.0000,-70.0000
21424,1.0000,-69.7500
21425,1.0000,-69.5000
21426,1.0000,-69.2500
21427,1.0000,-69.0000
21428,1.0000,-68.7500
21429,1.0000,-68.5000
21430,1.0000,-68.2500
21431,1.0000,-68.0000
21432,1.0000,-67.7500
21433,1.0000,-67.5000
21434,1.0000,-67.2500
21435,1.0000,-67.0000
21436,1.0000,-66.7500
21437,1.0000,-66.5000
21438,1.0000,-66.2500
21439,1.0000,-66.0000
21440,1.0000,-65.7500
21441,1.0000,-65.5000
21442,1.0000,-65.2500
21443,1.0000,-65.0000
21444,1.0000,-64.7500
21445,1.0000,-64.5000
21446,1.0000,-64.2500
21447,1.0000,-64.0000
21448,1.0000,-63.7500
21449,1.0000,-63.5000
21450,1.0000,-63.2500
21451,1.0000,-63.0000
21452,1.0000,-62.7500
21453,1.0000,-62.5000
21454,1.0000,-62.2500
21455,1.0000,-62.0000
21456,1.0000,-61.7500
21457,1.0000,-61.5000
21458,1.0000,-61.2500
21459,1.0000,-61.0000
21460,1.0000,-60.7500
21461,1.0000,-60.5000
21462,1.0000,-60.2500
21463,1.0000,-60.0000
21464,1.0000,-59.7500
21465,1.0000,-59.5000
21466,1.0000,-59.2500
21467,1.0000,-59.0000
21468,1.0000,-58.7500
21469,1.0000,-58.5000
21470,1.0000,-58.2500
21471,1.0000,-58.0000
21472,1.0000,-57.7500
21473,1.0000,-57.5000
21474,1.0000,-57.2500
21475,1.0000,-57.0000
21476,1.0000,-56.7500
21477,1.0000,-56.5000
21478,1.0000,-56.2500
21479,1.0000,-56.0000
21480,1.0000,-55.7500
21481,1.0000,-55.5000
21482,1.0000,-55.2500
21483,1.0000,-55.0000
21484,1.0000,-54.7500
21485,1.0000,-54.5000
21486,1.0000,-54.2500
21487,1.0000,-54.0000
21488,1.0000,-53.7500
21489,1.0000,-53.5000
21490,1.0000,-53.2500
21491,1.0000,-53.0000
21492,1.0000,-52.7500
21493,1.0000,-52.5000
21494,1.0000,-52.2500
21495,1.0000,-52.0000
21496,1.0000,-51.7500
21497,1.0000,-51.5000
21500,1.0000,-50.7500
21501,1.0000,-50.5000
21502,1.0000,-50.2500
21503,1.0000,-50.0000
21513,1.2500,-76.7500
21514,1.2500,-76.5000
21515,1.2500,-76.2500
21516,1.2500,-76.0000
21517,1.2500,-75.7500
21518,1.2500,-75.5000
21519,1.2500,-75.2500
21520,1.2500,-75.0000
21521,1.2500,-74.7500
21522,1.2500,-74.5000
21523,1.2500,-74.2500
21524,1.2500,-74.0000
21525,1.2500,-73.7500
21526,1.2500,-73.5000
21527,1.2500,-73.2500
21528,1.2500,-73.0000
21529,1.2500,-72.7500
21530,1.2500,-72.5000
21531,1.2500,-72.2500
21532,1.2500,-72.0000
21533,1.2500,-71.7500
21534,1.2500,-71.5000
21535,1.2500,-71.2500
21536,1.2500,-71.0000
21537,1.2500,-70.7500
21538,1.2500,-70.5000
21539,1.2500,-70.2500
21540,1.2500,-70.0000
21541,1.2500,-69.7500
21542,1.2500,-69.5000
21543,1.2500,-69.2500
21544,1.2500,-69.0000
21545,1.2500,-68.7500
21546,1.2500,-68.5000
21547,1.2500,-68.2500
21548,1.2500,-68.0000
21549,1.2500,-67.7500
21550,1.2500,-67.5000
21551,1.2500,-67.2500
21552,1.2500,-67.0000
21553,1.2500,-66.7500
21554,1.2500,-66.5000
21555,1.2500,-66.2500
21556,1.2500,-66.0000
21557,1.2500,-65.7500
21558,1.2500,-65.5000
21559,1.2500,-65.2500
21560,1.2500,-65.0000
21561,1.2500,-64.7500
21562,1.2500,-64.5000
21563,1.2500,-64.2500
21564,1.2500,-64.0000
21565,1.2500,-63.7500
21566,1.2500,-63.5000
21567,1.2500,-63.2500
21568,1.2500,-63.0000
21569,1.2500,-62.7500
21570,1.2500,-62.5000
21571,1.2500,-62.2500
21572,1.2500,-62.0000
21573,1.2500,-61.7500
21574,1.2500,-61.5000
21575,1.2500,-61.2500
21576,1.2500,-61.0000
21577,1.2500,-60.7500
21578,1.2500,-60.5000
21579,1.2500,-60.2500
21580,1.2500,-60.0000
21581,1.2500,-59.7500
21582,1.2500,-59.5000
21583,1.2500,-59.2500
21584,1.2500,-59.0000
21585,1.2500,-58.7500
21586,1.2500,-58.5000
21587,1.2500,-58.2500
21588,1.2500,-58.0000
21589,1.2500,-57.7500
21590,1.2500,-57.5000
21591,1.2500,-57.2500
21592,1.2500,-57.0000
21593,1.2500,-56.7500
21594,1.2500,-56.5000
21595,1.2500,-56.2500
21596,1.2500,-56.0000
21597,1.2500,-55.7500
21598,1.2500,-55.5000
21599,1.2500,-55.2500
21600,1.2500,-55.0000
21601,1.2500,-54.7500
21602,1.2500,-54.5000
21603,1.2500,-54.2500
21604,1.2500,-54.0000
21605,1.2500,-53.7500
21606,1.2500,-53.5000
21607,1.2500,-53.2500
21608,1.2500,-53.0000
21609,1.2500,-52.7500
21610,1.2500,-52.5000
21611,1.2500,-52.2500
21612,1.2500,-52.0000
21613,1.2500,-51.7500
21614,1.2500,-51.5000
21615,1.2500,-51.2500
21617,1.2500,-50.7500
21618,1.2500,-50.5000
21619,1.2500,-50.2500
21620,1.2500,-50.0000
21629,1.5000,-76.7500
21630,1.5000,-76.5000
21631,1.5000,-76.2500
21632,1.5000,-76.0000
21633,1.5000,-75.7500
21634,1.5000,-75.5000
21635,1.5000,-75.2500
21636,1.5000,-75.0000
21637,1.5000,-74.7500
21638,1.5000,-74.5000
21639,1.5000,-74.2500
21640,1.5000,-74.0000
21641,1.5000,-73.7500
21642,1.5000,-73.5000
21643,1.5000,-73.2500
21644,1.5000,-73.0000
21645,1.5000,-72.7500
21646,1.5000,-72.5000
21647,1.5000,-72.2500
21648,1.5000,-72.0000
21649,1.5000,-71.7500
21650,1.5000,-71.5000
21651,1.5000,-71.2500
21652,1.5000,-71.0000
21653,1.5000,-70.7500
21654,1.5000,-70.5000
21655,1.5000,-70.2500
21656,1.5000,-70.0000
21657,1.5000,-69.7500
21658,1.5000,-69.5000
21659,1.5000,-69.2500
21660,1.5000,-69.0000
21661,1.5000,-68.7500
21662,1.5000,-68.5000
21663,1.5000,-68.2500
21664,1.5000,-68.0000
21665,1.5000,-67.7500
21666,1.5000,-67.5000
21667,1.5000,-67.2500
21668,1.5000,-67.0000
21669,1.5000,-66.7500
21670,1.5000,-66.5000
21671,1.5000,-66.2500
21672,1.5000,-66.0000
21673,1.5000,-65.7500
21674,1.5000,-65.5000
21675,1.5000,-65.2500
21676,1.5000,-65.0000
21677,1.5000,-64.7500
21678,1.5000,-64.5000
21679,1.5000,-64.2500
21680,1.5000,-64.0000
21681,1.5000,-63.7500
21682,1.5000,-63.5000
21683,1.5000,-63.2500
21684,1.5000,-63.0000
21685,1.5000,-62.7500
21686,1.5000,-62.5000
21687,1.5000,-62.2500
21688,1.5000,-62.0000
21689,1.5000,-61.7500
21690,1.5000,-61.5000
21691,1.5000,-61.2500
21692,1.5000,-61.0000
21693,1.5000,-60.7500
21694,1.5000,-60.5000
21695,1.5000,-60.2500
21696,1.5000,-60.0000
21697,1.5000,-59.7500
21698,1.5000,-59.5000
21699,1.5000,-59.2500
21700,1.5000,-59.0000
21701,1.5000,-58.7500
21702,1.5000,-58.5000
21703,1.5000,-58.2500
21704,1.5000,-58.0000
21705,1.5000,-57.7500
21706,1.5000,-57.5000
21707,1.5000,-57.2500
21708,1.5000,-57.0000
21709,1.5000,-56.7500
21710,1.5000,-56.5000
21711,1.5000,-56.2500
21712,1.5000,-56.0000
21713,1.5000,-55.7500
21714,1.5000,-55.5000
21715,1.5000,-55.2500
21716,1.5000,-55.0000
21717,1.5000,-54.7500
21718,1.5000,-54.5000
21719,1.5000,-54.2500
21720,1.5000,-54.0000
21721,1.5000,-53.7500
21722,1.5000,-53.5000
21723,1.5000,-53.2500
21724,1.5000,-53.0000
21725,1.5000,-52.7500
21726,1.5000,-52.5000
21727,1.5000,-52.2500
21728,1.5000,-52.0000
21729,1.5000,-51.7500
21730,1.5000,-51.5000
21731,1.5000,-51.2500
21732,1.5000,-51.0000
21733,1.5000,-50.7500
21734,1.5000,-50.5000
21735,1.5000,-50.2500
21736,1.5000,-50.0000
21744,1.7500,-76.7500
21745,1.7500,-76.5000
21748,1.7500,-75.7500
21749,1.7500,-75.5000
21750,1.7500,-75.2500
21751,1.7500,-75.0000
21752,1.7500,-74.7500
21753,1.7500,-74.5000
21754,1.7500,-74.2500
21755,1.7500,-74.0000
21756,1.7500,-73.7500
21757,1.7500,-73.5000
21758,1.7500,-73.2500
21759,1.7500,-73.0000
21760,1.7500,-72.7500
21761,1.7500,-72.5000
21762,1.7500,-72.2500
21763,1.7500,-72.0000
21764,1.7500,-71.7500
21765,1.7500,-71.5000
21766,1.7500,-71.2500
21767,1.7500,-71.0000
21768,1.7500,-70.7500
21769,1.7500,-70.5000
21770,1.7500,-70.2500
21771,1.7500,-70.0000
21772,1.7500,-69.7500
21773,1.7500,-69.5000
21774,1.7500,-69.2500
21775,1.7500,-69.0000
21776,1.7500,-68.7500
21777,1.7500,-68.5000
21778,1.7500,-68.2500
21779,1.7500,-68.0000
21780,1.7500,-67.7500
21781,1.7500,-67.5000
21782,1.7500,-67.2500
21783,1.7500,-67.0000
21784,1.7500,-66.7500
21785,1.7500,-66.5000
21786,1.7500,-66.2500
21787,1.7500,-66.0000
21788,1.7500,-65.7500
21789,1.7500,-65.5000
21790,1.7500,-65.2500
21791,1.7500,-65.0000
21792,1.7500,-64.7500
21793,1.7500,-64.5000
21794,1.7500,-64.2500
21795,1.7500,-64.0000
21796,1.7500,-63.7500
21797,1.7500,-63.5000
21798,1.7500,-63.2500
21799,1.7500,-63.0000
21800,1.7500,-62.7500
21801,1.7500,-62.5000
21802,1.7500,-62.2500
21803,1.7500,-62.0000
21804,1.7500,-61.7500
21805,1.7500,-61.5000
21806,1.7500,-61.2500
21807,1.7500,-61.0000
21808,1.7500,-60.7500
21809,1.7500,-60.5000
21810,1.7500,-60.2500
21811,1.7500,-60.0000
21812,1.7500,-59.7500
21813,1.7500,-59.5000
21814,1.7500,-59.2500
21815,1.7500,-59.0000
21816,1.7500,-58.7500
21817,1.7500,-58.5000
21818,1.7500,-58.2500
21819,1.7500,-58.0000
21820,1.7500,-57.7500
21821,1.7500,-57.5000
21822,1.7500,-57.2500
21823,1.7500,-57.0000
21824,1.7500,-56.7500
21825,1.7500,-56.5000
21826,1.7500,-56.2500
21827,1.7500,-56.0000
21828,1.7500,-55.7500
21829,1.7500,-55.5000
21830,1.7500,-55.2500
21831,1.7500,-55.0000
21832,1.7500,-54.7500
21833,1.7500,-54.5000
21834,1.7500,-54.2500
21835,1.7500,-54.0000
21836,1.7500,-53.7500
21837,1.7500,-53.5000
21838,1.7500,-53.2500
21839,1.7500,-53.0000
21840,1.7500,-52.7500
21841,1.7500,-52.5000
21842,1.7500,-52.2500
21843,1.7500,-52.0000
21844,1.7500,-51.7500
21845,1.7500,-51.5000
21846,1.7500,-51.2500
21847,1.7500,-51.0000
21848,1.7500,-50.7500
21849,1.7500,-50.5000
21863,2.0000,-75.5000
21864,2.0000,-75.2500
21865,2.0000,-75.0000
21866,2.0000,-74.7500
21867,2.0000,-74.5000
21868,2.0000,-74.2500
21869,2.0000,-74.0000
21870,2.0000,-73.7500
21871,2.0000,-73.5000
21872,2.0000,-73.2500
21873,2.0000,-73.0000
21874,2.0000,-72.7500
21875,2.0000,-72.5000
21876,2.0000,-72.2500
21877,2.0000,-72.0000
21878,2.0000,-71.7500
21879,2.0000,-71.5000
21880,2.0000,-71.2500
21881,2.0000,-71.0000
21882,2.0000,-70.7500
21883,2.0000,-70.5000
21884,2.0000,-70.2500
21885,2.0000,-70.0000
21886,2.0000,-69.7500
21887,2.0000,-69.5000
21888,2.0000,-69.2500
21889,2.0000,-69.0000
21890,2.0000,-68.7500
21891,2.0000,-68.5000
21892,2.0000,-68.2500
21893,2.0000,-68.0000
21894,2.0000,-67.7500
21895,2.0000,-67.5000
21896,2.0000,-67.2500
21897,2.0000,-67.0000
21898,2.0000,-66.7500
21899,2.0000,-66.5000
21900,2.0000,-66.2500
21901,2.0000,-66.0000
21902,2.0000,-65.7500
21903,2.0000,-65.5000
21904,2.0000,-65.2500
21905,2.0000,-65.0000
21906,2.0000,-64.7500
21907,2.0000,-64.5000
21908,2.0000,-64.2500
21909,2.0000,-64.0000
21910,2.0000,-63.7500
21911,2.0000,-63.5000
21912,2.0000,-63.2500
21913,2.0000,-63.0000
21914,2.0000,-62.7500
21915,2.0000,-62.5000
21916,2.0000,-62.2500
21917,2.0000,-62.0000
21918,2.0000,-61.7500
21919,2.0000,-61.5000
21920,2.0000,-61.2500
21921,2.0000,-61.0000
21922,2.0000,-60.7500
21923,2.0000,-60.5000
21924,2.0000,-60.2500
21925,2.0000,-60.0000
21926,2.0000,-59.7500
21927,2.0000,-59.5000
21928,2.0000,-59.2500
21929,2.0000,-59.0000
21930,2.0000,-58.7500
21931,2.0000,-58.5000
21932,2.0000,-58.2500
21933,2.0000,-58.0000
21934,2.0000,-57.7500
21935,2.0000,-57.5000
21936,2.0000,-57.2500
21937,2.0000,-57.0000
21938,2.0000,-56.7500
21939,2.0000,-56.5000
21940,2.0000,-56.2500
21941,2.0000,-56.0000
21942,2.0000,-55.7500
21943,2.0000,-55.5000
21944,2.0000,-55.2500
21945,2.0000,-55.0000
21946,2.0000,-54.7500
21947,2.0000,-54.5000
21948,2.0000,-54.2500
21949,2.0000,-54.0000
21950,2.0000,-53.7500
21951,2.0000,-53.5000
21952,2.0000,-53.2500
21953,2.0000,-53.0000
21954,2.0000,-52.7500
21955,2.0000,-52.5000
21956,2.0000,-52.2500
21957,2.0000,-52.0000
21958,2.0000,-51.7500
21959,2.0000,-51.5000
21960,2.0000,-51.2500
21961,2.0000,-51.0000
21976,2.2500,-75.2500
21977,2.2500,-75.0000
21978,2.2500,-74.7500
21979,2.2500,-74.5000
21980,2.2500,-74.2500
21981,2.2500,-74.0000
21982,2.2500,-73.7500
21983,2.2500,-73.5000
21984,2.2500,-73.2500
21985,2.2500,-73.0000
21986,2.2500,-72.7500
21987,2.2500,-72.5000
21988,2.2500,-72.2500
21989,2.2500,-72.0000
21990,2.2500,-71.7500
21991,2.2500,-71.5000
21992,2.2500,-71.2500
21993,2.2500,-71.0000
21994,2.2500,-70.7500
21995,2.2500,-70.5000
21996,2.2500,-70.2500
21997,2.2500,-70.0000
21998,2.2500,-69.7500
21999,2.2500,-69.5000
22000,2.2500,-69.2500
22001,2.2500,-69.0000
22002,2.2500,-68.7500
22003,2.2500,-68.5000
22004,2.2500,-68.2500
22005,2.2500,-68.0000
22006,2.2500,-67.7500
22007,2.2500,-67.5000
22008,2.2500,-67.2500
22009,2.2500,-67.0000
22010,2.2500,-66.7500
22011,2.2500,-66.5000
22012,2.2500,-66.2500
22013,2.2500,-66.0000
22014,2.2500,-65.7500
22015,2.2500,-65.5000
22016,2.2500,-65.2500
22017,2.2500,-65.0000
22018,2.2500,-64.7500
22019,2.2500,-64.5000
22020,2.2500,-64.2500
22021,2.2500,-64.0000
22022,2.2500,-63.7500
22023,2.2500,-63.5000
22024,2.2500,-63.2500
22025,2.2500,-63.0000
22026,2.2500,-62.7500
22027,2.2500,-62.5000
22028,2.2500,-62.2500
22029,2.2500,-62.0000
22030,2.2500,-61.7500
22031,2.2500,-61.5000
22032,2.2500,-61.2500
22033,2.2500,-61.0000
22034,2.2500,-60.7500
22035,2.2500,-60.5000
22036,2.2500,-60.2500
22037,2.2500,-60.0000
22038,2.2500,-59.7500
22039,2.2500,-59.5000
22040,2.2500,-59.2500
22041,2.2500,-59.0000
22042,2.2500,-58.7500
22043,2.2500,-58.5000
22044,2.2500,-58.2500
22045,2.2500,-58.0000
22046,2.2500,-57.7500
22047,2.2500,-57.5000
22048,2.2500,-57.2500
22049,2.2500,-57.0000
22050,2.2500,-56.7500
22051,2.2500,-56.5000
22052,2.2500,-56.2500
22053,2.2500,-56.0000
22054,2.2500,-55.7500
22055,2.2500,-55.5000
22056,2.2500,-55.2500
22057,2.2500,-55.0000
22058,2.2500,-54.7500
22059,2.2500,-54.5000
22060,2.2500,-54.2500
22061,2.2500,-54.0000
22062,2.2500,-53.7500
22063,2.2500,-53.5000
22064,2.2500,-53.2500
22065,2.2500,-53.0000
22066,2.2500,-52.7500
22067,2.2500,-52.5000
22068,2.2500,-52.2500
22069,2.2500,-52.0000
22070,2.2500,-51.7500
22071,2.2500,-51.5000
22072,2.2500,-51.2500
22073,2.2500,-51.0000
22074,2.2500,-50.7500
22089,2.5000,-75.0000
22090,2.5000,-74.7500
22091,2.5000,-74.5000
22092,2.5000,-74.2500
22093,2.5000,-74.0000
22095,2.5000,-73.5000
22096,2.5000,-73.2500
22097,2.5000,-73.0000
22098,2.5000,-72.7500
22099,2.5000,-72.5000
22100,2.5000,-72.2500
22101,2.5000,-72.0000
22102,2.5000,-71.7500
22103,2.5000,-71.5000
22104,2.5000,-71.2500
22105,2.5000,-71.0000
22106,2.5000,-70.7500
22107,2.5000,-70.5000
22108,2.5000,-70.2500
22109,2.5000,-70.0000
22110,2.5000,-69.7500
22111,2.5000,-69.5000
22112,2.5000,-69.2500
22113,2.5000,-69.0000
22114,2.5000,-68.7500
22115,2.5000,-68.5000
22116,2.5000,-68.2500
22117,2.5000,-68.0000
22118,2.5000,-67.7500
22119,2.5000,-67.5000
22120,2.5000,-67.2500
22121,2.5000,-67.0000
22122,2.5000,-66.7500
22123,2.5000,-66.5000
22124,2.5000,-66.2500
22125,2.5000,-66.0000
22126,2.5000,-65.7500
22127,2.5000,-65.5000
22128,2.5000,-65.2500
22129,2.5000,-65.0000
22130,2.5000,-64.7500
22131,2.5000,-64.5000
22132,2.5000,-64.2500
22133,2.5000,-64.0000
22134,2.5000,-63.7500
22135,2.5000,-63.5000
22136,2.5000,-63.2500
22137,2.5000,-63.0000
22138,2.5000,-62.7500
22139,2.5000,-62.5000
22140,2.5000,-62.2500
22141,2.5000,-62.0000
22142,2.5000,-61.7500
22143,2.5000,-61.5000
22144,2.5000,-61.2500
22145,2.5000,-61.0000
22146,2.5000,-60.7500
22147,2.5000,-60.5000
22148,2.5000,-60.2500
22149,2.5000,-60.0000
22150,2.5000,-59.7500
22151,2.5000,-59.5000
22152,2.5000,-59.2500
22153,2.5000,-59.0000
22154,2.5000,-58.7500
22155,2.5000,-58.5000
22156,2.5000,-58.2500
22157,2.5000,-58.0000
22158,2.5000,-57.7500
22159,2.5000,-57.5000
22160,2.5000,-57.2500
22161,2.5000,-57.0000
22162,2.5000,-56.7500
22163,2.5000,-56.5000
22164,2.5000,-56.2500
22165,2.5000,-56.0000
22166,2.5000,-55.7500
22167,2.5000,-55.5000
22168,2.5000,-55.2500
22169,2.5000,-55.0000
22170,2.5000,-54.7500
22171,2.5000,-54.5000
22172,2.5000,-54.2500
22173,2.5000,-54.0000
22174,2.5000,-53.7500
22175,2.5000,-53.5000
22176,2.5000,-53.2500
22177,2.5000,-53.0000
22178,2.5000,-52.7500
22179,2.5000,-52.5000
22180,2.5000,-52.2500
22181,2.5000,-52.0000
22182,2.5000,-51.7500
22183,2.5000,-51.5000
22184,2.5000,-51.2500
22185,2.5000,-51.0000
22198,2.7500,-75.0000
22199,2.7500,-74.7500
22204,2.7500,-73.5000
22209,2.7500,-72.2500
22210,2.7500,-72.0000
22211,2.7500,-71.7500
22212,2.7500,-71.5000
22213,2.7500,-71.2500
22214,2.7500,-71.0000
22215,2.7500,-70.7500
22216,2.7500,-70.5000
22217,2.7500,-70.2500
22218,2.7500,-70.0000
22219,2.7500,-69.7500
22220,2.7500,-69.5000
22221,2.7500,-69.2500
22222,2.7500,-69.0000
22223,2.7500,-68.7500
22224,2.7500,-68.5000
22225,2.7500,-68.2500
22226,2.7500,-68.0000
22227,2.7500,-67.7500
22228,2.7500,-67.5000
22229,2.7500,-67.2500
22230,2.7500,-67.0000
22231,2.7500,-66.7500
22232,2.7500,-66.5000
22233,2.7500,-66.2500
22234,2.7500,-66.0000
22235,2.7500,-65.7500
22236,2.7500,-65.5000
22237,2.7500,-65.2500
22238,2.7500,-65.0000
22239,2.7500,-64.7500
22240,2.7500,-64.5000
22241,2.7500,-64.2500
22242,2.7500,-64.0000
22243,2.7500,-63.7500
22244,2.7500,-63.5000
22245,2.7500,-63.2500
22246,2.7500,-63.0000
22247,2.7500,-62.7500
22248,2.7500,-62.5000
22249,2.7500,-62.2500
22250,2.7500,-62.0000
22251,2.7500,-61.7500
22252,2.7500,-61.5000
22253,2.7500,-61.2500
22254,2.7500,-61.0000
22255,2.7500,-60.7500
22256,2.7500,-60.5000
22257,2.7500,-60.2500
22258,2.7500,-60.0000
22259,2.7500,-59.7500
22260,2.7500,-59.5000
22261,2.7500,-59.2500
22262,2.7500,-59.0000
22263,2.7500,-58.7500
22264,2.7500,-58.5000
22265,2.7500,-58.2500
22266,2.7500,-58.0000
22267,2.7500,-57.7500
22268,2.7500,-57.5000
22269,2.7500,-57.2500
22270,2.7500,-57.0000
22271,2.7500,-56.7500
22272,2.7500,-56.5000
22273,2.7500,-56.2500
22274,2.7500,-56.0000
22275,2.7500,-55.7500
22276,2.7500,-55.5000
22277,2.7500,-55.2500
22278,2.7500,-55.0000
22279,2.7500,-54.7500
22280,2.7500,-54.5000
22281,2.7500,-54.2500
22282,2.7500,-54.0000
22283,2.7500,-53.7500
22284,2.7500,-53.5000
22285,2.7500,-53.2500
22286,2.7500,-53.0000
22287,2.7500,-52.7500
22288,2.7500,-52.5000
22289,2.7500,-52.2500
22290,2.7500,-52.0000
22291,2.7500,-51.7500
22292,2.7500,-51.5000
22293,2.7500,-51.2500
22294,2.7500,-51.0000
22318,3.0000,-71.7500
22319,3.0000,-71.5000
22320,3.0000,-71.2500
22321,3.0000,-71.0000
22322,3.0000,-70.7500
22323,3.0000,-70.5000
22324,3.0000,-70.2500
22325,3.0000,-70.0000
22326,3.0000,-69.7500
22327,3.0000,-69.5000
22328,3.0000,-69.2500
22329,3.0000,-69.0000
22330,3.0000,-68.7500
22331,3.0000,-68.5000
22332,3.0000,-68.2500
22333,3.0000,-68.0000
22334,3.0000,-67.7500
22335,3.0000,-67.5000
22336,3.0000,-67.2500
22337,3.0000,-67.0000
22338,3.0000,-66.7500
22339,3.0000,-66.5000
22340,3.0000,-66.2500
22341,3.0000,-66.0000
22342,3.0000,-65.7500
22343,3.0000,-65.5000
22344,3.0000,-65.2500
22345,3.0000,-65.0000
22346,3.0000,-64.7500
22347,3.0000,-64.5000
22348,3.0000,-64.2500
22349,3.0000,-64.0000
22350,3.0000,-63.7500
22351,3.0000,-63.5000
22352,3.0000,-63.2500
22353,3.0000,-63.0000
22354,3.0000,-62.7500
22355,3.0000,-62.5000
22356,3.0000,-62.2500
22357,3.0000,-62.0000
22358,3.0000,-61.7500
22359,3.0000,-61.5000
22360,3.0000,-61.2500
22361,3.0000,-61.0000
22362,3.0000,-60.7500
22363,3.0000,-60.5000
22364,3.0000,-60.2500
22365,3.0000,-60.0000
22366,3.0000,-59.7500
22367,3.0000,-59.5000
22368,3.0000,-59.2500
22369,3.0000,-59.0000
22370,3.0000,-58.7500
22371,3.0000,-58.5000
22372,3.0000,-58.2500
22373,3.0000,-58.0000
22374,3.0000,-57.7500
22375,3.0000,-57.5000
22376,3.0000,-57.2500
22377,3.0000,-57.0000
22378,3.0000,-56.7500
22379,3.0000,-56.5000
22380,3.0000,-56.2500
22381,3.0000,-56.0000
22382,3.0000,-55.7500
22383,3.0000,-55.5000
22384,3.0000,-55.2500
22385,3.0000,-55.0000
22386,3.0000,-54.7500
22387,3.0000,-54.5000
22388,3.0000,-54.2500
22389,3.0000,-54.0000
22390,3.0000,-53.7500
22391,3.0000,-53.5000
22392,3.0000,-53.2500
22393,3.0000,-53.0000
22394,3.0000,-52.7500
22395,3.0000,-52.5000
22396,3.0000,-52.2500
22397,3.0000,-52.0000
22398,3.0000,-51.7500
22399,3.0000,-51.5000
22400,3.0000,-51.2500
22401,3.0000,-51.0000
22425,3.2500,-71.7500
22426,3.2500,-71.5000
22427,3.2500,-71.2500
22428,3.2500,-71.0000
22429,3.2500,-70.7500
22430,3.2500,-70.5000
22431,3.2500,-70.2500
22432,3.2500,-70.0000
22433,3.2500,-69.7500
22434,3.2500,-69.5000
22435,3.2500,-69.2500
22436,3.2500,-69.0000
22437,3.2500,-68.7500
22438,3.2500,-68.5000
22439,3.2500,-68.2500
22440,3.2500,-68.0000
22441,3.2500,-67.7500
22442,3.2500,-67.5000
22443,3.2500,-67.2500
22444,3.2500,-67.0000
22445,3.2500,-66.7500
22446,3.2500,-66.5000
22447,3.2500,-66.2500
22448,3.2500,-66.0000
22449,3.2500,-65.7500
22450,3.2500,-65.5000
22451,3.2500,-65.2500
22452,3.2500,-65.0000
22453,3.2500,-64.7500
22454,3.2500,-64.5000
22455,3.2500,-64.2500
22456,3.2500,-64.0000
22457,3.2500,-63.7500
22458,3.2500,-63.5000
22459,3.2500,-63.2500
22460,3.2500,-63.0000
22461,3.2500,-62.7500
22462,3.2500,-62.5000
22463,3.2500,-62.2500
22464,3.2500,-62.0000
22465,3.2500,-61.7500
22466,3.2500,-61.5000
22467,3.2500,-61.2500
22468,3.2500,-61.0000
22469,3.2500,-60.7500
22470,3.2500,-60.5000
22471,3.2500,-60.2500
22472,3.2500,-60.0000
22473,3.2500,-59.7500
22474,3.2500,-59.5000
22475,3.2500,-59.2500
22476,3.2500,-59.0000
22477,3.2500,-58.7500
22478,3.2500,-58.5000
22479,3.2500,-58.2500
22480,3.2500,-58.0000
22481,3.2500,-57.7500
22482,3.2500,-57.5000
22483,3.2500,-57.2500
22484,3.2500,-57.0000
22485,3.2500,-56.7500
22486,3.2500,-56.5000
22487,3.2500,-56.2500
22488,3.2500,-56.0000
22489,3.2500,-55.7500
22490,3.2500,-55.5000
22491,3.2500,-55.2500
22492,3.2500,-55.0000
22493,3.2500,-54.7500
22494,3.2500,-54.5000
22495,3.2500,-54.2500
22496,3.2500,-54.0000
22497,3.2500,-53.7500
22498,3.2500,-53.5000
22499,3.2500,-53.2500
22500,3.2500,-53.0000
22501,3.2500,-52.7500
22502,3.2500,-52.5000
22503,3.2500,-52.2500
22504,3.2500,-52.0000
22505,3.2500,-51.7500
22506,3.2500,-51.5000
22507,3.2500,-51.2500
22532,3.5000,-71.5000
22533,3.5000,-71.2500
22534,3.5000,-71.0000
22535,3.5000,-70.7500
22536,3.5000,-70.5000
22537,3.5000,-70.2500
22538,3.5000,-70.0000
22539,3.5000,-69.7500
22540,3.5000,-69.5000
22541,3.5000,-69.2500
22542,3.5000,-69.0000
22543,3.5000,-68.7500
22544,3.5000,-68.5000
22545,3.5000,-68.2500
22546,3.5000,-68.0000
22547,3.5000,-67.7500
22548,3.5000,-67.5000
22549,3.5000,-67.2500
22550,3.5000,-67.0000
22551,3.5000,-66.7500
22552,3.5000,-66.5000
22553,3.5000,-66.2500
22554,3.5000,-66.0000
22555,3.5000,-65.7500
22556,3.5000,-65.5000
22557,3.5000,-65.2500
22558,3.5000,-65.0000
22559,3.5000,-64.7500
22560,3.5000,-64.5000
22561,3.5000,-64.2500
22562,3.5000,-64.0000
22563,3.5000,-63.7500
22564,3.5000,-63.5000
22565,3.5000,-63.2500
22566,3.5000,-63.0000
22567,3.5000,-62.7500
22568,3.5000,-62.5000
22569,3.5000,-62.2500
22570,3.5000,-62.0000
22571,3.5000,-61.7500
22572,3.5000,-61.5000
22573,3.5000,-61.2500
22574,3.5000,-61.0000
22575,3.5000,-60.7500
22576,3.5000,-60.5000
22577,3.5000,-60.2500
22578,3.5000,-60.0000
22579,3.5000,-59.7500
22580,3.5000,-59.5000
22581,3.5000,-59.2500
22582,3.5000,-59.0000
22583,3.5000,-58.7500
22584,3.5000,-58.5000
22585,3.5000,-58.2500
22586,3.5000,-58.0000
22587,3.5000,-57.7500
22588,3.5000,-57.5000
22589,3.5000,-57.2500
22590,3.5000,-57.0000
22591,3.5000,-56.7500
22592,3.5000,-56.5000
22593,3.5000,-56.2500
22594,3.5000,-56.0000
22595,3.5000,-55.7500
22596,3.5000,-55.5000
22597,3.5000,-55.2500
22598,3.5000,-55.0000
22599,3.5000,-54.7500
22600,3.5000,-54.5000
22601,3.5000,-54.2500
22602,3.5000,-54.0000
22603,3.5000,-53.7500
22604,3.5000,-53.5000
22605,3.5000,-53.2500
22606,3.5000,-53.0000
22607,3.5000,-52.7500
22608,3.5000,-52.5000
22609,3.5000,-52.2500
22610,3.5000,-52.0000
22611,3.5000,-51.7500
22612,3.5000,-51.5000
22613,3.5000,-51.2500
22638,3.7500,-71.0000
22639,3.7500,-70.7500
22640,3.7500,-70.5000
22641,3.7500,-70.2500
22642,3.7500,-70.0000
22643,3.7500,-69.7500
22644,3.7500,-69.5000
22645,3.7500,-69.2500
22646,3.7500,-69.0000
22647,3.7500,-68.7500
22648,3.7500,-68.5000
22649,3.7500,-68.2500
22650,3.7500,-68.0000
22651,3.7500,-67.7500
22652,3.7500,-67.5000
22653,3.7500,-67.2500
22654,3.7500,-67.0000
22655,3.7500,-66.7500
22656,3.7500,-66.5000
22657,3.7500,-66.2500
22658,3.7500,-66.0000
22659,3.7500,-65.7500
22660,3.7500,-65.5000
22661,3.7500,-65.2500
22662,3.7500,-65.0000
22663,3.7500,-64.7500
22664,3.7500,-64.5000
22665,3.7500,-64.2500
22666,3.7500,-64.0000
22667,3.7500,-63.7500
22668,3.7500,-63.5000
22669,3.7500,-63.2500
22670,3.7500,-63.0000
22671,3.7500,-62.7500
22672,3.7500,-62.5000
22673,3.7500,-62.2500
22674,3.7500,-62.0000
22675,3.7500,-61.7500
22676,3.7500,-61.5000
22677,3.7500,-61.2500
22678,3.7500,-61.0000
22679,3.7500,-60.7500
22680,3.7500,-60.5000
22681,3.7500,-60.2500
22682,3.7500,-60.0000
22683,3.7500,-59.7500
22684,3.7500,-59.5000
22685,3.7500,-59.2500
22686,3.7500,-59.0000
22687,3.7500,-58.7500
22688,3.7500,-58.5000
22689,3.7500,-58.2500
22690,3.7500,-58.0000
22691,3.7500,-57.7500
22692,3.7500,-57.5000
22693,3.7500,-57.2500
22694,3.7500,-57.0000
22695,3.7500,-56.7500
22696,3.7500,-56.5000
22697,3.7500,-56.2500
22698,3.7500,-56.0000
22699,3.7500,-55.7500
22700,3.7500,-55.5000
22701,3.7500,-55.2500
22702,3.7500,-55.0000
22703,3.7500,-54.7500
22704,3.7500,-54.5000
22705,3.7500,-54.2500
22706,3.7500,-54.0000
22707,3.7500,-53.7500
22708,3.7500,-53.5000
22709,3.7500,-53.2500
22710,3.7500,-53.0000
22711,3.7500,-52.7500
22712,3.7500,-52.5000
22713,3.7500,-52.2500
22714,3.7500,-52.0000
22715,3.7500,-51.7500
22716,3.7500,-51.5000
22717,3.7500,-51.2500
22745,4.0000,-70.5000
22746,4.0000,-70.2500
22747,4.0000,-70.0000
22748,4.0000,-69.7500
22749,4.0000,-69.5000
22750,4.0000,-69.2500
22751,4.0000,-69.0000
22752,4.0000,-68.7500
22753,4.0000,-68.5000
22754,4.0000,-68.2500
22755,4.0000,-68.0000
22756,4.0000,-67.7500
22757,4.0000,-67.5000
22758,4.0000,-67.2500
22759,4.0000,-67.0000
22760,4.0000,-66.7500
22761,4.0000,-66.5000
22762,4.0000,-66.2500
22763,4.0000,-66.0000
22764,4.0000,-65.7500
22765,4.0000,-65.5000
22766,4.0000,-65.2500
22767,4.0000,-65.0000
22768,4.0000,-64.7500
22769,4.0000,-64.5000
22770,4.0000,-64.2500
22771,4.0000,-64.0000
22772,4.0000,-63.7500
22773,4.0000,-63.5000
22774,4.0000,-63.2500
22775,4.0000,-63.0000
22776,4.0000,-62.7500
22777,4.0000,-62.5000
22778,4.0000,-62.2500
22779,4.0000,-62.0000
22780,4.0000,-61.7500
22781,4.0000,-61.5000
22782,4.0000,-61.2500
22783,4.0000,-61.0000
22784,4.0000,-60.7500
22785,4.0000,-60.5000
22786,4.0000,-60.2500
22787,4.0000,-60.0000
22788,4.0000,-59.7500
22789,4.0000,-59.5000
22790,4.0000,-59.2500
22791,4.0000,-59.0000
22792,4.0000,-58.7500
22793,4.0000,-58.5000
22794,4.0000,-58.2500
22795,4.0000,-58.0000
22796,4.0000,-57.7500
22797,4.0000,-57.5000
22798,4.0000,-57.2500
22799,4.0000,-57.0000
22800,4.0000,-56.7500
22801,4.0000,-56.5000
22802,4.0000,-56.2500
22803,4.0000,-56.0000
22804,4.0000,-55.7500
22805,4.0000,-55.5000
22806,4.0000,-55.2500
22807,4.0000,-55.0000
22808,4.0000,-54.7500
22809,4.0000,-54.5000
22810,4.0000,-54.2500
22811,4.0000,-54.0000
22812,4.0000,-53.7500
22813,4.0000,-53.5000
22814,4.0000,-53.2500
22815,4.0000,-53.0000
22816,4.0000,-52.7500
22817,4.0000,-52.5000
22818,4.0000,-52.2500
22819,4.0000,-52.0000
22820,4.0000,-51.7500
22821,4.0000,-51.5000
22822,4.0000,-51.2500
22852,4.2500,-70.0000
22853,4.2500,-69.7500
22854,4.2500,-69.5000
22855,4.2500,-69.2500
22856,4.2500,-69.0000
22857,4.2500,-68.7500
22858,4.2500,-68.5000
22859,4.2500,-68.2500
22860,4.2500,-68.0000
22861,4.2500,-67.7500
22862,4.2500,-67.5000
22863,4.2500,-67.2500
22864,4.2500,-67.0000
22865,4.2500,-66.7500
22866,4.2500,-66.5000
22867,4.2500,-66.2500
22868,4.2500,-66.0000
22869,4.2500,-65.7500
22870,4.2500,-65.5000
22871,4.2500,-65.2500
22872,4.2500,-65.0000
22873,4.2500,-64.7500
22874,4.2500,-64.5000
22875,4.2500,-64.2500
22876,4.2500,-64.0000
22877,4.2500,-63.7500
22878,4.2500,-63.5000
22879,4.2500,-63.2500
22880,4.2500,-63.0000
22881,4.2500,-62.7500
22882,4.2500,-62.5000
22883,4.2500,-62.2500
22884,4.2500,-62.0000
22885,4.2500,-61.7500
22886,4.2500,-61.5000
22887,4.2500,-61.2500
22888,4.2500,-61.0000
22889,4.2500,-60.7500
22890,4.2500,-60.5000
22891,4.2500,-60.2500
22892,4.2500,-60.0000
22893,4.2500,-59.7500
22894,4.2500,-59.5000
22895,4.2500,-59.2500
22896,4.2500,-59.0000
22897,4.2500,-58.7500
22898,4.2500,-58.5000
22899,4.2500,-58.2500
22900,4.2500,-58.0000
22901,4.2500,-57.7500
22902,4.2500,-57.5000
22903,4.2500,-57.2500
22904,4.2500,-57.0000
22905,4.2500,-56.7500
22906,4.2500,-56.5000
22907,4.2500,-56.2500
22908,4.2500,-56.0000
22909,4.2500,-55.7500
22910,4.2500,-55.5000
22911,4.2500,-55.2500
22912,4.2500,-55.0000
22913,4.2500,-54.7500
22914,4.2500,-54.5000
22915,4.2500,-54.2500
22916,4.2500,-54.0000
22917,4.2500,-53.7500
22918,4.2500,-53.5000
22919,4.2500,-53.2500
22920,4.2500,-53.0000
22921,4.2500,-52.7500
22922,4.2500,-52.5000
22923,4.2500,-52.2500
22924,4.2500,-52.0000
22925,4.2500,-51.7500
22960,4.5000,-68.7500
22961,4.5000,-68.5000
22962,4.5000,-68.2500
22963,4.5000,-68.0000
22964,4.5000,-67.7500
22965,4.5000,-67.5000
22966,4.5000,-67.2500
22967,4.5000,-67.0000
22968,4.5000,-66.7500
22969,4.5000,-66.5000
22970,4.5000,-66.2500
22971,4.5000,-66.0000
22972,4.5000,-65.7500
22973,4.5000,-65.5000
22974,4.5000,-65.2500
22975,4.5000,-65.0000
22976,4.5000,-64.7500
22977,4.5000,-64.5000
22978,4.5000,-64.2500
22979,4.5000,-64.0000
22980,4.5000,-63.7500
22981,4.5000,-63.5000
22982,4.5000,-63.2500
22983,4.5000,-63.0000
22984,4.5000,-62.7500
22985,4.5000,-62.5000
22986,4.5000,-62.2500
22987,4.5000,-62.0000
22988,4.5000,-61.7500
22989,4.5000,-61.5000
22990,4.5000,-61.2500
22991,4.5000,-61.0000
22992,4.5000,-60.7500
22993,4.5000,-60.5000
22994,4.5000,-60.2500
22995,4.5000,-60.0000
22996,4.5000,-59.7500
22997,4.5000,-59.5000
22998,4.5000,-59.2500
22999,4.5000,-59.0000
23000,4.5000,-58.7500
23001,4.5000,-58.5000
23002,4.5000,-58.2500
23003,4.5000,-58.0000
23004,4.5000,-57.7500
23005,4.5000,-57.5000
23006,4.5000,-57.2500
23007,4.5000,-57.0000
23008,4.5000,-56.7500
23009,4.5000,-56.5000
23010,4.5000,-56.2500
23011,4.5000,-56.0000
23012,4.5000,-55.7500
23013,4.5000,-55.5000
23014,4.5000,-55.2500
23015,4.5000,-55.0000
23016,4.5000,-54.7500
23017,4.5000,-54.5000
23018,4.5000,-54.2500
23019,4.5000,-54.0000
23020,4.5000,-53.7500
23021,4.5000,-53.5000
23022,4.5000,-53.2500
23023,4.5000,-53.0000
23024,4.5000,-52.7500
23025,4.5000,-52.5000
23026,4.5000,-52.2500
23027,4.5000,-52.0000
23063,4.7500,-68.5000
23064,4.7500,-68.2500
23065,4.7500,-68.0000
23066,4.7500,-67.7500
23067,4.7500,-67.5000
23068,4.7500,-67.2500
23069,4.7500,-67.0000
23070,4.7500,-66.7500
23071,4.7500,-66.5000
23072,4.7500,-66.2500
23073,4.7500,-66.0000
23074,4.7500,-65.7500
23075,4.7500,-65.5000
23076,4.7500,-65.2500
23077,4.7500,-65.0000
23078,4.7500,-64.7500
23079,4.7500,-64.5000
23080,4.7500,-64.2500
23081,4.7500,-64.0000
23082,4.7500,-63.7500
23083,4.7500,-63.5000
23084,4.7500,-63.2500
23085,4.7500,-63.0000
23086,4.7500,-62.7500
23087,4.7500,-62.5000
23088,4.7500,-62.2500
23089,4.7500,-62.0000
23090,4.7500,-61.7500
23091,4.7500,-61.5000
23092,4.7500,-61.2500
23093,4.7500,-61.0000
23094,4.7500,-60.7500
23095,4.7500,-60.5000
23096,4.7500,-60.2500
23097,4.7500,-60.0000
23098,4.7500,-59.7500
23099,4.7500,-59.5000
23100,4.7500,-59.2500
23101,4.7500,-59.0000
23102,4.7500,-58.7500
23103,4.7500,-58.5000
23104,4.7500,-58.2500
23105,4.7500,-58.0000
23106,4.7500,-57.7500
23107,4.7500,-57.5000
23108,4.7500,-57.2500
23109,4.7500,-57.0000
23110,4.7500,-56.7500
23111,4.7500,-56.5000
23112,4.7500,-56.2500
23113,4.7500,-56.0000
23114,4.7500,-55.7500
23115,4.7500,-55.5000
23116,4.7500,-55.2500
23117,4.7500,-55.0000
23118,4.7500,-54.7500
23119,4.7500,-54.5000
23120,4.7500,-54.2500
23121,4.7500,-54.0000
23122,4.7500,-53.7500
23123,4.7500,-53.5000
23124,4.7500,-53.2500
23125,4.7500,-53.0000
23126,4.7500,-52.7500
23127,4.7500,-52.5000
23128,4.7500,-52.2500
23167,5.0000,-67.7500
23168,5.0000,-67.5000
23169,5.0000,-67.2500
23170,5.0000,-67.0000
23171,5.0000,-66.7500
23172,5.0000,-66.5000
23173,5.0000,-66.2500
23174,5.0000,-66.0000
23175,5.0000,-65.7500
23176,5.0000,-65.5000
23177,5.0000,-65.2500
23178,5.0000,-65.0000
23179,5.0000,-64.7500
23180,5.0000,-64.5000
23181,5.0000,-64.2500
23182,5.0000,-64.0000
23183,5.0000,-63.7500
23184,5.0000,-63.5000
23185,5.0000,-63.2500
23186,5.0000,-63.0000
23187,5.0000,-62.7500
23188,5.0000,-62.5000
23189,5.0000,-62.2500
23190,5.0000,-62.0000
23191,5.0000,-61.7500
23192,5.0000,-61.5000
23193,5.0000,-61.2500
23194,5.0000,-61.0000
23195,5.0000,-60.7500
23196,5.0000,-60.5000
23197,5.0000,-60.2500
23198,5.0000,-60.0000
23199,5.0000,-59.7500
23200,5.0000,-59.5000
23201,5.0000,-59.2500
23202,5.0000,-59.0000
23203,5.0000,-58.7500
23204,5.0000,-58.5000
23205,5.0000,-58.2500
23206,5.0000,-58.0000
23207,5.0000,-57.7500
23208,5.0000,-57.5000
23209,5.0000,-57.2500
23210,5.0000,-57.0000
23211,5.0000,-56.7500
23212,5.0000,-56.5000
23213,5.0000,-56.2500
23214,5.0000,-56.0000
23215,5.0000,-55.7500
23216,5.0000,-55.5000
23217,5.0000,-55.2500
23218,5.0000,-55.0000
23219,5.0000,-54.7500
23220,5.0000,-54.5000
23221,5.0000,-54.2500
23222,5.0000,-54.0000
23223,5.0000,-53.7500
23224,5.0000,-53.5000
23225,5.0000,-53.2500
23226,5.0000,-53.0000
23227,5.0000,-52.7500
23268,5.2500,-67.5000
23269,5.2500,-67.2500
23270,5.2500,-67.0000
23271,5.2500,-66.7500
23272,5.2500,-66.5000
23273,5.2500,-66.2500
23274,5.2500,-66.0000
23275,5.2500,-65.7500
23276,5.2500,-65.5000
23277,5.2500,-65.2500
23278,5.2500,-65.0000
23279,5.2500,-64.7500
23280,5.2500,-64.5000
23281,5.2500,-64.2500
23282,5.2500,-64.0000
23283,5.2500,-63.7500
23284,5.2500,-63.5000
23285,5.2500,-63.2500
23286,5.2500,-63.0000
23287,5.2500,-62.7500
23288,5.2500,-62.5000
23289,5.2500,-62.2500
23290,5.2500,-62.0000
23291,5.2500,-61.7500
23292,5.2500,-61.5000
23293,5.2500,-61.2500
23294,5.2500,-61.0000
23295,5.2500,-60.7500
23296,5.2500,-60.5000
23297,5.2500,-60.2500
23298,5.2500,-60.0000
23299,5.2500,-59.7500
23300,5.2500,-59.5000
23301,5.2500,-59.2500
23302,5.2500,-59.0000
23303,5.2500,-58.7500
23304,5.2500,-58.5000
23305,5.2500,-58.2500
23306,5.2500,-58.0000
23307,5.2500,-57.7500
23308,5.2500,-57.5000
23309,5.2500,-57.2500
23310,5.2500,-57.0000
23311,5.2500,-56.7500
23312,5.2500,-56.5000
23313,5.2500,-56.2500
23314,5.2500,-56.0000
23315,5.2500,-55.7500
23316,5.2500,-55.5000
23317,5.2500,-55.2500
23318,5.2500,-55.0000
23319,5.2500,-54.7500
23320,5.2500,-54.5000
23321,5.2500,-54.2500
23322,5.2500,-54.0000
23323,5.2500,-53.7500
23324,5.2500,-53.5000
23325,5.2500,-53.2500
23326,5.2500,-53.0000
23369,5.5000,-67.2500
23370,5.5000,-67.0000
23371,5.5000,-66.7500
23372,5.5000,-66.5000
23373,5.5000,-66.2500
23374,5.5000,-66.0000
23375,5.5000,-65.7500
23376,5.5000,-65.5000
23377,5.5000,-65.2500
23378,5.5000,-65.0000
23379,5.5000,-64.7500
23380,5.5000,-64.5000
23381,5.5000,-64.2500
23382,5.5000,-64.0000
23383,5.5000,-63.7500
23384,5.5000,-63.5000
23385,5.5000,-63.2500
23386,5.5000,-63.0000
23387,5.5000,-62.7500
23388,5.5000,-62.5000
23389,5.5000,-62.2500
23390,5.5000,-62.0000
23391,5.5000,-61.7500
23392,5.5000,-61.5000
23393,5.5000,-61.2500
23394,5.5000,-61.0000
23395,5.5000,-60.7500
23396,5.5000,-60.5000
23397,5.5000,-60.2500
23398,5.5000,-60.0000
23399,5.5000,-59.7500
23400,5.5000,-59.5000
23401,5.5000,-59.2500
23402,5.5000,-59.0000
23403,5.5000,-58.7500
23404,5.5000,-58.5000
23405,5.5000,-58.2500
23406,5.5000,-58.0000
23407,5.5000,-57.7500
23408,5.5000,-57.5000
23409,5.5000,-57.2500
23410,5.5000,-57.0000
23411,5.5000,-56.7500
23412,5.5000,-56.5000
23413,5.5000,-56.2500
23414,5.5000,-56.0000
23415,5.5000,-55.7500
23416,5.5000,-55.5000
23417,5.5000,-55.2500
23418,5.5000,-55.0000
23419,5.5000,-54.7500
23420,5.5000,-54.5000
23421,5.5000,-54.2500
23422,5.5000,-54.0000
23423,5.5000,-53.7500
23424,5.5000,-53.5000
23425,5.5000,-53.2500
23466,5.7500,-67.2500
23467,5.7500,-67.0000
23468,5.7500,-66.7500
23469,5.7500,-66.5000
23470,5.7500,-66.2500
23471,5.7500,-66.0000
23472,5.7500,-65.7500
23473,5.7500,-65.5000
23474,5.7500,-65.2500
23475,5.7500,-65.0000
23476,5.7500,-64.7500
23477,5.7500,-64.5000
23478,5.7500,-64.2500
23479,5.7500,-64.0000
23480,5.7500,-63.7500
23481,5.7500,-63.5000
23482,5.7500,-63.2500
23483,5.7500,-63.0000
23484,5.7500,-62.7500
23485,5.7500,-62.5000
23486,5.7500,-62.2500
23487,5.7500,-62.0000
23488,5.7500,-61.7500
23489,5.7500,-61.5000
23490,5.7500,-61.2500
23491,5.7500,-61.0000
23492,5.7500,-60.7500
23493,5.7500,-60.5000
23494,5.7500,-60.2500
23495,5.7500,-60.0000
23496,5.7500,-59.7500
23497,5.7500,-59.5000
23498,5.7500,-59.2500
23499,5.7500,-59.0000
23500,5.7500,-58.7500
23501,5.7500,-58.5000
23502,5.7500,-58.2500
23503,5.7500,-58.0000
23504,5.7500,-57.7500
23505,5.7500,-57.5000
23506,5.7500,-57.2500
23507,5.7500,-57.0000
23508,5.7500,-56.7500
23509,5.7500,-56.5000
23510,5.7500,-56.2500
23512,5.7500,-55.7500
23513,5.7500,-55.5000
23514,5.7500,-55.2500
23515,5.7500,-55.0000
23516,5.7500,-54.7500
23517,5.7500,-54.5000
23518,5.7500,-54.2500
23561,6.0000,-67.0000
23562,6.0000,-66.7500
23563,6.0000,-66.5000
23564,6.0000,-66.2500
23565,6.0000,-66.0000
23566,6.0000,-65.7500
23567,6.0000,-65.5000
23568,6.0000,-65.2500
23569,6.0000,-65.0000
23570,6.0000,-64.7500
23571,6.0000,-64.5000
23572,6.0000,-64.2500
23573,6.0000,-64.0000
23574,6.0000,-63.7500
23575,6.0000,-63.5000
23576,6.0000,-63.2500
23577,6.0000,-63.0000
23578,6.0000,-62.7500
23579,6.0000,-62.5000
23580,6.0000,-62.2500
23581,6.0000,-62.0000
23582,6.0000,-61.7500
23583,6.0000,-61.5000
23584,6.0000,-61.2500
23585,6.0000,-61.0000
23586,6.0000,-60.7500
23587,6.0000,-60.5000
23588,6.0000,-60.2500
23589,6.0000,-60.0000
23590,6.0000,-59.7500
23591,6.0000,-59.5000
23592,6.0000,-59.2500
23593,6.0000,-59.0000
23594,6.0000,-58.7500
23595,6.0000,-58.5000
23596,6.0000,-58.2500
23597,6.0000,-58.0000
23598,6.0000,-57.7500
23599,6.0000,-57.5000
23600,6.0000,-57.2500
23644,6.2500,-67.0000
23645,6.2500,-66.7500
23646,6.2500,-66.5000
23647,6.2500,-66.2500
23648,6.2500,-66.0000
23649,6.2500,-65.7500
23650,6.2500,-65.5000
23651,6.2500,-65.2500
23652,6.2500,-65.0000
23653,6.2500,-64.7500
23654,6.2500,-64.5000
23655,6.2500,-64.2500
23656,6.2500,-64.0000
23657,6.2500,-63.7500
23658,6.2500,-63.5000
23659,6.2500,-63.2500
23660,6.2500,-63.0000
23661,6.2500,-62.7500
23662,6.2500,-62.5000
23663,6.2500,-62.2500
23664,6.2500,-62.0000
23665,6.2500,-61.7500
23666,6.2500,-61.5000
23667,6.2500,-61.2500
23668,6.2500,-61.0000
23669,6.2500,-60.7500
23670,6.2500,-60.5000
23671,6.2500,-60.2500
23672,6.2500,-60.0000
23673,6.2500,-59.7500
23674,6.2500,-59.5000
23675,6.2500,-59.2500
23676,6.2500,-59.0000
23677,6.2500,-58.7500
23678,6.2500,-58.5000
23679,6.2500,-58.2500
23680,6.2500,-58.0000
23681,6.2500,-57.7500
23682,6.2500,-57.5000
23725,6.5000,-66.7500
23726,6.5000,-66.5000
23727,6.5000,-66.2500
23728,6.5000,-66.0000
23729,6.5000,-65.7500
23730,6.5000,-65.5000
23731,6.5000,-65.2500
23732,6.5000,-65.0000
23733,6.5000,-64.7500
23734,6.5000,-64.5000
23735,6.5000,-64.2500
23736,6.5000,-64.0000
23737,6.5000,-63.7500
23738,6.5000,-63.5000
23739,6.5000,-63.2500
23740,6.5000,-63.0000
23741,6.5000,-62.7500
23742,6.5000,-62.5000
23743,6.5000,-62.2500
23744,6.5000,-62.0000
23745,6.5000,-61.7500
23746,6.5000,-61.5000
23747,6.5000,-61.2500
23748,6.5000,-61.0000
23749,6.5000,-60.7500
23750,6.5000,-60.5000
23751,6.5000,-60.2500
23752,6.5000,-60.0000
23753,6.5000,-59.7500
23754,6.5000,-59.5000
23755,6.5000,-59.2500
23756,6.5000,-59.0000
23757,6.5000,-58.7500
23758,6.5000,-58.5000
23759,6.5000,-58.2500
23760,6.5000,-58.0000
23761,6.5000,-57.7500
23806,6.7500,-66.5000
23807,6.7500,-66.2500
23808,6.7500,-66.0000
23809,6.7500,-65.7500
23810,6.7500,-65.5000
23811,6.7500,-65.2500
23812,6.7500,-65.0000
23813,6.7500,-64.7500
23814,6.7500,-64.5000
23815,6.7500,-64.2500
23816,6.7500,-64.0000
23819,6.7500,-63.2500
23820,6.7500,-63.0000
23821,6.7500,-62.7500
23822,6.7500,-62.5000
23823,6.7500,-62.2500
23824,6.7500,-62.0000
23825,6.7500,-61.7500
23826,6.7500,-61.5000
23827,6.7500,-61.2500
23828,6.7500,-61.0000
23829,6.7500,-60.7500
23830,6.7500,-60.5000
23831,6.7500,-60.2500
23832,6.7500,-60.0000
23833,6.7500,-59.7500
23834,6.7500,-59.5000
23835,6.7500,-59.2500
23836,6.7500,-59.0000
23837,6.7500,-58.7500
23839,6.7500,-58.2500
23884,7.0000,-66.5000
23887,7.0000,-65.7500
23888,7.0000,-65.5000
23889,7.0000,-65.2500
23890,7.0000,-65.0000
23891,7.0000,-64.7500
23892,7.0000,-64.5000
23893,7.0000,-64.2500
23894,7.0000,-64.0000
23895,7.0000,-63.7500
23898,7.0000,-63.0000
23899,7.0000,-62.7500
23900,7.0000,-62.5000
23901,7.0000,-62.2500
23902,7.0000,-62.0000
23903,7.0000,-61.7500
23904,7.0000,-61.5000
23905,7.0000,-61.2500
23906,7.0000,-61.0000
23907,7.0000,-60.7500
23908,7.0000,-60.5000
23909,7.0000,-60.2500
23910,7.0000,-60.0000
23911,7.0000,-59.7500
23912,7.0000,-59.5000
23913,7.0000,-59.2500
23914,7.0000,-59.0000
23915,7.0000,-58.7500
23916,7.0000,-58.5000
23967,7.2500,-65.5000
23968,7.2500,-65.2500
23969,7.2500,-65.0000
23970,7.2500,-64.7500
23971,7.2500,-64.5000
23972,7.2500,-64.2500
23973,7.2500,-64.0000
23974,7.2500,-63.7500
23978,7.2500,-62.7500
23979,7.2500,-62.5000
23980,7.2500,-62.2500
23981,7.2500,-62.0000
23982,7.2500,-61.7500
23983,7.2500,-61.5000
23984,7.2500,-61.2500
23985,7.2500,-61.0000
23986,7.2500,-60.7500
23987,7.2500,-60.5000
23988,7.2500,-60.2500
23989,7.2500,-60.0000
23990,7.2500,-59.7500
23991,7.2500,-59.5000
23992,7.2500,-59.2500
23993,7.2500,-59.0000
23994,7.2500,-58.7500
23995,7.2500,-58.5000
24052,7.5000,-64.7500
24054,7.5000,-64.2500
24064,7.5000,-61.7500
24065,7.5000,-61.5000
24066,7.5000,-61.2500
24067,7.5000,-61.0000
24068,7.5000,-60.7500
24069,7.5000,-60.5000
24070,7.5000,-60.2500
24071,7.5000,-60.0000
24072,7.5000,-59.7500
24073,7.5000,-59.5000
24074,7.5000,-59.2500
24075,7.5000,-59.0000
24076,7.5000,-58.7500
24147,7.7500,-62.2500
24149,7.7500,-61.7500
24150,7.7500,-61.5000
24151,7.7500,-61.2500
24152,7.7500,-61.0000
24153,7.7500,-60.7500
24154,7.7500,-60.5000
24155,7.7500,-60.2500
24156,7.7500,-60.0000
24157,7.7500,-59.7500
24158,7.7500,-59.5000
24160,7.7500,-59.0000
24228,8.0000,-62.7500
24229,8.0000,-62.5000
24230,8.0000,-62.2500
24231,8.0000,-62.0000
24232,8.0000,-61.7500
24233,8.0000,-61.5000
24234,8.0000,-61.2500
24235,8.0000,-61.0000
24236,8.0000,-60.7500
24237,8.0000,-60.5000
24238,8.0000,-60.2500
24312,8.2500,-62.5000
24313,8.2500,-62.2500
24314,8.2500,-62.0000
24315,8.2500,-61.7500
24316,8.2500,-61.5000
24397,8.5000,-62.2500
24398,8.5000,-62.0000
24399,8.5000,-61.7500
